arquivo;curso_codigo;curriculo_ordinal;curriculo_disciplina;curriculo_ch_horas;numero_ue;topico;ue_ch_horas;destino_disciplina_codigo;fundamento_normativo;fundamento_origem;observacao;motivo_da_exclusao
2.-of-10-6-2025-densm-ciaara-ana-caho-512.2.01.pdf;CAHO;I;INFORMÁTICA APLICADA À HIDROGRAFIA;45;1;SISTEMAS COMPUTACIONAIS;10;3 - CAHO - I;Of no 10-6/2025;oficio;;
2.-of-10-6-2025-densm-ciaara-ana-caho-512.2.01.pdf;CAHO;I;INFORMÁTICA APLICADA À HIDROGRAFIA;45;2;EDITOR DE TEXTO, PLANILHA E APLICATIVO GRÁFICO;8;3 - CAHO - I;Of no 10-6/2025;oficio;;
2.-of-10-6-2025-densm-ciaara-ana-caho-512.2.01.pdf;CAHO;I;INFORMÁTICA APLICADA À HIDROGRAFIA;45;3;SISTEMAS GERENCIADORES DE BANCO DE DADOS;11;3 - CAHO - I;Of no 10-6/2025;oficio;;
2.-of-10-6-2025-densm-ciaara-ana-caho-512.2.01.pdf;CAHO;I;INFORMÁTICA APLICADA À HIDROGRAFIA;45;4;PROGRAMAÇÃO;16;3 - CAHO - I;Of no 10-6/2025;oficio;;
2.-of-10-6-2025-densm-ciaara-ana-caho-512.2.01.pdf;CAHO;II;OCEANOGRAFIA;87;1;PROPRIEDADES DA ÁGUA DO MAR;13;4 - CAHO - II;Of no 10-6/2025;oficio;;
2.-of-10-6-2025-densm-ciaara-ana-caho-512.2.01.pdf;CAHO;II;OCEANOGRAFIA;87;2;O CAMPO DE DENSIDADE;4;4 - CAHO - II;Of no 10-6/2025;oficio;;
2.-of-10-6-2025-densm-ciaara-ana-caho-512.2.01.pdf;CAHO;II;OCEANOGRAFIA;87;3;CAMPO DE GRAVIDADE NO MAR;3;4 - CAHO - II;Of no 10-6/2025;oficio;;
2.-of-10-6-2025-densm-ciaara-ana-caho-512.2.01.pdf;CAHO;II;OCEANOGRAFIA;87;4;O CAMPO DE PRESSÃO;2;4 - CAHO - II;Of no 10-6/2025;oficio;;
2.-of-10-6-2025-densm-ciaara-ana-caho-512.2.01.pdf;CAHO;II;OCEANOGRAFIA;87;5;A EQUAÇÃO DO MOVIMENTO;5;4 - CAHO - II;Of no 10-6/2025;oficio;;
2.-of-10-6-2025-densm-ciaara-ana-caho-512.2.01.pdf;CAHO;II;OCEANOGRAFIA;87;6;O MOVIMENTO GEOSTRÓFICO;3;4 - CAHO - II;Of no 10-6/2025;oficio;;
2.-of-10-6-2025-densm-ciaara-ana-caho-512.2.01.pdf;CAHO;II;OCEANOGRAFIA;87;7;CORRENTES PRODUZIDAS PELO VENTO;5;4 - CAHO - II;Of no 10-6/2025;oficio;;
2.-of-10-6-2025-densm-ciaara-ana-caho-512.2.01.pdf;CAHO;II;OCEANOGRAFIA;87;8;CIRCULAÇÃO GERAL DOS OCEANOS;10;4 - CAHO - II;Of no 10-6/2025;oficio;;
2.-of-10-6-2025-densm-ciaara-ana-caho-512.2.01.pdf;CAHO;II;OCEANOGRAFIA;87;9;ONDAS;10;4 - CAHO - II;Of no 10-6/2025;oficio;;
2.-of-10-6-2025-densm-ciaara-ana-caho-512.2.01.pdf;CAHO;II;OCEANOGRAFIA;87;10;PLANEJAMENTO E EXECUÇÃO DE LEVANTAMENTO OCEANOGRÁFICO;32;4 - CAHO - II;Of no 10-6/2025;oficio;;
2.-of-10-6-2025-densm-ciaara-ana-caho-512.2.01.pdf;CAHO;III;ESTATÍSTICA;39;1;INTRODUÇÃO À ANÁLISE ESTATÍSTICA;4;5 - CAHO - III;Of no 10-6/2025;oficio;;
2.-of-10-6-2025-densm-ciaara-ana-caho-512.2.01.pdf;CAHO;III;ESTATÍSTICA;39;2;INTRODUÇÃO À TEORIA DAS PROBABILIDADES;3;5 - CAHO - III;Of no 10-6/2025;oficio;;
2.-of-10-6-2025-densm-ciaara-ana-caho-512.2.01.pdf;CAHO;III;ESTATÍSTICA;39;3;VARIÁVEIS ALEATÓRIAS;3;5 - CAHO - III;Of no 10-6/2025;oficio;;
2.-of-10-6-2025-densm-ciaara-ana-caho-512.2.01.pdf;CAHO;III;ESTATÍSTICA;39;4;DISTRIBUIÇÕES DE PROBABILIDADE;5;5 - CAHO - III;Of no 10-6/2025;oficio;;
2.-of-10-6-2025-densm-ciaara-ana-caho-512.2.01.pdf;CAHO;III;ESTATÍSTICA;39;5;FUNÇÕES DE VARIÁVEIS ALEATÓRIAS;5;5 - CAHO - III;Of no 10-6/2025;oficio;;
2.-of-10-6-2025-densm-ciaara-ana-caho-512.2.01.pdf;CAHO;III;ESTATÍSTICA;39;6;AMOSTRAGEM ESTATÍSTICA;5;5 - CAHO - III;Of no 10-6/2025;oficio;;
2.-of-10-6-2025-densm-ciaara-ana-caho-512.2.01.pdf;CAHO;III;ESTATÍSTICA;39;7;ESTIMAÇÃO DE PARÂMETROS;3;5 - CAHO - III;Of no 10-6/2025;oficio;;
2.-of-10-6-2025-densm-ciaara-ana-caho-512.2.01.pdf;CAHO;III;ESTATÍSTICA;39;8;TESTE DE HIPÓTESES;3;5 - CAHO - III;Of no 10-6/2025;oficio;;
2.-of-10-6-2025-densm-ciaara-ana-caho-512.2.01.pdf;CAHO;III;ESTATÍSTICA;39;9;AJUSTE DE CURVAS, REGRESSÃO E CORRELAÇÃO;8;5 - CAHO - III;Of no 10-6/2025;oficio;;
2.-of-10-6-2025-densm-ciaara-ana-caho-512.2.01.pdf;CAHO;IV;TOPOGRAFIA;148;1;CONCEITOS INTRODUTÓRIOS;4;6 - CAHO - IV;Of no 10-6/2025;oficio;;
2.-of-10-6-2025-densm-ciaara-ana-caho-512.2.01.pdf;CAHO;IV;TOPOGRAFIA;148;2;MEDIÇÃO DE ÂNGULOS;20;6 - CAHO - IV;Of no 10-6/2025;oficio;;
2.-of-10-6-2025-densm-ciaara-ana-caho-512.2.01.pdf;CAHO;IV;TOPOGRAFIA;148;3;MEDIÇÃO DE DISTÂNCIAS;16;6 - CAHO - IV;Of no 10-6/2025;oficio;;
2.-of-10-6-2025-densm-ciaara-ana-caho-512.2.01.pdf;CAHO;IV;TOPOGRAFIA;148;4;NIVELAMENTO;16;6 - CAHO - IV;Of no 10-6/2025;oficio;;
2.-of-10-6-2025-densm-ciaara-ana-caho-512.2.01.pdf;CAHO;IV;TOPOGRAFIA;148;5;POSICIONAMENTO TOPOGRÁFICO;52;6 - CAHO - IV;Of no 10-6/2025;oficio;;
2.-of-10-6-2025-densm-ciaara-ana-caho-512.2.01.pdf;CAHO;IV;TOPOGRAFIA;148;6;LEVANTAMENTO TOPOGRÁFICO;40;6 - CAHO - IV;Of no 10-6/2025;oficio;;
2.-of-10-6-2025-densm-ciaara-ana-caho-512.2.01.pdf;CAHO;V;METEOROLOGIA;78;1;FUNDAMENTOS E OBSERVAÇÃO DO TEMPO;14;7 - CAHO - V;Of no 10-6/2025;oficio;;
2.-of-10-6-2025-densm-ciaara-ana-caho-512.2.01.pdf;CAHO;V;METEOROLOGIA;78;2;PRESSÃO ATMOSFÉRICA E VENTOS;14;7 - CAHO - V;Of no 10-6/2025;oficio;;
2.-of-10-6-2025-densm-ciaara-ana-caho-512.2.01.pdf;CAHO;V;METEOROLOGIA;78;3;VENTOS E A CIRCULAÇÃO GERAL DA ATMOSFERA;12;7 - CAHO - V;Of no 10-6/2025;oficio;;
2.-of-10-6-2025-densm-ciaara-ana-caho-512.2.01.pdf;CAHO;V;METEOROLOGIA;78;4;PREVISÃO DO TEMPO: SISTEMAS ATMOSFÉRICOS;12;7 - CAHO - V;Of no 10-6/2025;oficio;;
2.-of-10-6-2025-densm-ciaara-ana-caho-512.2.01.pdf;CAHO;V;METEOROLOGIA;78;5;PREVISÃO DO TEMPO: TÉCNICAS DE PREVISÃO;14;7 - CAHO - V;Of no 10-6/2025;oficio;;
2.-of-10-6-2025-densm-ciaara-ana-caho-512.2.01.pdf;CAHO;V;METEOROLOGIA;78;6;METEOROLOGIA APLICADA NA MB;12;7 - CAHO - V;Of no 10-6/2025;oficio;;
2.-of-10-6-2025-densm-ciaara-ana-caho-512.2.01.pdf;CAHO;VI;GEODÉSIA;107;1;INTRODUÇÃO À GEODÉSIA;10;8 - CAHO - VI;Of no 10-6/2025;oficio;;
2.-of-10-6-2025-densm-ciaara-ana-caho-512.2.01.pdf;CAHO;VI;GEODÉSIA;107;2;GEODÉSIA GEOMÉTRICA;13;8 - CAHO - VI;Of no 10-6/2025;oficio;;
2.-of-10-6-2025-densm-ciaara-ana-caho-512.2.01.pdf;CAHO;VI;GEODÉSIA;107;3;GEODÉSIA FÍSICA;8;8 - CAHO - VI;Of no 10-6/2025;oficio;;
2.-of-10-6-2025-densm-ciaara-ana-caho-512.2.01.pdf;CAHO;VI;GEODÉSIA;107;4;SISTEMAS GEODÉSICOS DE REFERÊNCIA;9;8 - CAHO - VI;Of no 10-6/2025;oficio;;
2.-of-10-6-2025-densm-ciaara-ana-caho-512.2.01.pdf;CAHO;VI;GEODÉSIA;107;5;CÁLCULOS GEODÉSICOS;17;8 - CAHO - VI;Of no 10-6/2025;oficio;;
2.-of-10-6-2025-densm-ciaara-ana-caho-512.2.01.pdf;CAHO;VI;GEODÉSIA;107;6;POSICIONAMENTO GEODÉSICO COM SATÉLITES ARTIFICIAIS;50;8 - CAHO - VI;Of no 10-6/2025;oficio;;
2.-of-10-6-2025-densm-ciaara-ana-caho-512.2.01.pdf;CAHO;VII;GEOLOGIA E GEOFÍSICA MARINHA;40;1;GEOLOGIA;4;9 - CAHO - VII;Of no 10-6/2025;oficio;;
2.-of-10-6-2025-densm-ciaara-ana-caho-512.2.01.pdf;CAHO;VII;GEOLOGIA E GEOFÍSICA MARINHA;40;2;ESTRUTURA DA TERRA;2;9 - CAHO - VII;Of no 10-6/2025;oficio;;
2.-of-10-6-2025-densm-ciaara-ana-caho-512.2.01.pdf;CAHO;VII;GEOLOGIA E GEOFÍSICA MARINHA;40;3;TECTÔNICA DE PLACAS;4;9 - CAHO - VII;Of no 10-6/2025;oficio;;
2.-of-10-6-2025-densm-ciaara-ana-caho-512.2.01.pdf;CAHO;VII;GEOLOGIA E GEOFÍSICA MARINHA;40;4;FISIOGRAFIA DO FUNDO OCEÂNICO;4;9 - CAHO - VII;Of no 10-6/2025;oficio;;
2.-of-10-6-2025-densm-ciaara-ana-caho-512.2.01.pdf;CAHO;VII;GEOLOGIA E GEOFÍSICA MARINHA;40;5;TIPOS DE MARGEM;4;9 - CAHO - VII;Of no 10-6/2025;oficio;;
2.-of-10-6-2025-densm-ciaara-ana-caho-512.2.01.pdf;CAHO;VII;GEOLOGIA E GEOFÍSICA MARINHA;40;6;INTRODUÇÃO GERAL À GEOFÍSICA MARINHA;1;9 - CAHO - VII;Of no 10-6/2025;oficio;;
2.-of-10-6-2025-densm-ciaara-ana-caho-512.2.01.pdf;CAHO;VII;GEOLOGIA E GEOFÍSICA MARINHA;40;7;GRAVIMETRIA OCEÂNICA;4;9 - CAHO - VII;Of no 10-6/2025;oficio;;
2.-of-10-6-2025-densm-ciaara-ana-caho-512.2.01.pdf;CAHO;VII;GEOLOGIA E GEOFÍSICA MARINHA;40;8;MÉTODO MAGNETOMÉTRICO MARINHO;4;9 - CAHO - VII;Of no 10-6/2025;oficio;;
2.-of-10-6-2025-densm-ciaara-ana-caho-512.2.01.pdf;CAHO;VII;GEOLOGIA E GEOFÍSICA MARINHA;40;9;MORFOLOGIA E PROCESSOS LITORÂNEOS;5;9 - CAHO - VII;Of no 10-6/2025;oficio;;
2.-of-10-6-2025-densm-ciaara-ana-caho-512.2.01.pdf;CAHO;VII;GEOLOGIA E GEOFÍSICA MARINHA;40;10;SEDIMENTOLOGIA;3;9 - CAHO - VII;Of no 10-6/2025;oficio;;
2.-of-10-6-2025-densm-ciaara-ana-caho-512.2.01.pdf;CAHO;VII;GEOLOGIA E GEOFÍSICA MARINHA;40;11;MÉTODO SÍSMICO MARINHO;5;9 - CAHO - VII;Of no 10-6/2025;oficio;;
2.-of-10-6-2025-densm-ciaara-ana-caho-512.2.01.pdf;CAHO;VIII;AUXÍLIOS À NAVEGAÇÃO;30;1;CONCEITOS BÁSICOS DE AUXÍLIOS À NAVEGAÇÃO;3;10 - CAHO - VIII;Of no 10-6/2025;oficio;;
2.-of-10-6-2025-densm-ciaara-ana-caho-512.2.01.pdf;CAHO;VIII;AUXÍLIOS À NAVEGAÇÃO;30;2;OS AUXÍLIOS À NAVEGAÇÃO E O NAVEGANTE;4;10 - CAHO - VIII;Of no 10-6/2025;oficio;;
2.-of-10-6-2025-densm-ciaara-ana-caho-512.2.01.pdf;CAHO;VIII;AUXÍLIOS À NAVEGAÇÃO;30;3;ESTRUTURAS;3;10 - CAHO - VIII;Of no 10-6/2025;oficio;;
2.-of-10-6-2025-densm-ciaara-ana-caho-512.2.01.pdf;CAHO;VIII;AUXÍLIOS À NAVEGAÇÃO;30;4;EQUIPAMENTOS LUMINOSOS;3;10 - CAHO - VIII;Of no 10-6/2025;oficio;;
2.-of-10-6-2025-densm-ciaara-ana-caho-512.2.01.pdf;CAHO;VIII;AUXÍLIOS À NAVEGAÇÃO;30;5;PROJETOS DE AUXÍLIOS À NAVEGAÇÃO;6;10 - CAHO - VIII;Of no 10-6/2025;oficio;;
2.-of-10-6-2025-densm-ciaara-ana-caho-512.2.01.pdf;CAHO;VIII;AUXÍLIOS À NAVEGAÇÃO;30;6;ADMINISTRAÇÃO DOS AUXÍLIOS À NAVEGAÇÃO;5;10 - CAHO - VIII;Of no 10-6/2025;oficio;;
2.-of-10-6-2025-densm-ciaara-ana-caho-512.2.01.pdf;CAHO;VIII;AUXÍLIOS À NAVEGAÇÃO;30;7;NOVAS TECNOLOGIAS, SISTEMAS E MÉTODOS DE AUXÍLIOS À NAVEGAÇÃO;6;10 - CAHO - VIII;Of no 10-6/2025;oficio;;
2.-of-10-6-2025-densm-ciaara-ana-caho-512.2.01.pdf;CAHO;IX;CARTOGRAFIA;41;1;CONCEITOS INTRODUTÓRIOS;4;11 - CAHO - IX;Of no 10-6/2025;oficio;;
2.-of-10-6-2025-densm-ciaara-ana-caho-512.2.01.pdf;CAHO;IX;CARTOGRAFIA;41;2;DATUM E COORDENADAS;7;11 - CAHO - IX;Of no 10-6/2025;oficio;;
2.-of-10-6-2025-densm-ciaara-ana-caho-512.2.01.pdf;CAHO;IX;CARTOGRAFIA;41;3;CONVENÇÕES CARTOGRÁFICAS;5;11 - CAHO - IX;Of no 10-6/2025;oficio;;
2.-of-10-6-2025-densm-ciaara-ana-caho-512.2.01.pdf;CAHO;IX;CARTOGRAFIA;41;4;PROJEÇÕES CARTOGRÁFICAS;7;11 - CAHO - IX;Of no 10-6/2025;oficio;;
2.-of-10-6-2025-densm-ciaara-ana-caho-512.2.01.pdf;CAHO;IX;CARTOGRAFIA;41;5;PROJEÇÃO DE MERCATOR;6;11 - CAHO - IX;Of no 10-6/2025;oficio;;
2.-of-10-6-2025-densm-ciaara-ana-caho-512.2.01.pdf;CAHO;IX;CARTOGRAFIA;41;6;PROJEÇÕES TRANSVERSAIS DE MERCATOR;12;11 - CAHO - IX;Of no 10-6/2025;oficio;;
2.-of-10-6-2025-densm-ciaara-ana-caho-512.2.01.pdf;CAHO;X;MARÉS;86;1;O FENÔMENO DA MARÉ;3;12 - CAHO - X;Of no 10-6/2025;oficio;;
2.-of-10-6-2025-densm-ciaara-ana-caho-512.2.01.pdf;CAHO;X;MARÉS;86;2;FORÇAS GERADORAS DE MARÉ;6;12 - CAHO - X;Of no 10-6/2025;oficio;;
2.-of-10-6-2025-densm-ciaara-ana-caho-512.2.01.pdf;CAHO;X;MARÉS;86;3;MARÉ DE EQUILÍBRIO;9;12 - CAHO - X;Of no 10-6/2025;oficio;;
2.-of-10-6-2025-densm-ciaara-ana-caho-512.2.01.pdf;CAHO;X;MARÉS;86;4;MOVIMENTOS DA LUA E DO SOL;8;12 - CAHO - X;Of no 10-6/2025;oficio;;
2.-of-10-6-2025-densm-ciaara-ana-caho-512.2.01.pdf;CAHO;X;MARÉS;86;5;DESENVOLVIMENTO HARMÔNICO DA MARÉ;6;12 - CAHO - X;Of no 10-6/2025;oficio;;
2.-of-10-6-2025-densm-ciaara-ana-caho-512.2.01.pdf;CAHO;X;MARÉS;86;6;ANÁLISES ESPECTRAL E HARMÔNICA DA MARÉ;14;12 - CAHO - X;Of no 10-6/2025;oficio;;
2.-of-10-6-2025-densm-ciaara-ana-caho-512.2.01.pdf;CAHO;X;MARÉS;86;7;MARÉS EM ÁGUAS RASAS;6;12 - CAHO - X;Of no 10-6/2025;oficio;;
2.-of-10-6-2025-densm-ciaara-ana-caho-512.2.01.pdf;CAHO;X;MARÉS;86;8;MÉTODOS DE PREVISÃO DE MARÉS;6;12 - CAHO - X;Of no 10-6/2025;oficio;;
2.-of-10-6-2025-densm-ciaara-ana-caho-512.2.01.pdf;CAHO;X;MARÉS;86;9;CORRENTES DE MARÉ;6;12 - CAHO - X;Of no 10-6/2025;oficio;;
2.-of-10-6-2025-densm-ciaara-ana-caho-512.2.01.pdf;CAHO;X;MARÉS;86;10;ESTAÇÃO MAREGRÁFICA;8;12 - CAHO - X;Of no 10-6/2025;oficio;;
2.-of-10-6-2025-densm-ciaara-ana-caho-512.2.01.pdf;CAHO;X;MARÉS;86;11;REDUÇÃO DE SONDAGENS;14;12 - CAHO - X;Of no 10-6/2025;oficio;;
2.-of-10-6-2025-densm-ciaara-ana-caho-512.2.01.pdf;CAHO;XI;NAVEGAÇÃO: SISTEMAS E NORMAS;49;1;PUBLICAÇÕES DE AUXÍLIO À NAVEGAÇÃO;5;13 - CAHO - XI;Of no 10-6/2025;oficio;;
2.-of-10-6-2025-densm-ciaara-ana-caho-512.2.01.pdf;CAHO;XI;NAVEGAÇÃO: SISTEMAS E NORMAS;49;2;LEGISLAÇÃO REFERENTE À SEGURANÇA DA NAVEGAÇÃO;7;13 - CAHO - XI;Of no 10-6/2025;oficio;;
2.-of-10-6-2025-densm-ciaara-ana-caho-512.2.01.pdf;CAHO;XI;NAVEGAÇÃO: SISTEMAS E NORMAS;49;3;CONVENÇÃO DAS NAÇÕES UNIDAS SOBRE O DIREITO DO MAR (CNDUM);4;13 - CAHO - XI;Of no 10-6/2025;oficio;;
2.-of-10-6-2025-densm-ciaara-ana-caho-512.2.01.pdf;CAHO;XI;NAVEGAÇÃO: SISTEMAS E NORMAS;49;4;RESPONSABILIDADE CIVIL DO HIDRÓGRAFO;6;13 - CAHO - XI;Of no 10-6/2025;oficio;;
2.-of-10-6-2025-densm-ciaara-ana-caho-512.2.01.pdf;CAHO;XI;NAVEGAÇÃO: SISTEMAS E NORMAS;49;5;CARTAS NÁUTICAS, SISTEMAS DE APRESENTAÇÃO DE CARTAS ELETRÔNICAS (ECDIS e ECS);12;13 - CAHO - XI;Of no 10-6/2025;oficio;;
2.-of-10-6-2025-densm-ciaara-ana-caho-512.2.01.pdf;CAHO;XI;NAVEGAÇÃO: SISTEMAS E NORMAS;49;6;SISTEMAS DE POSICIONAMENTO E DE MONITORAMENTO MARÍTIMO;15;13 - CAHO - XI;Of no 10-6/2025;oficio;;
2.-of-10-6-2025-densm-ciaara-ana-caho-512.2.01.pdf;CAHO;XII;AGULHAS NÁUTICAS;32;1;INTRODUÇÃO ÀS AGULHAS NÁUTICAS;2;14 - CAHO - XII;Of no 10-6/2025;oficio;;
2.-of-10-6-2025-densm-ciaara-ana-caho-512.2.01.pdf;CAHO;XII;AGULHAS NÁUTICAS;32;2;MAGNETISMO;2;14 - CAHO - XII;Of no 10-6/2025;oficio;;
2.-of-10-6-2025-densm-ciaara-ana-caho-512.2.01.pdf;CAHO;XII;AGULHAS NÁUTICAS;32;3;TEORIA DOS DESVIOS;3;14 - CAHO - XII;Of no 10-6/2025;oficio;;
2.-of-10-6-2025-densm-ciaara-ana-caho-512.2.01.pdf;CAHO;XII;AGULHAS NÁUTICAS;32;4;AGULHAS MAGNÉTICAS;2;14 - CAHO - XII;Of no 10-6/2025;oficio;;
2.-of-10-6-2025-densm-ciaara-ana-caho-512.2.01.pdf;CAHO;XII;AGULHAS NÁUTICAS;32;5;COMPENSAÇÃO DE AGULHAS MAGNÉTICAS;8;14 - CAHO - XII;Of no 10-6/2025;oficio;;
2.-of-10-6-2025-densm-ciaara-ana-caho-512.2.01.pdf;CAHO;XII;AGULHAS NÁUTICAS;32;6;EXECUÇÃO DA COMPENSAÇÃO;15;14 - CAHO - XII;Of no 10-6/2025;oficio;;
2.-of-10-6-2025-densm-ciaara-ana-caho-512.2.01.pdf;CAHO;XIII;ACÚSTICA SUBMARINA;47;1;NOÇÕES DE ACÚSTICA;7;15 - CAHO - XIII;Of no 10-6/2025;oficio;;
2.-of-10-6-2025-densm-ciaara-ana-caho-512.2.01.pdf;CAHO;XIII;ACÚSTICA SUBMARINA;47;2;FUNDAMENTOS DE ACÚSTICA SUBMARINA;13;15 - CAHO - XIII;Of no 10-6/2025;oficio;;
2.-of-10-6-2025-densm-ciaara-ana-caho-512.2.01.pdf;CAHO;XIII;ACÚSTICA SUBMARINA;47;3;INTRODUÇÃO AO PROCESSAMENTO DE SINAIS ACÚSTICOS;8;15 - CAHO - XIII;Of no 10-6/2025;oficio;;
2.-of-10-6-2025-densm-ciaara-ana-caho-512.2.01.pdf;CAHO;XIII;ACÚSTICA SUBMARINA;47;4;A EQUAÇÃO SONAR;4;15 - CAHO - XIII;Of no 10-6/2025;oficio;;
2.-of-10-6-2025-densm-ciaara-ana-caho-512.2.01.pdf;CAHO;XIII;ACÚSTICA SUBMARINA;47;5;SISTEMAS ACÚSTICOS;15;15 - CAHO - XIII;Of no 10-6/2025;oficio;;
2.-of-10-6-2025-densm-ciaara-ana-caho-512.2.01.pdf;CAHO;XIV;SENSORIAMENTO REMOTO, AEROFOTOGRAMETRIA e LiDAR;60;1;AEROFOTOGRAMETRIA;4;16 - CAHO - XIV;Of no 10-6/2025;oficio;;
2.-of-10-6-2025-densm-ciaara-ana-caho-512.2.01.pdf;CAHO;XIV;SENSORIAMENTO REMOTO, AEROFOTOGRAMETRIA e LiDAR;60;2;CONCEITOS BÁSICOS PARA TRABALHO COM FOTOGRAFIAS;7;16 - CAHO - XIV;Of no 10-6/2025;oficio;;
2.-of-10-6-2025-densm-ciaara-ana-caho-512.2.01.pdf;CAHO;XIV;SENSORIAMENTO REMOTO, AEROFOTOGRAMETRIA e LiDAR;60;3;OPERAÇÕES AEROFOTOGRAMÉTRICAS NOS LH;5;16 - CAHO - XIV;Of no 10-6/2025;oficio;;
2.-of-10-6-2025-densm-ciaara-ana-caho-512.2.01.pdf;CAHO;XIV;SENSORIAMENTO REMOTO, AEROFOTOGRAMETRIA e LiDAR;60;4;SENSORIAMENTO REMOTO;17;16 - CAHO - XIV;Of no 10-6/2025;oficio;;
2.-of-10-6-2025-densm-ciaara-ana-caho-512.2.01.pdf;CAHO;XIV;SENSORIAMENTO REMOTO, AEROFOTOGRAMETRIA e LiDAR;60;5;APLICATIVOS DO SENSORIAMENTO REMOTO;11;16 - CAHO - XIV;Of no 10-6/2025;oficio;;
2.-of-10-6-2025-densm-ciaara-ana-caho-512.2.01.pdf;CAHO;XIV;SENSORIAMENTO REMOTO, AEROFOTOGRAMETRIA e LiDAR;60;6;TÉCNICAS NÃO ACÚSTICAS DE BATIMETRIA;16;16 - CAHO - XIV;Of no 10-6/2025;oficio;;
2.-of-10-6-2025-densm-ciaara-ana-caho-512.2.01.pdf;CAHO;XV;GERENCIAMENTO DE DADOS HIDROGRÁFICOS;35;1;A CARTOGRAFIA NÁUTICA BRASILEIRA;8;17 - CAHO - XV;Of no 10-6/2025;oficio;;
2.-of-10-6-2025-densm-ciaara-ana-caho-512.2.01.pdf;CAHO;XV;GERENCIAMENTO DE DADOS HIDROGRÁFICOS;35;2;NORMAS DA ORGANIZAÇÃO HIDROGRÁFICA INTERNACIONAL;6;17 - CAHO - XV;Of no 10-6/2025;oficio;;
2.-of-10-6-2025-densm-ciaara-ana-caho-512.2.01.pdf;CAHO;XV;GERENCIAMENTO DE DADOS HIDROGRÁFICOS;35;3;BANCOS DE DADOS E INFRAESTRUTURAS DE DADOS ESPACIAIS MARINHOS (IDE);8;17 - CAHO - XV;Of no 10-6/2025;oficio;;
2.-of-10-6-2025-densm-ciaara-ana-caho-512.2.01.pdf;CAHO;XV;GERENCIAMENTO DE DADOS HIDROGRÁFICOS;35;4;PROCESSO DA CARTOGRAFIA NÁUTICA BASEADO EM BANCOS DE DADOS ESPACIAIS;13;17 - CAHO - XV;Of no 10-6/2025;oficio;;
2.-of-10-6-2025-densm-ciaara-ana-caho-512.2.01.pdf;CAHO;XVI;HIDROGRAFIA;239;1;LEVANTAMENTO HIDROGRÁFICO (LH);8;18 - CAHO - XVI;Of no 10-6/2025;oficio;;
2.-of-10-6-2025-densm-ciaara-ana-caho-512.2.01.pdf;CAHO;XVI;HIDROGRAFIA;239;2;SISTEMA DE BATIMETRIA;4;18 - CAHO - XVI;Of no 10-6/2025;oficio;;
2.-of-10-6-2025-densm-ciaara-ana-caho-512.2.01.pdf;CAHO;XVI;HIDROGRAFIA;239;3;DETERMINAÇÃO DA PROFUNDIDADE;8;18 - CAHO - XVI;Of no 10-6/2025;oficio;;
2.-of-10-6-2025-densm-ciaara-ana-caho-512.2.01.pdf;CAHO;XVI;HIDROGRAFIA;239;4;SONDAGEM MONOFEIXE;10;18 - CAHO - XVI;Of no 10-6/2025;oficio;;
2.-of-10-6-2025-densm-ciaara-ana-caho-512.2.01.pdf;CAHO;XVI;HIDROGRAFIA;239;5;SONDAGEM MULTIFEIXE;46;18 - CAHO - XVI;Of no 10-6/2025;oficio;;
2.-of-10-6-2025-densm-ciaara-ana-caho-512.2.01.pdf;CAHO;XVI;HIDROGRAFIA;239;6;INSTALAÇÕES DE SENSORES HIDROGRÁFICOS;24;18 - CAHO - XVI;Of no 10-6/2025;oficio;;
2.-of-10-6-2025-densm-ciaara-ana-caho-512.2.01.pdf;CAHO;XVI;HIDROGRAFIA;239;7;COMUNICAÇÕES, ELETRÔNICA E INFORMÁTICA;12;18 - CAHO - XVI;Of no 10-6/2025;oficio;;
2.-of-10-6-2025-densm-ciaara-ana-caho-512.2.01.pdf;CAHO;XVI;HIDROGRAFIA;239;8;VARREDURA;8;18 - CAHO - XVI;Of no 10-6/2025;oficio;;
2.-of-10-6-2025-densm-ciaara-ana-caho-512.2.01.pdf;CAHO;XVI;HIDROGRAFIA;239;9;OUTROS SISTEMAS DE LEVANTAMENTO;4;18 - CAHO - XVI;Of no 10-6/2025;oficio;;
2.-of-10-6-2025-densm-ciaara-ana-caho-512.2.01.pdf;CAHO;XVI;HIDROGRAFIA;239;10;CARACTERIZAÇÃO ACÚSTICA DO FUNDO;3;18 - CAHO - XVI;Of no 10-6/2025;oficio;;
2.-of-10-6-2025-densm-ciaara-ana-caho-512.2.01.pdf;CAHO;XVI;HIDROGRAFIA;239;11;PLANEJAMENTO DE LINHAS DE SONDAGEM E PRÁTICA EM SIMULADOR;8;18 - CAHO - XVI;Of no 10-6/2025;oficio;;
2.-of-10-6-2025-densm-ciaara-ana-caho-512.2.01.pdf;CAHO;XVI;HIDROGRAFIA;239;12;PLANEJAMENTO DE LH;14;18 - CAHO - XVI;Of no 10-6/2025;oficio;;
2.-of-10-6-2025-densm-ciaara-ana-caho-512.2.01.pdf;CAHO;XVI;HIDROGRAFIA;239;13;INSTRUÇÕES TÉCNICAS DA DHN;4;18 - CAHO - XVI;Of no 10-6/2025;oficio;;
2.-of-10-6-2025-densm-ciaara-ana-caho-512.2.01.pdf;CAHO;XVI;HIDROGRAFIA;239;14;HIDROGRAFIA MILITAR;6;18 - CAHO - XVI;Of no 10-6/2025;oficio;;
2.-of-10-6-2025-densm-ciaara-ana-caho-512.2.01.pdf;CAHO;XVI;HIDROGRAFIA;239;15;HIDROGRAFIA APLICADA;40;18 - CAHO - XVI;Of no 10-6/2025;oficio;;
2.-of-10-6-2025-densm-ciaara-ana-caho-512.2.01.pdf;CAHO;XVI;HIDROGRAFIA;239;16;PROCESSAMENTO DE DADOS BATIMÉTRICOS;40;18 - CAHO - XVI;Of no 10-6/2025;oficio;;
2.-of-10-6-2025-densm-ciaara-ana-caho-512.2.01.pdf;CAHO;XVII;TEORIA DOS ERROS;60;1;FUNDAMENTOS DA TEORIA DOS ERROS;11;19 - CAHO - XVII;Of no 10-6/2025;oficio;;
2.-of-10-6-2025-densm-ciaara-ana-caho-512.2.01.pdf;CAHO;XVII;TEORIA DOS ERROS;60;2;PROPAGAÇÃO DE ERROS;19;19 - CAHO - XVII;Of no 10-6/2025;oficio;;
2.-of-10-6-2025-densm-ciaara-ana-caho-512.2.01.pdf;CAHO;XVII;TEORIA DOS ERROS;60;3;QUANTIFICAÇÃO DA INCERTEZA POSICIONAL;7;19 - CAHO - XVII;Of no 10-6/2025;oficio;;
2.-of-10-6-2025-densm-ciaara-ana-caho-512.2.01.pdf;CAHO;XVII;TEORIA DOS ERROS;60;4;AJUSTAMENTO TOPO-GEODÉSICO;23;19 - CAHO - XVII;Of no 10-6/2025;oficio;;
2.-of-10-6-2025-densm-ciaara-ana-caho-512.2.01.pdf;CAHO;XVIII;LEVANTAMENTO HIDROCEANOGRÁFICO DE FIM DE CURSO;200;1;LEVANTAMENTO HIDROCEANOGRÁFICO DE FIM DE CURSO (LHFC);200;20 - CAHO - XVIII;Of no 10-6/2025;oficio;;
2.-of-10-6-2025-densm-ciaara-ana-caho-512.2.01.pdf;CAHO;XIX;TREINAMENTO FÍSICO MILITAR;70;1;CORRIDA;35;21 - CAHO - XIX;Of no 10-6/2025;oficio;;
2.-of-10-6-2025-densm-ciaara-ana-caho-512.2.01.pdf;CAHO;XIX;TREINAMENTO FÍSICO MILITAR;70;2;NATAÇÃO E PERMANÊNCIA DENTRO D’ÁGUA;35;21 - CAHO - XIX;Of no 10-6/2025;oficio;;
2.-of-10-6-2025-densm-ciaara-ana-caho-512.2.01.pdf;CAHO;XX;METODOLOGIA DA PESQUISA;119;1;TÉCNICAS PARA ELABORAÇÃO DE MONOGRAFIAS;2;22 - CAHO - XX;Of no 10-6/2025;oficio;;
2.-of-10-6-2025-densm-ciaara-ana-caho-512.2.01.pdf;CAHO;XX;METODOLOGIA DA PESQUISA;119;2;NORMATIZAÇÃO DO TRABALHO CIENTÍFICO;2;22 - CAHO - XX;Of no 10-6/2025;oficio;;
2.-of-10-6-2025-densm-ciaara-ana-caho-512.2.01.pdf;CAHO;XX;METODOLOGIA DA PESQUISA;119;3;ESTRUTURA DO TRABALHO INDIVIDUAL;4;22 - CAHO - XX;Of no 10-6/2025;oficio;;
2.-of-10-6-2025-densm-ciaara-ana-caho-512.2.01.pdf;CAHO;XX;METODOLOGIA DA PESQUISA;119;4;PESQUISA, DESENVOLVIMENTO E ORIENTAÇÃO;111;22 - CAHO - XX;Of no 10-6/2025;oficio;;
2.-of-10-6-2025-densm-ciaara-ana-caho-512.2.01.pdf;CAHO;MATFIS;NIVELAMENTO DE MATEMÁTICA E FÍSICA;56;1;EMPREGO DOS CONCEITOS DE MATEMÁTICA NA RESOLUÇÃO DE PROBLEMAS PRÁTICOS;28;1 - CAHO - MAT;Of no 10-6/2025;oficio;desdobramento N-3 (conferencia §4.2);
2.-of-10-6-2025-densm-ciaara-ana-caho-512.2.01.pdf;CAHO;MATFIS;NIVELAMENTO DE MATEMÁTICA E FÍSICA;56;2;EMPREGO DOS CONHECIMENTOS DE FÍSICA NA RESOLUÇÃO DE PROBLEMAS PRÁTICOS;28;2 - CAHO - FIS;Of no 10-6/2025;oficio;desdobramento N-3 (conferencia §4.2);
2._of-10-26-2022-densm-ciaara-an-c-apa-aux-nav-sp_0_0.pdf;C-ApA-AuxNav-PR-SP;I;SISTEMAS FLUTUANTES DE POLIETILENO;34;1;ORIENTAÇÕES E DOCUMENTOS DA IALA;4;119 - C-ApA-AuxNav-PR-SP - I;Of no 10-26/2022;oficio;;
2._of-10-26-2022-densm-ciaara-an-c-apa-aux-nav-sp_0_0.pdf;C-ApA-AuxNav-PR-SP;I;SISTEMAS FLUTUANTES DE POLIETILENO;34;2;BOIAS DE POLIETILENO;20;119 - C-ApA-AuxNav-PR-SP - I;Of no 10-26/2022;oficio;;
2._of-10-26-2022-densm-ciaara-an-c-apa-aux-nav-sp_0_0.pdf;C-ApA-AuxNav-PR-SP;I;SISTEMAS FLUTUANTES DE POLIETILENO;34;3;ATIVIDADE PRÁTICA DE PINTURA E REPARO;10;119 - C-ApA-AuxNav-PR-SP - I;Of no 10-26/2022;oficio;;
2._of-10-26-2022-densm-ciaara-an-c-apa-aux-nav-sp_0_0.pdf;C-ApA-AuxNav-PR-SP;II;INGLÊS TÉCNICO APLICADO AOS AUXÍLIOS À NAVEGAÇÃO;28;1;ESTRATÉGIAS DE LEITURA;28;120 - C-ApA-AuxNav-PR-SP - II;Of no 10-26/2022;oficio;;
2._of-10-26-2022-densm-ciaara-an-c-apa-aux-nav-sp_0_0.pdf;C-ApA-AuxNav-PR-SP;III;PROJETO DE CONCLUSÃO DE CURSO;80;1;APRESENTAÇÃO DOS TEMAS;10;121 - C-ApA-AuxNav-PR-SP - III;Of no 10-26/2022;oficio;;
2._of-10-26-2022-densm-ciaara-an-c-apa-aux-nav-sp_0_0.pdf;C-ApA-AuxNav-PR-SP;III;PROJETO DE CONCLUSÃO DE CURSO;80;2;ORIENTAÇÃO DE FORMATAÇÃO, ESTRUTURAÇÃO E COMPOSIÇÃO DO TRABALHO DE FINAL DE CURSO;70;121 - C-ApA-AuxNav-PR-SP - III;Of no 10-26/2022;oficio;;
2._of-10-26-2022-densm-ciaara-an-c-apa-aux-nav-sp_0_0.pdf;C-ApA-AuxNav-PR-SP;IV;RADAR BEACON (RACON) E AIS AtoN;30;1;RADAR BEACON;10;122 - C-ApA-AuxNav-PR-SP - IV;Of no 10-26/2022;oficio;;
2._of-10-26-2022-densm-ciaara-an-c-apa-aux-nav-sp_0_0.pdf;C-ApA-AuxNav-PR-SP;IV;RADAR BEACON (RACON) E AIS AtoN;30;2;AIS AtoN;10;122 - C-ApA-AuxNav-PR-SP - IV;Of no 10-26/2022;oficio;;
2._of-10-26-2022-densm-ciaara-an-c-apa-aux-nav-sp_0_0.pdf;C-ApA-AuxNav-PR-SP;IV;RADAR BEACON (RACON) E AIS AtoN;30;3;ATIVIDADE PRÁTICA;10;122 - C-ApA-AuxNav-PR-SP - IV;Of no 10-26/2022;oficio;;
2._of-10-26-2022-densm-ciaara-an-c-apa-aux-nav-sp_0_0.pdf;C-ApA-AuxNav-PR-SP;V;RADIONAVEGAÇÃO, DGNSS, CONTROLE E MONITORAMENTO REMOTO;24;1;INTRODUÇÃO À RADIONAVEGAÇÃO E DGNSS;24;123 - C-ApA-AuxNav-PR-SP - V;Of no 10-26/2022;oficio;;
2._of-10-26-2022-densm-ciaara-an-c-apa-aux-nav-sp_0_0.pdf;C-ApA-AuxNav-PR-SP;VI;MANUTENÇÃO DE SISTEMAS GERADORES DE CORRENTE ALTERNADA;24;1;SISTEMAS DE ALIMENTAÇÃO DE CA;6;124 - C-ApA-AuxNav-PR-SP - VI;Of no 10-26/2022;oficio;;
2._of-10-26-2022-densm-ciaara-an-c-apa-aux-nav-sp_0_0.pdf;C-ApA-AuxNav-PR-SP;VI;MANUTENÇÃO DE SISTEMAS GERADORES DE CORRENTE ALTERNADA;24;2;GERADORES FOTOVOLTAICOS E EÓLICOS;8;124 - C-ApA-AuxNav-PR-SP - VI;Of no 10-26/2022;oficio;;
2._of-10-26-2022-densm-ciaara-an-c-apa-aux-nav-sp_0_0.pdf;C-ApA-AuxNav-PR-SP;VI;MANUTENÇÃO DE SISTEMAS GERADORES DE CORRENTE ALTERNADA;24;3;SISTEMAS GERADORES A DIESEL E GASOLINA;10;124 - C-ApA-AuxNav-PR-SP - VI;Of no 10-26/2022;oficio;;
2._of-10-26-2022-densm-ciaara-an-c-apa-aux-nav-sp_0_0.pdf;C-ApA-AuxNav-PR-SP;VII;FUNDAMENTOS BÁSICOS PARA A ANÁLISE DE PROJETOS DE AUXÍLIOS À NAVE;40;1;A IMPORTÂNCIA DOS AUXÍLIOS À NAVEGAÇÃO MARÍTIMOS (AtoN);7;125 - C-ApA-AuxNav-PR-SP - VII;Of no 10-26/2022;oficio;;
2._of-10-26-2022-densm-ciaara-an-c-apa-aux-nav-sp_0_0.pdf;C-ApA-AuxNav-PR-SP;VII;FUNDAMENTOS BÁSICOS PARA A ANÁLISE DE PROJETOS DE AUXÍLIOS À NAVE;40;2;A NECESSIDADE DE AtoN;7;125 - C-ApA-AuxNav-PR-SP - VII;Of no 10-26/2022;oficio;;
2._of-10-26-2022-densm-ciaara-an-c-apa-aux-nav-sp_0_0.pdf;C-ApA-AuxNav-PR-SP;VII;FUNDAMENTOS BÁSICOS PARA A ANÁLISE DE PROJETOS DE AUXÍLIOS À NAVE;40;3;CONSIDERAÇÕES GERAIS DOS AUXÍLIOS À NAVEGAÇÃO;6;125 - C-ApA-AuxNav-PR-SP - VII;Of no 10-26/2022;oficio;;
2._of-10-26-2022-densm-ciaara-an-c-apa-aux-nav-sp_0_0.pdf;C-ApA-AuxNav-PR-SP;VII;FUNDAMENTOS BÁSICOS PARA A ANÁLISE DE PROJETOS DE AUXÍLIOS À NAVE;40;4;NOÇÕES DE ANÁLISE DE PROJETOS DE AUXÍLIOS À NAVEGAÇÃO;20;125 - C-ApA-AuxNav-PR-SP - VII;Of no 10-26/2022;oficio;;
2._of-10-31-densm-ciaara-an-capa-pcn-pr-ead_2.pdf;C-ApA-PCN-PR-EAD;PCN-PR-I-EAD;INGLÊS TÉCNICO APLICADO À PRODUÇÃO CARTOGRÁFICA;30;1;ESTRATÉGIAS DE LEITURA;30;126 - C-ApA-PCN-PR-EAD - PCN-PR-I-EAD;Of no 10-31/2022;oficio;;
2._of-10-31-densm-ciaara-an-capa-pcn-pr-ead_2.pdf;C-ApA-PCN-PR-EAD;PCN-PR-II-EAD;INTRODUÇÃO À SEGURANÇA DA NAVEGAÇÃO;40;1;NAVEGAÇÃO SOLAS;10;127 - C-ApA-PCN-PR-EAD - PCN-PR-II-EAD;Of no 10-31/2022;oficio;;
2._of-10-31-densm-ciaara-an-capa-pcn-pr-ead_2.pdf;C-ApA-PCN-PR-EAD;PCN-PR-II-EAD;INTRODUÇÃO À SEGURANÇA DA NAVEGAÇÃO;40;2;DIRETORIA DE HIDROGRAFIA E NAVEGAÇÃO (DHN);10;127 - C-ApA-PCN-PR-EAD - PCN-PR-II-EAD;Of no 10-31/2022;oficio;;
2._of-10-31-densm-ciaara-an-capa-pcn-pr-ead_2.pdf;C-ApA-PCN-PR-EAD;PCN-PR-II-EAD;INTRODUÇÃO À SEGURANÇA DA NAVEGAÇÃO;40;3;CHM;10;127 - C-ApA-PCN-PR-EAD - PCN-PR-II-EAD;Of no 10-31/2022;oficio;;
2._of-10-31-densm-ciaara-an-capa-pcn-pr-ead_2.pdf;C-ApA-PCN-PR-EAD;PCN-PR-II-EAD;INTRODUÇÃO À SEGURANÇA DA NAVEGAÇÃO;40;4;NOÇÕES DE CARTOGRAFIA;10;127 - C-ApA-PCN-PR-EAD - PCN-PR-II-EAD;Of no 10-31/2022;oficio;;
2._of-10-31-densm-ciaara-an-capa-pcn-pr-ead_2.pdf;C-ApA-PCN-PR-EAD;PCN-PR-III-EAD;CARTOGRAFIA NÁUTICA BRASILEIRA;40;1;HISTÓRICO;10;128 - C-ApA-PCN-PR-EAD - PCN-PR-III-EAD;Of no 10-31/2022;oficio;;
2._of-10-31-densm-ciaara-an-capa-pcn-pr-ead_2.pdf;C-ApA-PCN-PR-EAD;PCN-PR-III-EAD;CARTOGRAFIA NÁUTICA BRASILEIRA;40;2;PLANO CARTOGRÁFICO NÁUTICO BRASILEIRO (PCNB);10;128 - C-ApA-PCN-PR-EAD - PCN-PR-III-EAD;Of no 10-31/2022;oficio;;
2._of-10-31-densm-ciaara-an-capa-pcn-pr-ead_2.pdf;C-ApA-PCN-PR-EAD;PCN-PR-III-EAD;CARTOGRAFIA NÁUTICA BRASILEIRA;40;3;ESTRUTURA DO CHM;10;128 - C-ApA-PCN-PR-EAD - PCN-PR-III-EAD;Of no 10-31/2022;oficio;;
2._of-10-31-densm-ciaara-an-capa-pcn-pr-ead_2.pdf;C-ApA-PCN-PR-EAD;PCN-PR-III-EAD;CARTOGRAFIA NÁUTICA BRASILEIRA;40;4;PLANOS DE TRABALHO DA DHN;10;128 - C-ApA-PCN-PR-EAD - PCN-PR-III-EAD;Of no 10-31/2022;oficio;;
2._of-10-31-densm-ciaara-an-capa-pcn-pr-ead_2.pdf;C-ApA-PCN-PR-EAD;PCN-PR-IV-EAD;PRODUÇÃO CARTOGRÁFICA;50;1;TIPOS DE PRODUTOS CARTOGRÁFICOS;10;129 - C-ApA-PCN-PR-EAD - PCN-PR-IV-EAD;Of no 10-31/2022;oficio;;
2._of-10-31-densm-ciaara-an-capa-pcn-pr-ead_2.pdf;C-ApA-PCN-PR-EAD;PCN-PR-IV-EAD;PRODUÇÃO CARTOGRÁFICA;50;2;PRODUÇÃO DE NOVAS EDIÇÕES;40;129 - C-ApA-PCN-PR-EAD - PCN-PR-IV-EAD;Of no 10-31/2022;oficio;;
2._of-10-31-densm-ciaara-an-capa-pcn-pr-ead_2.pdf;C-ApA-PCN-PR-EAD;PCN-PR-V-EAD;ATUALIZAÇÃO CARTOGRÁFICA;40;1;PUBLICAÇÕES DE AUXÍLIOS À NAVEGAÇÃO;10;130 - C-ApA-PCN-PR-EAD - PCN-PR-V-EAD;Of no 10-31/2022;oficio;;
2._of-10-31-densm-ciaara-an-capa-pcn-pr-ead_2.pdf;C-ApA-PCN-PR-EAD;PCN-PR-V-EAD;ATUALIZAÇÃO CARTOGRÁFICA;40;2;AVISOS;20;130 - C-ApA-PCN-PR-EAD - PCN-PR-V-EAD;Of no 10-31/2022;oficio;;
2._of-10-31-densm-ciaara-an-capa-pcn-pr-ead_2.pdf;C-ApA-PCN-PR-EAD;PCN-PR-V-EAD;ATUALIZAÇÃO CARTOGRÁFICA;40;3;ATUALIZAÇÃO CARTOGRÁFICA;10;130 - C-ApA-PCN-PR-EAD - PCN-PR-V-EAD;Of no 10-31/2022;oficio;;
2._of-10-31-densm-ciaara-an-capa-pcn-pr-ead_2.pdf;C-ApA-PCN-PR-EAD;PCN-PR-VI-EAD;DESENVOLVIMENTO PARA O FUTURO;40;1;O MODELO DE DADOS UNIVERSAL (S-100);20;131 - C-ApA-PCN-PR-EAD - PCN-PR-VI-EAD;Of no 10-31/2022;oficio;;
2._of-10-31-densm-ciaara-an-capa-pcn-pr-ead_2.pdf;C-ApA-PCN-PR-EAD;PCN-PR-VI-EAD;DESENVOLVIMENTO PARA O FUTURO;40;2;S-101 e S-401: AS ENC E InlanENC DO FUTURO;20;131 - C-ApA-PCN-PR-EAD - PCN-PR-VI-EAD;Of no 10-31/2022;oficio;;
2._of-10-31-densm-ciaara-an-capa-pcn-pr-ead_2.pdf;C-ApA-PCN-PR-EAD;PCN-PR-VII-EAD;TRABALHO DE FIM DE CURSO;80;1;APRESENTAÇÃO DOS TEMAS;10;132 - C-ApA-PCN-PR-EAD - PCN-PR-VII-EAD;Of no 10-31/2022;oficio;;
2._of-10-31-densm-ciaara-an-capa-pcn-pr-ead_2.pdf;C-ApA-PCN-PR-EAD;PCN-PR-VII-EAD;TRABALHO DE FIM DE CURSO;80;2;ORIENTAÇÃO DE FORMATAÇÃO, ESTRUTURAÇÃO E COMPOSIÇÃO DO TRABALHO DE FINAL DE CURSO;70;132 - C-ApA-PCN-PR-EAD - PCN-PR-VII-EAD;Of no 10-31/2022;oficio;;
4.-of-10-6-2025-densm-ciaara-anc-c-ap-fr.pdf;C-Ap-FR;FR-2201-1012;INSTALAÇÕES ELÉTRICAS;120;1;INSTALAÇÕES ELÉTRICAS;48;42 - C-Ap-FR - I;Of no 10-6/2025;oficio;;
4.-of-10-6-2025-densm-ciaara-anc-c-ap-fr.pdf;C-Ap-FR;FR-2201-1012;INSTALAÇÕES ELÉTRICAS;120;2;DISPOSITIVOS DE PROTEÇÃO;17;42 - C-Ap-FR - I;Of no 10-6/2025;oficio;;
4.-of-10-6-2025-densm-ciaara-anc-c-ap-fr.pdf;C-Ap-FR;FR-2201-1012;INSTALAÇÕES ELÉTRICAS;120;3;ELETRODUTOS, CÁLCULOS E DIMENSIONAMENTOS;37;42 - C-Ap-FR - I;Of no 10-6/2025;oficio;;
4.-of-10-6-2025-densm-ciaara-anc-c-ap-fr.pdf;C-Ap-FR;FR-2201-1012;INSTALAÇÕES ELÉTRICAS;120;4;PRECAUÇÕES DE SEGURANÇA;18;42 - C-Ap-FR - I;Of no 10-6/2025;oficio;;
4.-of-10-6-2025-densm-ciaara-anc-c-ap-fr.pdf;C-Ap-FR;FR-2202-0511;AUXÍLIOS À NAVEGAÇÃO;65;1;AUXÍLIOS À NAVEGAÇÃO;30;43 - C-Ap-FR - II;Of no 10-6/2025;oficio;;
4.-of-10-6-2025-densm-ciaara-anc-c-ap-fr.pdf;C-Ap-FR;FR-2202-0511;AUXÍLIOS À NAVEGAÇÃO;65;2;BALIZAMENTO;10;43 - C-Ap-FR - II;Of no 10-6/2025;oficio;;
4.-of-10-6-2025-densm-ciaara-anc-c-ap-fr.pdf;C-Ap-FR;FR-2202-0511;AUXÍLIOS À NAVEGAÇÃO;65;3;ESTABELECIMENTO, CANCELAMENTO E ALTERAÇÃO DE SINAIS NÁUTICOS DE AUXÍLIOS À NAVEGAÇÃO;15;43 - C-Ap-FR - II;Of no 10-6/2025;oficio;;
4.-of-10-6-2025-densm-ciaara-anc-c-ap-fr.pdf;C-Ap-FR;FR-2202-0511;AUXÍLIOS À NAVEGAÇÃO;65;4;COMUNICAÇÃO DE ALTERAÇÃO EM AUXÍLIOS À NAVEGAÇÃO;10;43 - C-Ap-FR - II;Of no 10-6/2025;oficio;;
4.-of-10-6-2025-densm-ciaara-anc-c-ap-fr.pdf;C-Ap-FR;FR-2203-0325;EQUIPAMENTOS DE AUXÍLIOS À NAVEGAÇÃO;75;1;LANTERNAS ELÉTRICAS PORTÁTEIS;20;44 - C-Ap-FR - III;Of no 10-6/2025;oficio;;
4.-of-10-6-2025-densm-ciaara-anc-c-ap-fr.pdf;C-Ap-FR;FR-2203-0325;EQUIPAMENTOS DE AUXÍLIOS À NAVEGAÇÃO;75;2;LANTERNAS DE DIODO EMISSOR DE LUZ (LED);22;44 - C-Ap-FR - III;Of no 10-6/2025;oficio;;
4.-of-10-6-2025-densm-ciaara-anc-c-ap-fr.pdf;C-Ap-FR;FR-2203-0325;EQUIPAMENTOS DE AUXÍLIOS À NAVEGAÇÃO;75;3;EQUIPAMENTOS AUTOMÁTICOS DE ALTA INTENSIDADE;33;44 - C-Ap-FR - III;Of no 10-6/2025;oficio;;
4.-of-10-6-2025-densm-ciaara-anc-c-ap-fr.pdf;C-Ap-FR;FR-2204-0520;PROJETOS DE AUXÍLIOS À NAVEGAÇÃO;104;1;PESQUISA DE DELINEAMENTO;64;45 - C-Ap-FR - IV;Of no 10-6/2025;oficio;;
4.-of-10-6-2025-densm-ciaara-anc-c-ap-fr.pdf;C-Ap-FR;FR-2204-0520;PROJETOS DE AUXÍLIOS À NAVEGAÇÃO;104;2;LINHA DE FUNDEIO;40;45 - C-Ap-FR - IV;Of no 10-6/2025;oficio;;
4.-of-10-6-2025-densm-ciaara-anc-c-ap-fr.pdf;C-Ap-FR;FR-2205-1014;OPERAÇÕES E ADMINISTRAÇÃO DE AUXÍLIOS À NAVEGAÇÃO;140;1;DADOS OPERACIONAIS SOBRE MEIOS FLUTUANTES;10;46 - C-Ap-FR - V;Of no 10-6/2025;oficio;pareado por grafia: banco abrevia: `OPERACOES E ADM DE AUXILIOS A NAVEGACAO`. CH 140 = 140.;
4.-of-10-6-2025-densm-ciaara-anc-c-ap-fr.pdf;C-Ap-FR;FR-2205-1014;OPERAÇÕES E ADMINISTRAÇÃO DE AUXÍLIOS À NAVEGAÇÃO;140;2;ELABORAÇÃO DE INSTRUÇÕES ESPECIAIS;10;46 - C-Ap-FR - V;Of no 10-6/2025;oficio;pareado por grafia: banco abrevia: `OPERACOES E ADM DE AUXILIOS A NAVEGACAO`. CH 140 = 140.;
4.-of-10-6-2025-densm-ciaara-anc-c-ap-fr.pdf;C-Ap-FR;FR-2205-1014;OPERAÇÕES E ADMINISTRAÇÃO DE AUXÍLIOS À NAVEGAÇÃO;140;3;SISTEMA DE MANUTENÇÃO PLANEJADA DAS OPERAÇÕES DE AUXÍLIOS À NAVEGAÇÃO;35;46 - C-Ap-FR - V;Of no 10-6/2025;oficio;pareado por grafia: banco abrevia: `OPERACOES E ADM DE AUXILIOS A NAVEGACAO`. CH 140 = 140.;
4.-of-10-6-2025-densm-ciaara-anc-c-ap-fr.pdf;C-Ap-FR;FR-2205-1014;OPERAÇÕES E ADMINISTRAÇÃO DE AUXÍLIOS À NAVEGAÇÃO;140;4;ABASTECIMENTO;38;46 - C-Ap-FR - V;Of no 10-6/2025;oficio;pareado por grafia: banco abrevia: `OPERACOES E ADM DE AUXILIOS A NAVEGACAO`. CH 140 = 140.;
4.-of-10-6-2025-densm-ciaara-anc-c-ap-fr.pdf;C-Ap-FR;FR-2205-1014;OPERAÇÕES E ADMINISTRAÇÃO DE AUXÍLIOS À NAVEGAÇÃO;140;5;CONTROLE DE SISTEMAS DE AUXÍLIOS À NAVEGAÇÃO;47;46 - C-Ap-FR - V;Of no 10-6/2025;oficio;pareado por grafia: banco abrevia: `OPERACOES E ADM DE AUXILIOS A NAVEGACAO`. CH 140 = 140.;
4.-of-10-6-2025-densm-ciaara-anc-c-ap-fr.pdf;C-Ap-FR;FR-2206-0253;NAVEGAÇÃO;120;1;PUBLICAÇÕES;25;47 - C-Ap-FR - VI;Of no 10-6/2025;oficio;;
4.-of-10-6-2025-densm-ciaara-anc-c-ap-fr.pdf;C-Ap-FR;FR-2206-0253;NAVEGAÇÃO;120;2;NAVEGAÇÃO COSTEIRA;45;47 - C-Ap-FR - VI;Of no 10-6/2025;oficio;;
4.-of-10-6-2025-densm-ciaara-anc-c-ap-fr.pdf;C-Ap-FR;FR-2206-0253;NAVEGAÇÃO;120;3;ALINHAMENTO;10;47 - C-Ap-FR - VI;Of no 10-6/2025;oficio;;
4.-of-10-6-2025-densm-ciaara-anc-c-ap-fr.pdf;C-Ap-FR;FR-2206-0253;NAVEGAÇÃO;120;4;SEGMENTOS CAPAZES;10;47 - C-Ap-FR - VI;Of no 10-6/2025;oficio;;
4.-of-10-6-2025-densm-ciaara-anc-c-ap-fr.pdf;C-Ap-FR;FR-2206-0253;NAVEGAÇÃO;120;5;CARTA ELETRÔNICA;8;47 - C-Ap-FR - VI;Of no 10-6/2025;oficio;;
4.-of-10-6-2025-densm-ciaara-anc-c-ap-fr.pdf;C-Ap-FR;FR-2206-0253;NAVEGAÇÃO;120;6;ELECTRONIC CHART DISPLAY AND INFORMATION SYSTEM (ECDIS);8;47 - C-Ap-FR - VI;Of no 10-6/2025;oficio;;
4.-of-10-6-2025-densm-ciaara-anc-c-ap-fr.pdf;C-Ap-FR;FR-2206-0253;NAVEGAÇÃO;120;7;E-NAVIGATION;6;47 - C-Ap-FR - VI;Of no 10-6/2025;oficio;;
4.-of-10-6-2025-densm-ciaara-anc-c-ap-fr.pdf;C-Ap-FR;FR-2206-0253;NAVEGAÇÃO;120;8;NORMAS PARA NAVEGAÇÃO NOS NAVIOS DA MB;8;47 - C-Ap-FR - VI;Of no 10-6/2025;oficio;;
4.-of-10-6-2025-densm-ciaara-anc-c-ap-fr.pdf;C-Ap-FR;FR-2207-0510;INGLÊS TÉCNICO;50;1;ESTRUTURA GRAMATICAL I;25;48 - C-Ap-FR - VII;Of no 10-6/2025;oficio;;
4.-of-10-6-2025-densm-ciaara-anc-c-ap-fr.pdf;C-Ap-FR;FR-2207-0510;INGLÊS TÉCNICO;50;2;ESTRUTURA GRAMATICAL II;25;48 - C-Ap-FR - VII;Of no 10-6/2025;oficio;;
4.-of-10-6-2025-densm-ciaara-anc-c-ap-fr.pdf;C-Ap-FR;FR-2208-1010;TOPOGRAFIA;100;1;CONCEITOS MATEMÁTICOS NA REPRESENTAÇÃO DA TERRA E DA CARTA NÁUTICA;4;49 - C-Ap-FR - VIII;Of no 10-6/2025;oficio;;
4.-of-10-6-2025-densm-ciaara-anc-c-ap-fr.pdf;C-Ap-FR;FR-2208-1010;TOPOGRAFIA;100;2;SEMELHANÇA DE TRIÂNGULOS NA NAVEGAÇÃO COSTEIRA;4;49 - C-Ap-FR - VIII;Of no 10-6/2025;oficio;;
4.-of-10-6-2025-densm-ciaara-anc-c-ap-fr.pdf;C-Ap-FR;FR-2208-1010;TOPOGRAFIA;100;3;GEOMETRIA MÉTRICA ESPACIAL APLICADA À TOPOGRAFIA;3;49 - C-Ap-FR - VIII;Of no 10-6/2025;oficio;;
4.-of-10-6-2025-densm-ciaara-anc-c-ap-fr.pdf;C-Ap-FR;FR-2208-1010;TOPOGRAFIA;100;4;MEDIDA DE ÂNGULO;10;49 - C-Ap-FR - VIII;Of no 10-6/2025;oficio;;
4.-of-10-6-2025-densm-ciaara-anc-c-ap-fr.pdf;C-Ap-FR;FR-2208-1010;TOPOGRAFIA;100;5;TOPOGRAFIA;5;49 - C-Ap-FR - VIII;Of no 10-6/2025;oficio;;
4.-of-10-6-2025-densm-ciaara-anc-c-ap-fr.pdf;C-Ap-FR;FR-2208-1010;TOPOGRAFIA;100;6;MEDIDA DE ÂNGULOS EM TOPOGRAFIA;16;49 - C-Ap-FR - VIII;Of no 10-6/2025;oficio;;
4.-of-10-6-2025-densm-ciaara-anc-c-ap-fr.pdf;C-Ap-FR;FR-2208-1010;TOPOGRAFIA;100;7;MEDIDA DE DISTÂNCIAS;10;49 - C-Ap-FR - VIII;Of no 10-6/2025;oficio;;
4.-of-10-6-2025-densm-ciaara-anc-c-ap-fr.pdf;C-Ap-FR;FR-2208-1010;TOPOGRAFIA;100;8;ALTIMETRIA;14;49 - C-Ap-FR - VIII;Of no 10-6/2025;oficio;;
4.-of-10-6-2025-densm-ciaara-anc-c-ap-fr.pdf;C-Ap-FR;FR-2208-1010;TOPOGRAFIA;100;9;SISTEMAS ORBITAIS (RASTREIO);20;49 - C-Ap-FR - VIII;Of no 10-6/2025;oficio;;
4.-of-10-6-2025-densm-ciaara-anc-c-ap-fr.pdf;C-Ap-FR;FR-2208-1010;TOPOGRAFIA;100;10;PLANIMETRIA;14;49 - C-Ap-FR - VIII;Of no 10-6/2025;oficio;;
4.-of-10-6-2025-densm-ciaara-anc-c-ap-fr.pdf;C-Ap-FR;FR-2209-1011;MANUTENÇÃO EM AUXÍLIOS À NAVEGAÇÃO FEITOS DE ALVENARIA;110;1;FERRAMENTAS;4;50 - C-Ap-FR - IX;Of no 10-6/2025;oficio;;
4.-of-10-6-2025-densm-ciaara-anc-c-ap-fr.pdf;C-Ap-FR;FR-2209-1011;MANUTENÇÃO EM AUXÍLIOS À NAVEGAÇÃO FEITOS DE ALVENARIA;110;2;ALVENARIA;32;50 - C-Ap-FR - IX;Of no 10-6/2025;oficio;;
4.-of-10-6-2025-densm-ciaara-anc-c-ap-fr.pdf;C-Ap-FR;FR-2209-1011;MANUTENÇÃO EM AUXÍLIOS À NAVEGAÇÃO FEITOS DE ALVENARIA;110;3;CONCRETO ARMADO;32;50 - C-Ap-FR - IX;Of no 10-6/2025;oficio;;
4.-of-10-6-2025-densm-ciaara-anc-c-ap-fr.pdf;C-Ap-FR;FR-2209-1011;MANUTENÇÃO EM AUXÍLIOS À NAVEGAÇÃO FEITOS DE ALVENARIA;110;4;REPAROS EM CONCRETO ARMADO;15;50 - C-Ap-FR - IX;Of no 10-6/2025;oficio;;
4.-of-10-6-2025-densm-ciaara-anc-c-ap-fr.pdf;C-Ap-FR;FR-2209-1011;MANUTENÇÃO EM AUXÍLIOS À NAVEGAÇÃO FEITOS DE ALVENARIA;110;5;PINTURA;27;50 - C-Ap-FR - IX;Of no 10-6/2025;oficio;;
4.-of-10-6-2025-densm-ciaara-anc-c-ap-fr.pdf;C-Ap-FR;FR-2210-0510;TREINAMENTO FÍSICO MILITAR;40;1;CORRIDA;15;40 - C-Ap-FR - X;Of no 10-6/2025;oficio;"pareado por grafia: banco escreve `TFM.`; conferencia §4.7 confirma TFM = TREINAMENTO FISICO MILITAR. 40 = 40.";
4.-of-10-6-2025-densm-ciaara-anc-c-ap-fr.pdf;C-Ap-FR;FR-2210-0510;TREINAMENTO FÍSICO MILITAR;40;2;NATAÇÃO E PERMANÊNCIA DENTRO D`ÁGUA;25;40 - C-Ap-FR - X;Of no 10-6/2025;oficio;"pareado por grafia: banco escreve `TFM.`; conferencia §4.7 confirma TFM = TREINAMENTO FISICO MILITAR. 40 = 40.";
4.-of-10-6-2025-densm-ciaara-anc-c-ap-fr.pdf;C-Ap-FR;FR-2211-0510;PREVENÇÃO DE ACIDENTES;50;1;SEGURANÇA DO TRABALHO;6;51 - C-Ap-FR - XI;Of no 10-6/2025;oficio;;
4.-of-10-6-2025-densm-ciaara-anc-c-ap-fr.pdf;C-Ap-FR;FR-2211-0510;PREVENÇÃO DE ACIDENTES;50;2;RISCOS AMBIENTAIS;6;51 - C-Ap-FR - XI;Of no 10-6/2025;oficio;;
4.-of-10-6-2025-densm-ciaara-anc-c-ap-fr.pdf;C-Ap-FR;FR-2211-0510;PREVENÇÃO DE ACIDENTES;50;3;MAPA DE RISCOS AMBIENTAIS;6;51 - C-Ap-FR - XI;Of no 10-6/2025;oficio;;
4.-of-10-6-2025-densm-ciaara-anc-c-ap-fr.pdf;C-Ap-FR;FR-2211-0510;PREVENÇÃO DE ACIDENTES;50;4;EQUIPAMENTOS DE PROTEÇÃO;10;51 - C-Ap-FR - XI;Of no 10-6/2025;oficio;;
4.-of-10-6-2025-densm-ciaara-anc-c-ap-fr.pdf;C-Ap-FR;FR-2211-0510;PREVENÇÃO DE ACIDENTES;50;5;INSPEÇÃO DE SEGURANÇA;4;51 - C-Ap-FR - XI;Of no 10-6/2025;oficio;;
4.-of-10-6-2025-densm-ciaara-anc-c-ap-fr.pdf;C-Ap-FR;FR-2211-0510;PREVENÇÃO DE ACIDENTES;50;6;ANÁLISE E INVESTIGAÇÃO;6;51 - C-Ap-FR - XI;Of no 10-6/2025;oficio;;
4.-of-10-6-2025-densm-ciaara-anc-c-ap-fr.pdf;C-Ap-FR;FR-2211-0510;PREVENÇÃO DE ACIDENTES;50;7;LEGISLAÇÃO;5;51 - C-Ap-FR - XI;Of no 10-6/2025;oficio;;
4.-of-10-6-2025-densm-ciaara-anc-c-ap-fr.pdf;C-Ap-FR;FR-2211-0510;PREVENÇÃO DE ACIDENTES;50;8;SEMANA INTERNA DE PREVENÇÃO DE ACIDENTES (SIPAT);7;51 - C-Ap-FR - XI;Of no 10-6/2025;oficio;;
4.-of-10-6-2025-densm-ciaara-anc-c-ap-fr.pdf;C-Ap-FR;FR-2212-0215;EQUIPAMENTOS E SISTEMAS ELETRÔNICOS DE AUXÍLIO À NAVEGAÇÃO;30;1;NAVEGAÇÃO ELETRÔNICA;14;52 - C-Ap-FR - XII;Of no 10-6/2025;oficio;;
4.-of-10-6-2025-densm-ciaara-anc-c-ap-fr.pdf;C-Ap-FR;FR-2212-0215;EQUIPAMENTOS E SISTEMAS ELETRÔNICOS DE AUXÍLIO À NAVEGAÇÃO;30;2;EQUIPAMENTOS E SISTEMAS ELETRÔNICOS DE AUXÍLIO À NAVEGAÇÃO;16;52 - C-Ap-FR - XII;Of no 10-6/2025;oficio;;
4.-of-10-6-2025-densm-ciaara-anc-c-ap-fr.pdf;C-Ap-FR;FR-2213-0820;PRÁTICA DE FIM DE CURSO EM MANUTENÇÃO DE AUXÍLIOS À NAVEGAÇÃO;160;1;NAVEGAÇÃO;35;53 - C-Ap-FR - XIII;Of no 10-6/2025;oficio;pareado por grafia: banco PERDEU a palavra FIM: `PRATICA DE  DE CURSO EM MANUTENCAO...`. §4.7. 160 = 160.;
4.-of-10-6-2025-densm-ciaara-anc-c-ap-fr.pdf;C-Ap-FR;FR-2213-0820;PRÁTICA DE FIM DE CURSO EM MANUTENÇÃO DE AUXÍLIOS À NAVEGAÇÃO;160;2;MANUTENÇÃO EM SINAIS NÁUTICOS DE ALVENARIA;35;53 - C-Ap-FR - XIII;Of no 10-6/2025;oficio;pareado por grafia: banco PERDEU a palavra FIM: `PRATICA DE  DE CURSO EM MANUTENCAO...`. §4.7. 160 = 160.;
4.-of-10-6-2025-densm-ciaara-anc-c-ap-fr.pdf;C-Ap-FR;FR-2213-0820;PRÁTICA DE FIM DE CURSO EM MANUTENÇÃO DE AUXÍLIOS À NAVEGAÇÃO;160;3;EQUIPAMENTOS DE SINALIZAÇÃO NÁUTICA;35;53 - C-Ap-FR - XIII;Of no 10-6/2025;oficio;pareado por grafia: banco PERDEU a palavra FIM: `PRATICA DE  DE CURSO EM MANUTENCAO...`. §4.7. 160 = 160.;
4.-of-10-6-2025-densm-ciaara-anc-c-ap-fr.pdf;C-Ap-FR;FR-2213-0820;PRÁTICA DE FIM DE CURSO EM MANUTENÇÃO DE AUXÍLIOS À NAVEGAÇÃO;160;4;PROJETOS DE AUXÍLIOS À NAVEGAÇÃO;35;53 - C-Ap-FR - XIII;Of no 10-6/2025;oficio;pareado por grafia: banco PERDEU a palavra FIM: `PRATICA DE  DE CURSO EM MANUTENCAO...`. §4.7. 160 = 160.;
4.-of-10-6-2025-densm-ciaara-anc-c-ap-fr.pdf;C-Ap-FR;FR-2213-0820;PRÁTICA DE FIM DE CURSO EM MANUTENÇÃO DE AUXÍLIOS À NAVEGAÇÃO;160;5;ADMINISTRAÇÃO DE AUXÍLIOS À NAVEGAÇÃO;20;53 - C-Ap-FR - XIII;Of no 10-6/2025;oficio;pareado por grafia: banco PERDEU a palavra FIM: `PRATICA DE  DE CURSO EM MANUTENCAO...`. §4.7. 160 = 160.;
c-ap-hn.pdf;C-Ap-HN;HN-2101-0621;MATEMÁTICA E FÍSICA APLICADAS À HIDROGRAFIA;126;1;MATEMÁTICA APLICADA NA RESOLUÇÃO DE PROBLEMAS HIDROGRÁFICOS;48;23 - C-Ap-HN - I;Of no 10-6/2025;oficio;desdobramento N-3 (conferencia §4.2);
c-ap-hn.pdf;C-Ap-HN;HN-2101-0621;MATEMÁTICA E FÍSICA APLICADAS À HIDROGRAFIA;126;2;ESTATÍSTICA;21;23 - C-Ap-HN - I;Of no 10-6/2025;oficio;desdobramento N-3 (conferencia §4.2);
c-ap-hn.pdf;C-Ap-HN;HN-2101-0621;MATEMÁTICA E FÍSICA APLICADAS À HIDROGRAFIA;126;3;FUNDAMENTOS DA TEORIA DOS ERROS;11;23 - C-Ap-HN - I;Of no 10-6/2025;oficio;desdobramento N-3 (conferencia §4.2);
c-ap-hn.pdf;C-Ap-HN;HN-2101-0621;MATEMÁTICA E FÍSICA APLICADAS À HIDROGRAFIA;126;4;PROPAGAÇÃO DE ERROS;7;23 - C-Ap-HN - I;Of no 10-6/2025;oficio;desdobramento N-3 (conferencia §4.2);
c-ap-hn.pdf;C-Ap-HN;HN-2101-0621;MATEMÁTICA E FÍSICA APLICADAS À HIDROGRAFIA;126;5;QUANTIFICAÇÃO DA INCERTEZA POSICIONAL;3;23 - C-Ap-HN - I;Of no 10-6/2025;oficio;desdobramento N-3 (conferencia §4.2);
c-ap-hn.pdf;C-Ap-HN;HN-2101-0621;MATEMÁTICA E FÍSICA APLICADAS À HIDROGRAFIA;126;6;AJUSTAMENTO TOPO-GEODÉSICO;15;23 - C-Ap-HN - I;Of no 10-6/2025;oficio;desdobramento N-3 (conferencia §4.2);
c-ap-hn.pdf;C-Ap-HN;HN-2101-0621;MATEMÁTICA E FÍSICA APLICADAS À HIDROGRAFIA;126;7;FÍSICA;21;24 - C-Ap-HN - I-I;Of no 10-6/2025;oficio;desdobramento N-3 (conferencia §4.2);
c-ap-hn.pdf;C-Ap-HN;HN-2102- 0150;INFORMÁTICA APLICADA À HIDROGRAFIA;51;1;SISTEMAS COMPUTACIONAIS;11;25 - C-Ap-HN - II;Of no 10-6/2025;oficio;pareado por grafia: banco abrevia: `INFO. APLICADA A HIDROGRAFIA`. §4.7 confirma, 51 h.;
c-ap-hn.pdf;C-Ap-HN;HN-2102- 0150;INFORMÁTICA APLICADA À HIDROGRAFIA;51;2;EDITOR DE TEXTO, PLANILHA E APLICATIVO GRÁFICO;4;25 - C-Ap-HN - II;Of no 10-6/2025;oficio;pareado por grafia: banco abrevia: `INFO. APLICADA A HIDROGRAFIA`. §4.7 confirma, 51 h.;
c-ap-hn.pdf;C-Ap-HN;HN-2102- 0150;INFORMÁTICA APLICADA À HIDROGRAFIA;51;3;SISTEMAS DE BANCO DE DADOS;10;25 - C-Ap-HN - II;Of no 10-6/2025;oficio;pareado por grafia: banco abrevia: `INFO. APLICADA A HIDROGRAFIA`. §4.7 confirma, 51 h.;
c-ap-hn.pdf;C-Ap-HN;HN-2102- 0150;INFORMÁTICA APLICADA À HIDROGRAFIA;51;4;PROGRAMAÇÃO;26;25 - C-Ap-HN - II;Of no 10-6/2025;oficio;pareado por grafia: banco abrevia: `INFO. APLICADA A HIDROGRAFIA`. §4.7 confirma, 51 h.;
c-ap-hn.pdf;C-Ap-HN;HN-2103-0508;INGLÊS TÉCNICO;40;1;ESTRUTURA GRAMATICAL I;20;26 - C-Ap-HN - III;Of no 10-6/2025;oficio;;
c-ap-hn.pdf;C-Ap-HN;HN-2103-0508;INGLÊS TÉCNICO;40;2;ESTRUTURA GRAMATICAL II;20;26 - C-Ap-HN - III;Of no 10-6/2025;oficio;;
c-ap-hn.pdf;C-Ap-HN;HN-2104-0610;METEOROLOGIA;60;1;METEOROLOGIA BÁSICA;26;27 - C-Ap-HN - IV;Of no 10-6/2025;oficio;;
c-ap-hn.pdf;C-Ap-HN;HN-2104-0610;METEOROLOGIA;60;2;METEOROLOGIA SINÓTICA;34;27 - C-Ap-HN - IV;Of no 10-6/2025;oficio;;
c-ap-hn.pdf;C-Ap-HN;HN-2105-0428;NAVEGAÇÃO;92;1;PROBLEMA GERAL DA NAVEGAÇÃO;4;28 - C-Ap-HN - V;Of no 10-6/2025;oficio;;
c-ap-hn.pdf;C-Ap-HN;HN-2105-0428;NAVEGAÇÃO;92;2;DISTÂNCIAS, RUMOS E MARCAÇÕES;4;28 - C-Ap-HN - V;Of no 10-6/2025;oficio;;
c-ap-hn.pdf;C-Ap-HN;HN-2105-0428;NAVEGAÇÃO;92;3;POSICIONAMENTO;15;28 - C-Ap-HN - V;Of no 10-6/2025;oficio;;
c-ap-hn.pdf;C-Ap-HN;HN-2105-0428;NAVEGAÇÃO;92;4;CARACTERÍSTICAS DO NAVIO PARA MANOBRA;7;28 - C-Ap-HN - V;Of no 10-6/2025;oficio;;
c-ap-hn.pdf;C-Ap-HN;HN-2105-0428;NAVEGAÇÃO;92;5;REGRAS DE GOVERNO E BALIZAMENTO;5;28 - C-Ap-HN - V;Of no 10-6/2025;oficio;;
c-ap-hn.pdf;C-Ap-HN;HN-2105-0428;NAVEGAÇÃO;92;6;EQUIPAMENTOS USADOS NA NAVEGAÇÃO;18;28 - C-Ap-HN - V;Of no 10-6/2025;oficio;;
c-ap-hn.pdf;C-Ap-HN;HN-2105-0428;NAVEGAÇÃO;92;7;SISTEMAS EMPREGADOS NA NAVEGAÇÃO;13;28 - C-Ap-HN - V;Of no 10-6/2025;oficio;;
c-ap-hn.pdf;C-Ap-HN;HN-2105-0428;NAVEGAÇÃO;92;8;NAVEGAÇÃO INERCIAL;10;28 - C-Ap-HN - V;Of no 10-6/2025;oficio;;
c-ap-hn.pdf;C-Ap-HN;HN-2105-0428;NAVEGAÇÃO;92;9;ASPECTOS PRÁTICOS DA NAVEGAÇÃO;16;28 - C-Ap-HN - V;Of no 10-6/2025;oficio;;
c-ap-hn.pdf;C-Ap-HN;HN-2106-0506;HIDROGRAFIA E NAVEGAÇÃO - ASPECTOS LEGAIS;34;1;PUBLICAÇÕES DE AUXÍLIO À NAVEGAÇÃO;7;29 - C-Ap-HN - VI;Of no 10-6/2025;oficio;;
c-ap-hn.pdf;C-Ap-HN;HN-2106-0506;HIDROGRAFIA E NAVEGAÇÃO - ASPECTOS LEGAIS;34;2;NORMAS DA AUTORIDADE MARÍTIMA;11;29 - C-Ap-HN - VI;Of no 10-6/2025;oficio;;
c-ap-hn.pdf;C-Ap-HN;HN-2106-0506;HIDROGRAFIA E NAVEGAÇÃO - ASPECTOS LEGAIS;34;3;CONVENÇÃO DAS NAÇÕES UNIDAS SOBRE O DIREITO DO MAR (CNUDM);7;29 - C-Ap-HN - VI;Of no 10-6/2025;oficio;;
c-ap-hn.pdf;C-Ap-HN;HN-2106-0506;HIDROGRAFIA E NAVEGAÇÃO - ASPECTOS LEGAIS;34;4;RESPONSABILIDADE CIVIL DO HIDRÓGRAFO;5;29 - C-Ap-HN - VI;Of no 10-6/2025;oficio;;
c-ap-hn.pdf;C-Ap-HN;HN-2106-0506;HIDROGRAFIA E NAVEGAÇÃO - ASPECTOS LEGAIS;34;5;CONCEITOS FUNDAMENTAIS DE APOIO LOGÍSTICO INTEGRADO (ALI);2;29 - C-Ap-HN - VI;Of no 10-6/2025;oficio;;
c-ap-hn.pdf;C-Ap-HN;HN-2106-0506;HIDROGRAFIA E NAVEGAÇÃO - ASPECTOS LEGAIS;34;6;GESTÃO DE MANUTENÇÃO;2;29 - C-Ap-HN - VI;Of no 10-6/2025;oficio;;
c-ap-hn.pdf;C-Ap-HN;HN-2107-0510;NAVEGAÇÃO ASTRONÔMICA;56;1;ESFERA CELESTE;10;30 - C-Ap-HN - VII;Of no 10-6/2025;oficio;;
c-ap-hn.pdf;C-Ap-HN;HN-2107-0510;NAVEGAÇÃO ASTRONÔMICA;56;2;MEDIDA DE TEMPO;6;30 - C-Ap-HN - VII;Of no 10-6/2025;oficio;;
c-ap-hn.pdf;C-Ap-HN;HN-2107-0510;NAVEGAÇÃO ASTRONÔMICA;56;3;CORREÇÃO DAS OBSERVAÇÕES;7;30 - C-Ap-HN - VII;Of no 10-6/2025;oficio;;
c-ap-hn.pdf;C-Ap-HN;HN-2107-0510;NAVEGAÇÃO ASTRONÔMICA;56;4;USO DAS EFEMÉRIDES;4;30 - C-Ap-HN - VII;Of no 10-6/2025;oficio;;
c-ap-hn.pdf;C-Ap-HN;HN-2107-0510;NAVEGAÇÃO ASTRONÔMICA;56;5;AZIMUTE ASTRONÔMICO;6;30 - C-Ap-HN - VII;Of no 10-6/2025;oficio;;
c-ap-hn.pdf;C-Ap-HN;HN-2107-0510;NAVEGAÇÃO ASTRONÔMICA;56;6;ERRO E DESVIO DAS AGULHAS;7;30 - C-Ap-HN - VII;Of no 10-6/2025;oficio;;
c-ap-hn.pdf;C-Ap-HN;HN-2107-0510;NAVEGAÇÃO ASTRONÔMICA;56;7;ASPECTOS PRÁTICOS DE NAVEGAÇÃO ASTRONÔMICA;16;30 - C-Ap-HN - VII;Of no 10-6/2025;oficio;;
c-ap-hn.pdf;C-Ap-HN;HN-2108-0610;CARTOGRAFIA;60;1;CARTOGRAFIA;8;31 - C-Ap-HN - VIII;Of no 10-6/2025;oficio;;
c-ap-hn.pdf;C-Ap-HN;HN-2108-0610;CARTOGRAFIA;60;2;PROJEÇÕES GERAIS;8;31 - C-Ap-HN - VIII;Of no 10-6/2025;oficio;;
c-ap-hn.pdf;C-Ap-HN;HN-2108-0610;CARTOGRAFIA;60;3;PROJEÇÕES CILÍNDRICAS;15;31 - C-Ap-HN - VIII;Of no 10-6/2025;oficio;;
c-ap-hn.pdf;C-Ap-HN;HN-2108-0610;CARTOGRAFIA;60;4;SISTEMA UNIVERSAL TRANSVERSO DE MERCATOR (UTM);12;31 - C-Ap-HN - VIII;Of no 10-6/2025;oficio;;
c-ap-hn.pdf;C-Ap-HN;HN-2108-0610;CARTOGRAFIA;60;5;DOCUMENTOS CARTOGRÁFICOS;8;31 - C-Ap-HN - VIII;Of no 10-6/2025;oficio;;
c-ap-hn.pdf;C-Ap-HN;HN-2108-0610;CARTOGRAFIA;60;6;CONSTRUÇÃO DA CARTA NÁUTICA;9;31 - C-Ap-HN - VIII;Of no 10-6/2025;oficio;;
c-ap-hn.pdf;C-Ap-HN;HN-2109-0710;GEODÉSIA;70;1;FUNDAMENTOS DA GEODÉSIA;7;32 - C-Ap-HN - IX;Of no 10-6/2025;oficio;;
c-ap-hn.pdf;C-Ap-HN;HN-2109-0710;GEODÉSIA;70;2;SISTEMAS GEODÉSICOS DE REFERÊNCIA;7;32 - C-Ap-HN - IX;Of no 10-6/2025;oficio;;
c-ap-hn.pdf;C-Ap-HN;HN-2109-0710;GEODÉSIA;70;3;TRANSPORTE DE COORDENADAS SOBRE O ELIPSÓIDE DE REVOLUÇÃO;20;32 - C-Ap-HN - IX;Of no 10-6/2025;oficio;;
c-ap-hn.pdf;C-Ap-HN;HN-2109-0710;GEODÉSIA;70;4;GEODÉSIA ESPACIAL;10;32 - C-Ap-HN - IX;Of no 10-6/2025;oficio;;
c-ap-hn.pdf;C-Ap-HN;HN-2109-0710;GEODÉSIA;70;5;AS OBSERVÁVEIS GNSS;10;32 - C-Ap-HN - IX;Of no 10-6/2025;oficio;;
c-ap-hn.pdf;C-Ap-HN;HN-2109-0710;GEODÉSIA;70;6;GEODÉSIA APLICADA;16;32 - C-Ap-HN - IX;Of no 10-6/2025;oficio;;
c-ap-hn.pdf;C-Ap-HN;HN-2110-0808;MARÉS;64;1;FUNDAMENTOS DAS MARÉS;14;33 - C-Ap-HN - X;Of no 10-6/2025;oficio;;
c-ap-hn.pdf;C-Ap-HN;HN-2110-0808;MARÉS;64;2;ANÁLISE E PREVISÃO DA MARÉ;18;33 - C-Ap-HN - X;Of no 10-6/2025;oficio;;
c-ap-hn.pdf;C-Ap-HN;HN-2110-0808;MARÉS;64;3;MARÉGRAFOS, ESTAÇÃO MAREGRÁFICA E DATUMS;13;33 - C-Ap-HN - X;Of no 10-6/2025;oficio;;
c-ap-hn.pdf;C-Ap-HN;HN-2110-0808;MARÉS;64;4;REDUÇÃO DE SONDAGEM;19;33 - C-Ap-HN - X;Of no 10-6/2025;oficio;;
c-ap-hn.pdf;C-Ap-HN;HN-2111- 1212;HIDROGRAFIA;148;1;PROJETO DE LH;6;34 - C-Ap-HN - XI;Of no 10-6/2025;oficio;;
c-ap-hn.pdf;C-Ap-HN;HN-2111- 1212;HIDROGRAFIA;148;2;SISTEMAS DE BATIMETRIA E SENSORES AUXILIARES;5;34 - C-Ap-HN - XI;Of no 10-6/2025;oficio;;
c-ap-hn.pdf;C-Ap-HN;HN-2111- 1212;HIDROGRAFIA;148;3;DETERMINAÇÃO DA PROFUNDIDADE;8;34 - C-Ap-HN - XI;Of no 10-6/2025;oficio;;
c-ap-hn.pdf;C-Ap-HN;HN-2111- 1212;HIDROGRAFIA;148;4;SONDAGEM MONOFEIXE;5;34 - C-Ap-HN - XI;Of no 10-6/2025;oficio;;
c-ap-hn.pdf;C-Ap-HN;HN-2111- 1212;HIDROGRAFIA;148;5;SONDAGEM MULTIFEIXE;22;34 - C-Ap-HN - XI;Of no 10-6/2025;oficio;;
c-ap-hn.pdf;C-Ap-HN;HN-2111- 1212;HIDROGRAFIA;148;6;INSTALAÇÕES DE SENSORES HIDROGRÁFICOS;8;34 - C-Ap-HN - XI;Of no 10-6/2025;oficio;;
c-ap-hn.pdf;C-Ap-HN;HN-2111- 1212;HIDROGRAFIA;148;7;COMUNICAÇÕES, ELETRÔNICA E INFORMÁTICA;8;34 - C-Ap-HN - XI;Of no 10-6/2025;oficio;;
c-ap-hn.pdf;C-Ap-HN;HN-2111- 1212;HIDROGRAFIA;148;8;VARREDURA;10;34 - C-Ap-HN - XI;Of no 10-6/2025;oficio;;
c-ap-hn.pdf;C-Ap-HN;HN-2111- 1212;HIDROGRAFIA;148;9;OUTROS SISTEMAS DE LEVANTAMENTO;2;34 - C-Ap-HN - XI;Of no 10-6/2025;oficio;;
c-ap-hn.pdf;C-Ap-HN;HN-2111- 1212;HIDROGRAFIA;148;10;PROCEDIMENTOS DE SONDAGEM;24;34 - C-Ap-HN - XI;Of no 10-6/2025;oficio;;
c-ap-hn.pdf;C-Ap-HN;HN-2111- 1212;HIDROGRAFIA;148;11;OPERAÇÃO E MANUTENÇÃO DE EQUIPAMENTOS HIDROCEANOGRÁFICOS E PRÁTICAS DE SEGURANÇA;8;34 - C-Ap-HN - XI;Of no 10-6/2025;oficio;;
c-ap-hn.pdf;C-Ap-HN;HN-2111- 1212;HIDROGRAFIA;148;12;PROCESSAMENTO DE DADOS BATIMÉTRICOS;40;34 - C-Ap-HN - XI;Of no 10-6/2025;oficio;;
c-ap-hn.pdf;C-Ap-HN;HN-2111- 1212;HIDROGRAFIA;148;13;HIDROGRAFIA MILITAR;2;34 - C-Ap-HN - XI;Of no 10-6/2025;oficio;;
c-ap-hn.pdf;C-Ap-HN;HN-2112-0126;GERENCIAMENTO DE DADOS HIDROGRÁFICOS;25;1;BANCOS DE DADOS E INFRAESTRUTURAS DE DADOS ESPACIAIS;15;35 - C-Ap-HN - XII;Of no 10-6/2025;oficio;;
c-ap-hn.pdf;C-Ap-HN;HN-2112-0126;GERENCIAMENTO DE DADOS HIDROGRÁFICOS;25;2;PRODUTOS DERIVADOS DE LH;10;35 - C-Ap-HN - XII;Of no 10-6/2025;oficio;;
c-ap-hn.pdf;C-Ap-HN;HN-2113-0325;OCEANOGRAFIA;75;1;OCEANOGRAFIA FÍSICA;50;36 - C-Ap-HN - XIII;Of no 10-6/2025;oficio;;
c-ap-hn.pdf;C-Ap-HN;HN-2113-0325;OCEANOGRAFIA;75;2;OCEANOGRAFIA GEOLÓGICA;16;36 - C-Ap-HN - XIII;Of no 10-6/2025;oficio;;
c-ap-hn.pdf;C-Ap-HN;HN-2113-0325;OCEANOGRAFIA;75;3;IMPACTO AMBIENTAL;9;36 - C-Ap-HN - XIII;Of no 10-6/2025;oficio;;
c-ap-hn.pdf;C-Ap-HN;HN-2114-0910;TOPOGRAFIA;90;1;INTRODUÇÃO À TOPOGRAFIA;5;37 - C-Ap-HN - XIV;Of no 10-6/2025;oficio;;
c-ap-hn.pdf;C-Ap-HN;HN-2114-0910;TOPOGRAFIA;90;2;MEDIDA DE ÂNGULOS;15;37 - C-Ap-HN - XIV;Of no 10-6/2025;oficio;;
c-ap-hn.pdf;C-Ap-HN;HN-2114-0910;TOPOGRAFIA;90;3;MEDIDA DE DISTÂNCIAS;10;37 - C-Ap-HN - XIV;Of no 10-6/2025;oficio;;
c-ap-hn.pdf;C-Ap-HN;HN-2114-0910;TOPOGRAFIA;90;4;ALTIMETRIA;15;37 - C-Ap-HN - XIV;Of no 10-6/2025;oficio;;
c-ap-hn.pdf;C-Ap-HN;HN-2114-0910;TOPOGRAFIA;90;5;PLANIMETRIA;15;37 - C-Ap-HN - XIV;Of no 10-6/2025;oficio;;
c-ap-hn.pdf;C-Ap-HN;HN-2114-0910;TOPOGRAFIA;90;6;LEVANTAMENTO TOPOGRÁFICO;30;37 - C-Ap-HN - XIV;Of no 10-6/2025;oficio;;
c-ap-hn.pdf;C-Ap-HN;HN-2115-0138;SENSORIAMENTO REMOTO;38;1;INTRODUÇÃO AO SENSORIAMENTO REMOTO E AO SISTEMA LiDAR;6;38 - C-Ap-HN - XV;Of no 10-6/2025;oficio;;
c-ap-hn.pdf;C-Ap-HN;HN-2115-0138;SENSORIAMENTO REMOTO;38;2;SISTEMA LiDAR;15;38 - C-Ap-HN - XV;Of no 10-6/2025;oficio;;
c-ap-hn.pdf;C-Ap-HN;HN-2115-0138;SENSORIAMENTO REMOTO;38;3;SENSORIAMENTO REMOTO;17;38 - C-Ap-HN - XV;Of no 10-6/2025;oficio;;
c-ap-hn.pdf;C-Ap-HN;HN- 2116-0407;ACÚSTICA SUBMARINA;28;1;NOÇÕES DE ACÚSTICA;2;39 - C-Ap-HN - XVI;Of no 10-6/2025;oficio;;
c-ap-hn.pdf;C-Ap-HN;HN- 2116-0407;ACÚSTICA SUBMARINA;28;2;FUNDAMENTOS DE ACÚSTICA SUBMARINA;7;39 - C-Ap-HN - XVI;Of no 10-6/2025;oficio;;
c-ap-hn.pdf;C-Ap-HN;HN- 2116-0407;ACÚSTICA SUBMARINA;28;3;TRANSDUTORES;2;39 - C-Ap-HN - XVI;Of no 10-6/2025;oficio;;
c-ap-hn.pdf;C-Ap-HN;HN- 2116-0407;ACÚSTICA SUBMARINA;28;4;EQUAÇÃO SONAR;4;39 - C-Ap-HN - XVI;Of no 10-6/2025;oficio;;
c-ap-hn.pdf;C-Ap-HN;HN- 2116-0407;ACÚSTICA SUBMARINA;28;5;SISTEMAS ACÚSTICOS;13;39 - C-Ap-HN - XVI;Of no 10-6/2025;oficio;;
c-ap-hn.pdf;C-Ap-HN;HN-2117-0506;TREINAMENTO FÍSICO MILITAR;40;1;CORRIDA;15;40 - C-Ap-HN - XVII;Of no 10-6/2025;oficio;pareado por grafia: banco escreve `TFM.`. §4.7. 40 = 40.;
c-ap-hn.pdf;C-Ap-HN;HN-2117-0506;TREINAMENTO FÍSICO MILITAR;40;2;NATAÇÃO E PERMANÊNCIA DENTRO D`ÁGUA;25;40 - C-Ap-HN - XVII;Of no 10-6/2025;oficio;pareado por grafia: banco escreve `TFM.`. §4.7. 40 = 40.;
c-ap-hn.pdf;C-Ap-HN;HN-2118-1016;LEVANTAMENTO HIDROGRÁFICO DE FIM DE CURSO;160;1;PLANEJAMENTO DO LEVANTAMENTO HIDROGRÁFICO;10;41 - C-Ap-HN - XVIII;Of no 10-6/2025;oficio;;
c-ap-hn.pdf;C-Ap-HN;HN-2118-1016;LEVANTAMENTO HIDROGRÁFICO DE FIM DE CURSO;160;2;ELABORAÇÃO DO CRONOGRAMA DOS SERVIÇOS A SEREM EXECUTADOS;10;41 - C-Ap-HN - XVIII;Of no 10-6/2025;oficio;;
c-ap-hn.pdf;C-Ap-HN;HN-2118-1016;LEVANTAMENTO HIDROGRÁFICO DE FIM DE CURSO;160;3;ELABORAÇÃO DA INSTRUÇÃO ESPECIAL DO LEVANTAMENTO HIDROGRÁFICO;10;41 - C-Ap-HN - XVIII;Of no 10-6/2025;oficio;;
c-ap-hn.pdf;C-Ap-HN;HN-2118-1016;LEVANTAMENTO HIDROGRÁFICO DE FIM DE CURSO;160;4;TRABALHOS DE GEODÉSIA, TOPOGRAFIA, OCEANOGRAFIA, MARÉS, AEROFOTOGRAMETRIA E BATIMETRIA;80;41 - C-Ap-HN - XVIII;Of no 10-6/2025;oficio;;
c-ap-hn.pdf;C-Ap-HN;HN-2118-1016;LEVANTAMENTO HIDROGRÁFICO DE FIM DE CURSO;160;5;PROCESSAMENTO CONVENCIONAL E AUTOMÁTICO;16;41 - C-Ap-HN - XVIII;Of no 10-6/2025;oficio;;
c-ap-hn.pdf;C-Ap-HN;HN-2118-1016;LEVANTAMENTO HIDROGRÁFICO DE FIM DE CURSO;160;6;INTERPRETAÇÃO E ANÁLISE DOS DADOS COLETADOS E PROCESSADOS;12;41 - C-Ap-HN - XVIII;Of no 10-6/2025;oficio;;
c-ap-hn.pdf;C-Ap-HN;HN-2118-1016;LEVANTAMENTO HIDROGRÁFICO DE FIM DE CURSO;160;7;PRODUÇÃO DOS DOCUMENTOS DO LEVANTAMENTO HIDROGRÁFICO;12;41 - C-Ap-HN - XVIII;Of no 10-6/2025;oficio;;
c-ap-hn.pdf;C-Ap-HN;HN-2118-1016;LEVANTAMENTO HIDROGRÁFICO DE FIM DE CURSO;160;8;ELABORAÇÃO E ENTREGA DO RELATÓRIO FINAL DA COMISSÃO HIDROGRÁFICA;10;41 - C-Ap-HN - XVIII;Of no 10-6/2025;oficio;;
c-esp-alh.pdf;C-Esp-ALH;I;INGLÊS;20;1;ESTRATÉGIAS DE LEITURA;20;94 - C-Esp-ALH - ALH-I;Of no 10-16/2020;oficio;;
c-esp-alh.pdf;C-Esp-ALH;II;SISTEMAS DE INFORMAÇÃO APLICADOS À ANÁLISE DE LEVANTAMENTOS;147;1;FERRAMENTAS DE ANÁLISES DO EXCEL;6;95 - C-Esp-ALH - ALH-II;Of no 10-16/2020;oficio;;
c-esp-alh.pdf;C-Esp-ALH;II;SISTEMAS DE INFORMAÇÃO APLICADOS À ANÁLISE DE LEVANTAMENTOS;147;2;SISTEMAS DE AQUISIÇÃO DE DADOS AUTOMATIZADOS;12;95 - C-Esp-ALH - ALH-II;Of no 10-16/2020;oficio;;
c-esp-alh.pdf;C-Esp-ALH;II;SISTEMAS DE INFORMAÇÃO APLICADOS À ANÁLISE DE LEVANTAMENTOS;147;3;SISTEMAS DE PROCESSAMENTOS DE DADOS;89;95 - C-Esp-ALH - ALH-II;Of no 10-16/2020;oficio;;
c-esp-alh.pdf;C-Esp-ALH;II;SISTEMAS DE INFORMAÇÃO APLICADOS À ANÁLISE DE LEVANTAMENTOS;147;4;TREINAMENTO EM BANCO DE DADOS;40;95 - C-Esp-ALH - ALH-II;Of no 10-16/2020;oficio;;
c-esp-alh.pdf;C-Esp-ALH;III;PUBLICAÇÕES E NORMAS;32;1;NORMAS DA AUTORIDADE MARÍTIMA;4;96 - C-Esp-ALH - ALH-II;Of no 10-16/2020;oficio;;
c-esp-alh.pdf;C-Esp-ALH;III;PUBLICAÇÕES E NORMAS;32;2;INSTRUÇÕES TÉCNICAS (DHN);12;96 - C-Esp-ALH - ALH-II;Of no 10-16/2020;oficio;;
c-esp-alh.pdf;C-Esp-ALH;III;PUBLICAÇÕES E NORMAS;32;3;NORMAS INTERNACIONAIS;16;96 - C-Esp-ALH - ALH-II;Of no 10-16/2020;oficio;;
c-esp-alh.pdf;C-Esp-ALH;IV;ESTATÍSTICA;44;1;FUNDAMENTOS DA TEORIA DOS ERROS;20;97 - C-Esp-ALH - ALH-IV;Of no 10-16/2020;oficio;;
c-esp-alh.pdf;C-Esp-ALH;IV;ESTATÍSTICA;44;2;PROPAGAÇÃO DE ERROS;24;97 - C-Esp-ALH - ALH-IV;Of no 10-16/2020;oficio;;
c-esp-alh.pdf;C-Esp-ALH;V;ANÁLISE DE DADOS DE MARÉS;40;1;DEFINIÇÕES GERAIS;6;98 - C-Esp-ALH - ALH-V;Of no 10-16/2020;oficio;;
c-esp-alh.pdf;C-Esp-ALH;V;ANÁLISE DE DADOS DE MARÉS;40;2;ANÁLISE DE MARÉS;34;98 - C-Esp-ALH - ALH-V;Of no 10-16/2020;oficio;;
c-esp-alh.pdf;C-Esp-ALH;VI;AQUISIÇÃO,;40;1;ARQUITETURA DO SVL;8;99 - C-Esp-ALH - ALH-VI;Of no 10-16/2020;oficio;pareado por grafia: ordinal VI ↔ `ALH-VI` e CH 40 = 40. ⚠️ O nome saiu TRUNCADO da extracao (`AQUISICAO,`), e por isso o nome nao pode decidir aqui — quem decide e ordinal + CH. O nome da DISCIPLINA nao e carregado por esta migration (Q-13: nao renomear).;
c-esp-alh.pdf;C-Esp-ALH;VI;AQUISIÇÃO,;40;2;AQUISIÇÃO DE DADOS;4;99 - C-Esp-ALH - ALH-VI;Of no 10-16/2020;oficio;pareado por grafia: ordinal VI ↔ `ALH-VI` e CH 40 = 40. ⚠️ O nome saiu TRUNCADO da extracao (`AQUISICAO,`), e por isso o nome nao pode decidir aqui — quem decide e ordinal + CH. O nome da DISCIPLINA nao e carregado por esta migration (Q-13: nao renomear).;
c-esp-alh.pdf;C-Esp-ALH;VI;AQUISIÇÃO,;40;3;PROCESSAMENTO E ANÁLISE DE DADOS;28;99 - C-Esp-ALH - ALH-VI;Of no 10-16/2020;oficio;pareado por grafia: ordinal VI ↔ `ALH-VI` e CH 40 = 40. ⚠️ O nome saiu TRUNCADO da extracao (`AQUISICAO,`), e por isso o nome nao pode decidir aqui — quem decide e ordinal + CH. O nome da DISCIPLINA nao e carregado por esta migration (Q-13: nao renomear).;
c-esp-alh.pdf;C-Esp-ALH;VII;ANÁLISE DE DADOS TOPOGEODÉSICOS;37;1;DEFINIÇÕES GERAIS;17;100 - C-Esp-ALH - ALH-VII;Of no 10-16/2020;oficio;;
c-esp-alh.pdf;C-Esp-ALH;VII;ANÁLISE DE DADOS TOPOGEODÉSICOS;37;2;ANÁLISE DE DADOS GNSS;20;100 - C-Esp-ALH - ALH-VII;Of no 10-16/2020;oficio;;
c-esp-alh.pdf;C-Esp-ALH;VIII;AQUISIÇÃO, PROCESSAMENTO E ANÁLISE DE DADOS DE BATIMETRIA;60;1;ARQUITETURA DO MBES;8;101 - C-Esp-ALH - ALH-VIII;Of no 10-16/2020;oficio;pareado por grafia: ordinal VIII ↔ `ALH-VIII` e CH 60 = 60. As duas ALH comecam com as mesmas 14 letras (`AQUISICAO, PROCESSAMENTO E ANALISE DE DADOS DE ...`), e o casamento estrito recusou de proposito em vez de escolher uma.;
c-esp-alh.pdf;C-Esp-ALH;VIII;AQUISIÇÃO, PROCESSAMENTO E ANÁLISE DE DADOS DE BATIMETRIA;60;2;AQUISIÇÃO DE DADOS;8;101 - C-Esp-ALH - ALH-VIII;Of no 10-16/2020;oficio;pareado por grafia: ordinal VIII ↔ `ALH-VIII` e CH 60 = 60. As duas ALH comecam com as mesmas 14 letras (`AQUISICAO, PROCESSAMENTO E ANALISE DE DADOS DE ...`), e o casamento estrito recusou de proposito em vez de escolher uma.;
c-esp-alh.pdf;C-Esp-ALH;VIII;AQUISIÇÃO, PROCESSAMENTO E ANÁLISE DE DADOS DE BATIMETRIA;60;3;PROCESSAMENTO E ANÁLISE DE DADOS;44;101 - C-Esp-ALH - ALH-VIII;Of no 10-16/2020;oficio;pareado por grafia: ordinal VIII ↔ `ALH-VIII` e CH 60 = 60. As duas ALH comecam com as mesmas 14 letras (`AQUISICAO, PROCESSAMENTO E ANALISE DE DADOS DE ...`), e o casamento estrito recusou de proposito em vez de escolher uma.;
c-esp-alh.pdf;C-Esp-ALH;IX;PROCEDIMENTOS OPERACIONAIS PARA ANÁLISE DE LEVANTAMENTOS;50;1;PROCEDIMENTOS OPERACIONAIS DO CHM;50;102 - C-Esp-ALH - ALH-IX;Of no 10-16/2020;oficio;;
c-esp-me.pdf;C-Esp-ME;I;METEOROLOGIA BÁSICA;28;1;INTRODUÇÃO À METEOROLOGIA;2;103 - C-Esp-ME - I;Of no 10-22/2025;oficio;;
c-esp-me.pdf;C-Esp-ME;I;METEOROLOGIA BÁSICA;28;2;ATMOSFERA TERRESTRE;3;103 - C-Esp-ME - I;Of no 10-22/2025;oficio;;
c-esp-me.pdf;C-Esp-ME;I;METEOROLOGIA BÁSICA;28;3;RADIAÇÃO NA ATMOSFERA;4;103 - C-Esp-ME - I;Of no 10-22/2025;oficio;;
c-esp-me.pdf;C-Esp-ME;I;METEOROLOGIA BÁSICA;28;4;PARÂMETROS METEOROLÓGICOS;4;103 - C-Esp-ME - I;Of no 10-22/2025;oficio;;
c-esp-me.pdf;C-Esp-ME;I;METEOROLOGIA BÁSICA;28;5;NUVENS;3;103 - C-Esp-ME - I;Of no 10-22/2025;oficio;;
c-esp-me.pdf;C-Esp-ME;I;METEOROLOGIA BÁSICA;28;6;PRECIPITAÇÃO;4;103 - C-Esp-ME - I;Of no 10-22/2025;oficio;;
c-esp-me.pdf;C-Esp-ME;I;METEOROLOGIA BÁSICA;28;7;VISIBILIDADE;3;103 - C-Esp-ME - I;Of no 10-22/2025;oficio;;
c-esp-me.pdf;C-Esp-ME;I;METEOROLOGIA BÁSICA;28;8;METEOROS;5;103 - C-Esp-ME - I;Of no 10-22/2025;oficio;;
c-esp-me.pdf;C-Esp-ME;II;INSTRUMENTAÇÃO E OBSERVAÇÃO METEOROLÓGICA;70;1;NOÇÕES FUNDAMENTAIS;6;104 - C-Esp-ME - II;Of no 10-22/2025;oficio;;
c-esp-me.pdf;C-Esp-ME;II;INSTRUMENTAÇÃO E OBSERVAÇÃO METEOROLÓGICA;70;2;INSTRUMENTAÇÃO METEOROLÓGICA;16;104 - C-Esp-ME - II;Of no 10-22/2025;oficio;;
c-esp-me.pdf;C-Esp-ME;II;INSTRUMENTAÇÃO E OBSERVAÇÃO METEOROLÓGICA;70;3;ESTAÇÕES METEOROLÓGICAS;8;104 - C-Esp-ME - II;Of no 10-22/2025;oficio;;
c-esp-me.pdf;C-Esp-ME;II;INSTRUMENTAÇÃO E OBSERVAÇÃO METEOROLÓGICA;70;4;OBSERVAÇÃO METEOROLÓGICA;10;104 - C-Esp-ME - II;Of no 10-22/2025;oficio;;
c-esp-me.pdf;C-Esp-ME;II;INSTRUMENTAÇÃO E OBSERVAÇÃO METEOROLÓGICA;70;5;CÓDIGOS METEOROLÓGICOS;30;104 - C-Esp-ME - II;Of no 10-22/2025;oficio;;
c-esp-me.pdf;C-Esp-ME;III;INFORMÁTICA APLICADA;46;1;NOÇÕES FUNDAMENTAIS;4;105 - C-Esp-ME - III;Of no 10-22/2025;oficio;;
c-esp-me.pdf;C-Esp-ME;III;INFORMÁTICA APLICADA;46;2;SISTEMAS OPERACIONAIS;16;105 - C-Esp-ME - III;Of no 10-22/2025;oficio;;
c-esp-me.pdf;C-Esp-ME;III;INFORMÁTICA APLICADA;46;3;REDES DE COMUNICAÇÃO DE DADOS;4;105 - C-Esp-ME - III;Of no 10-22/2025;oficio;;
c-esp-me.pdf;C-Esp-ME;III;INFORMÁTICA APLICADA;46;4;SOFTWARE DE VISUALIZAÇÃO DE DADOS AMBIENTAIS;22;105 - C-Esp-ME - III;Of no 10-22/2025;oficio;;
c-esp-me.pdf;C-Esp-ME;IV;METEOROLOGIA DINÂMICA;22;1;NOÇÕES FUNDAMENTAIS;2;106 - C-Esp-ME - IV;Of no 10-22/2025;oficio;;
c-esp-me.pdf;C-Esp-ME;IV;METEOROLOGIA DINÂMICA;22;2;FORÇAS REAIS E APARENTES;6;106 - C-Esp-ME - IV;Of no 10-22/2025;oficio;;
c-esp-me.pdf;C-Esp-ME;IV;METEOROLOGIA DINÂMICA;22;3;EQUAÇÕES DO MOVIMENTO;4;106 - C-Esp-ME - IV;Of no 10-22/2025;oficio;;
c-esp-me.pdf;C-Esp-ME;IV;METEOROLOGIA DINÂMICA;22;4;APLICAÇÕES DAS EQUAÇÕES DO MOVIMENTO;10;106 - C-Esp-ME - IV;Of no 10-22/2025;oficio;;
c-esp-me.pdf;C-Esp-ME;V;CLIMATOLOGIA;25;1;CLIMATOLOGIA GERAL;6;107 - C-Esp-ME - V;Of no 10-22/2025;oficio;;
c-esp-me.pdf;C-Esp-ME;V;CLIMATOLOGIA;25;2;CLIMATOLOGIA ESTATÍSTICA;9;107 - C-Esp-ME - V;Of no 10-22/2025;oficio;;
c-esp-me.pdf;C-Esp-ME;V;CLIMATOLOGIA;25;3;CLIMATOLOGIA APLICADA;10;107 - C-Esp-ME - V;Of no 10-22/2025;oficio;;
c-esp-me.pdf;C-Esp-ME;VI;METEOROLOGIA SINÓTICA;72;1;CONCEITOS BÁSICOS;2;108 - C-Esp-ME - VI;Of no 10-22/2025;oficio;;
c-esp-me.pdf;C-Esp-ME;VI;METEOROLOGIA SINÓTICA;72;2;SISTEMAS DE PRESSÃO;2;108 - C-Esp-ME - VI;Of no 10-22/2025;oficio;;
c-esp-me.pdf;C-Esp-ME;VI;METEOROLOGIA SINÓTICA;72;3;CIRCULAÇÃO GERAL DA ATMOSFERA;6;108 - C-Esp-ME - VI;Of no 10-22/2025;oficio;;
c-esp-me.pdf;C-Esp-ME;VI;METEOROLOGIA SINÓTICA;72;4;MASSAS DE AR;4;108 - C-Esp-ME - VI;Of no 10-22/2025;oficio;;
c-esp-me.pdf;C-Esp-ME;VI;METEOROLOGIA SINÓTICA;72;5;SISTEMAS FRONTAIS;6;108 - C-Esp-ME - VI;Of no 10-22/2025;oficio;;
c-esp-me.pdf;C-Esp-ME;VI;METEOROLOGIA SINÓTICA;72;6;CARTAS SINÓTICAS DE SUPERFÍCIE;18;108 - C-Esp-ME - VI;Of no 10-22/2025;oficio;;
c-esp-me.pdf;C-Esp-ME;VI;METEOROLOGIA SINÓTICA;72;7;SISTEMAS SINÓTICOS;18;108 - C-Esp-ME - VI;Of no 10-22/2025;oficio;;
c-esp-me.pdf;C-Esp-ME;VI;METEOROLOGIA SINÓTICA;72;8;CICLONES TROPICAIS;6;108 - C-Esp-ME - VI;Of no 10-22/2025;oficio;;
c-esp-me.pdf;C-Esp-ME;VI;METEOROLOGIA SINÓTICA;72;9;SISTEMAS DE MICROESCALA E MESOESCALA;10;108 - C-Esp-ME - VI;Of no 10-22/2025;oficio;;
c-esp-me.pdf;C-Esp-ME;VII;SENSORIAMENTO REMOTO;50;1;INTRODUÇÃO AO SENSORIAMENTO REMOTO;2;109 - C-Esp-ME - VII;Of no 10-22/2025;oficio;;
c-esp-me.pdf;C-Esp-ME;VII;SENSORIAMENTO REMOTO;50;2;SATÉLITES AMBIENTAIS;4;109 - C-Esp-ME - VII;Of no 10-22/2025;oficio;;
c-esp-me.pdf;C-Esp-ME;VII;SENSORIAMENTO REMOTO;50;3;SISTEMAS DE RECEPÇÃO DE DADOS, PRODUTOS E IMAGENS DE ALTA RESOLUÇÃO DE SATÉLITES METEOROLÓGICOS IMPLANTADOS NA MB;14;109 - C-Esp-ME - VII;Of no 10-22/2025;oficio;;
c-esp-me.pdf;C-Esp-ME;VII;SENSORIAMENTO REMOTO;50;4;INTERPRETAÇÃO DE IMAGENS;18;109 - C-Esp-ME - VII;Of no 10-22/2025;oficio;;
c-esp-me.pdf;C-Esp-ME;VII;SENSORIAMENTO REMOTO;50;5;RADARES METEOROLÓGICOS;12;109 - C-Esp-ME - VII;Of no 10-22/2025;oficio;;
c-esp-me.pdf;C-Esp-ME;VIII;METEOROLOGIA AERONÁUTICA;48;1;CONCEITOS GERAIS;2;110 - C-Esp-ME - VIII;Of no 10-22/2025;oficio;;
c-esp-me.pdf;C-Esp-ME;VIII;METEOROLOGIA AERONÁUTICA;48;2;CONHECIMENTOS BÁSICOS;3;110 - C-Esp-ME - VIII;Of no 10-22/2025;oficio;;
c-esp-me.pdf;C-Esp-ME;VIII;METEOROLOGIA AERONÁUTICA;48;3;OBSERVAÇÕES METEOROLÓGICAS PARA FINS AERONÁUTICO;4;110 - C-Esp-ME - VIII;Of no 10-22/2025;oficio;;
c-esp-me.pdf;C-Esp-ME;VIII;METEOROLOGIA AERONÁUTICA;48;4;FENÔMENOS METEOROLÓGICOS ADVERSOS À AVIAÇÃO;4;110 - C-Esp-ME - VIII;Of no 10-22/2025;oficio;;
c-esp-me.pdf;C-Esp-ME;VIII;METEOROLOGIA AERONÁUTICA;48;5;CÓDIGOS METEOROLÓGICOS;20;110 - C-Esp-ME - VIII;Of no 10-22/2025;oficio;;
c-esp-me.pdf;C-Esp-ME;VIII;METEOROLOGIA AERONÁUTICA;48;6;CARTAS METEOROLÓGICAS;6;110 - C-Esp-ME - VIII;Of no 10-22/2025;oficio;;
c-esp-me.pdf;C-Esp-ME;VIII;METEOROLOGIA AERONÁUTICA;48;7;BRIEFINGS METEOROLÓGICOS;9;110 - C-Esp-ME - VIII;Of no 10-22/2025;oficio;;
c-esp-me.pdf;C-Esp-ME;IX;TERMODINÂMICA DA ATMOSFERA;38;1;CONCEITOS BÁSICOS;6;111 - C-Esp-ME - IX;Of no 10-22/2025;oficio;;
c-esp-me.pdf;C-Esp-ME;IX;TERMODINÂMICA DA ATMOSFERA;38;2;LEIS DA TERMODINÂMICA;6;111 - C-Esp-ME - IX;Of no 10-22/2025;oficio;;
c-esp-me.pdf;C-Esp-ME;IX;TERMODINÂMICA DA ATMOSFERA;38;3;TERMODINÂMICA DO AR ÚMIDO;6;111 - C-Esp-ME - IX;Of no 10-22/2025;oficio;;
c-esp-me.pdf;C-Esp-ME;IX;TERMODINÂMICA DA ATMOSFERA;38;4;DIAGRAMAS TERMODINÂMICOS;10;111 - C-Esp-ME - IX;Of no 10-22/2025;oficio;;
c-esp-me.pdf;C-Esp-ME;IX;TERMODINÂMICA DA ATMOSFERA;38;5;ESTABILIDADE DA ATMOSFERA;10;111 - C-Esp-ME - IX;Of no 10-22/2025;oficio;;
c-esp-me.pdf;C-Esp-ME;X;OCEANOGRAFIA E METEOROLOGIA MARINHA;22;1;METEOROLOGIA MARINHA;6;112 - C-Esp-ME - X;Of no 10-22/2025;oficio;;
c-esp-me.pdf;C-Esp-ME;X;OCEANOGRAFIA E METEOROLOGIA MARINHA;22;2;OCEANOGRAFIA;6;112 - C-Esp-ME - X;Of no 10-22/2025;oficio;;
c-esp-me.pdf;C-Esp-ME;X;OCEANOGRAFIA E METEOROLOGIA MARINHA;22;3;GELO MARINHO E TERRESTRE;10;112 - C-Esp-ME - X;Of no 10-22/2025;oficio;;
c-esp-me.pdf;C-Esp-ME;XI;METEOROLOGIA PRÁTICA;72;1;CONCEITOS GERAIS;4;113 - C-Esp-ME - XI;Of no 10-22/2025;oficio;;
c-esp-me.pdf;C-Esp-ME;XI;METEOROLOGIA PRÁTICA;72;2;SERVIÇO METEOROLÓGICO MARINHO;4;113 - C-Esp-ME - XI;Of no 10-22/2025;oficio;;
c-esp-me.pdf;C-Esp-ME;XI;METEOROLOGIA PRÁTICA;72;3;PREVISÃO NUMÉRICA DO TEMPO;12;113 - C-Esp-ME - XI;Of no 10-22/2025;oficio;;
c-esp-me.pdf;C-Esp-ME;XI;METEOROLOGIA PRÁTICA;72;4;BOLETINS E AVISOS DE MAU TEMPO;10;113 - C-Esp-ME - XI;Of no 10-22/2025;oficio;;
c-esp-me.pdf;C-Esp-ME;XI;METEOROLOGIA PRÁTICA;72;5;CARTAS METEOROLÓGICAS;22;113 - C-Esp-ME - XI;Of no 10-22/2025;oficio;;
c-esp-me.pdf;C-Esp-ME;XI;METEOROLOGIA PRÁTICA;72;6;BRIEFINGS METEOROLÓGICOS;20;113 - C-Esp-ME - XI;Of no 10-22/2025;oficio;;
c-esp-me.pdf;C-Esp-ME;XII;INGLÊS TÉCNICO APLICADO À METEOROLOGIA;52;1;VOCABULÁRIO TÉCNICO;20;114 - C-Esp-ME - XII;Of no 10-22/2025;oficio;;
c-esp-me.pdf;C-Esp-ME;XII;INGLÊS TÉCNICO APLICADO À METEOROLOGIA;52;2;PUBLICAÇÕES ESTRANGEIRAS;12;114 - C-Esp-ME - XII;Of no 10-22/2025;oficio;;
c-esp-me.pdf;C-Esp-ME;XII;INGLÊS TÉCNICO APLICADO À METEOROLOGIA;52;3;DISSEMINAÇÃO DE INFORMAÇÕES;20;114 - C-Esp-ME - XII;Of no 10-22/2025;oficio;;
c-esp-opap.pdf;C-Esp-OpAP;OPAP I;CONCEITOS BÁSICOS SOBRE OPERAÇÕES POLARES;15;1;ASPECTOS GERAIS SOBRE O CONTINENTE ANTÁRTICO E OPERAÇÕES;10;115 - C-Esp-OpAP - OPAP I;Of no 10-20/2025;oficio;;
c-esp-opap.pdf;C-Esp-OpAP;OPAP I;CONCEITOS BÁSICOS SOBRE OPERAÇÕES POLARES;15;2;LEGISLAÇÃO ANTÁRTICA;5;115 - C-Esp-OpAP - OPAP I;Of no 10-20/2025;oficio;;
c-esp-opap.pdf;C-Esp-OpAP;OPAP II;METEOROLOGIA ANTÁRTICA;13;1;METEOROLOGIA;7;116 - C-Esp-OpAP - OPAP II;Of no 10-20/2025;oficio;;
c-esp-opap.pdf;C-Esp-OpAP;OPAP II;METEOROLOGIA ANTÁRTICA;13;2;GLACIOLOGIA ANTÁRTICA;3;116 - C-Esp-OpAP - OPAP II;Of no 10-20/2025;oficio;;
c-esp-opap.pdf;C-Esp-OpAP;OPAP II;METEOROLOGIA ANTÁRTICA;13;3;PRÁTICA DE METEOROLOGIA ANTÁRTICA;3;116 - C-Esp-OpAP - OPAP II;Of no 10-20/2025;oficio;;
c-esp-opap.pdf;C-Esp-OpAP;OPAP III;OPERAÇÕES E NAVEGAÇÃO EM ÁGUAS POLARES;34;1;OPERAÇÕES E NAVEGAÇÃO NA REGIÃO ANTÁRTICA;11;117 - C-Esp-OpAP - OPAP III;Of no 10-20/2025;oficio;;
c-esp-opap.pdf;C-Esp-OpAP;OPAP III;OPERAÇÕES E NAVEGAÇÃO EM ÁGUAS POLARES;34;2;PROCEDIMENTOS OPERATIVOS PARA AS REGIÕES POLARES;5;117 - C-Esp-OpAP - OPAP III;Of no 10-20/2025;oficio;;
c-esp-opap.pdf;C-Esp-OpAP;OPAP III;OPERAÇÕES E NAVEGAÇÃO EM ÁGUAS POLARES;34;3;PLANEJAMENTO DE OPERAÇÕES;18;117 - C-Esp-OpAP - OPAP III;Of no 10-20/2025;oficio;;
c-esp-opap.pdf;C-Esp-OpAP;OPAP IV;PRÁTICA EM SIMULADOR;15;1;PRÁTICA EM SIMULADORES;15;118 - C-Esp-OpAP - OPAP IV;Of no 10-20/2025;oficio;;
c-exp-agmag.pdf;C-Exp-Ag-Mag;AGU-MAG-1;MÉTODOS DE COMPENSAÇÃO DE AGULHA MAGNÉTICA;60;1;MAGNETISMO;12;83 - C-Exp-Ag-Mag - I;Of no 10-24/2025;oficio;pareado por grafia: o banco poe o ORDINAL DENTRO do nome: `METODOS DE COMP. AGU-MAG-1.`. CH 60 = 60.;
c-exp-agmag.pdf;C-Exp-Ag-Mag;AGU-MAG-1;MÉTODOS DE COMPENSAÇÃO DE AGULHA MAGNÉTICA;60;2;AGULHAS NÁUTICAS;9;83 - C-Exp-Ag-Mag - I;Of no 10-24/2025;oficio;pareado por grafia: o banco poe o ORDINAL DENTRO do nome: `METODOS DE COMP. AGU-MAG-1.`. CH 60 = 60.;
c-exp-agmag.pdf;C-Exp-Ag-Mag;AGU-MAG-1;MÉTODOS DE COMPENSAÇÃO DE AGULHA MAGNÉTICA;60;3;TEORIA DOS DESVIOS;18;83 - C-Exp-Ag-Mag - I;Of no 10-24/2025;oficio;pareado por grafia: o banco poe o ORDINAL DENTRO do nome: `METODOS DE COMP. AGU-MAG-1.`. CH 60 = 60.;
c-exp-agmag.pdf;C-Exp-Ag-Mag;AGU-MAG-1;MÉTODOS DE COMPENSAÇÃO DE AGULHA MAGNÉTICA;60;4;COMPENSAÇÃO DE AGULHA MAGNÉTICA;21;83 - C-Exp-Ag-Mag - I;Of no 10-24/2025;oficio;pareado por grafia: o banco poe o ORDINAL DENTRO do nome: `METODOS DE COMP. AGU-MAG-1.`. CH 60 = 60.;
c-exp-agmag.pdf;C-Exp-Ag-Mag;AGU-MAG-2;PRÁTICA DE COMPENSAÇÃO DE AGULHA MAGNÉTICA;80;1;PRÁTICA DE COMPENSAÇÃO DE AGULHA MAGNÉTICA EM SIMULADOR;48;84 - C-Exp-Ag-Mag - II;Of no 10-24/2025;oficio;pareado por grafia: idem: `METODOS DE COMP. AGU-MAG-2.` — e o curriculo chama de `PRATICA DE COMPENSACAO`, nome diferente. CH 80 = 80, e o sufixo do ordinal e o discriminador.;
c-exp-agmag.pdf;C-Exp-Ag-Mag;AGU-MAG-2;PRÁTICA DE COMPENSAÇÃO DE AGULHA MAGNÉTICA;80;2;PRÁTICA DE COMPENSAÇÃO DE AGULHA MAGNÉTICA A BORDO DE NAVIO;32;84 - C-Exp-Ag-Mag - II;Of no 10-24/2025;oficio;pareado por grafia: idem: `METODOS DE COMP. AGU-MAG-2.` — e o curriculo chama de `PRATICA DE COMPENSACAO`, nome diferente. CH 80 = 80, e o sufixo do ordinal e o discriminador.;
c-exp-bati.pdf;C-Exp-BATI;SIS-BATI-1;BATITERMOGRAFIA;42;1;SISTEMA DE BATITERMOGRAFIA;1;85 - C-Exp-BATI - I;Of no 10-17/2025;oficio;;
c-exp-bati.pdf;C-Exp-BATI;SIS-BATI-1;BATITERMOGRAFIA;42;2;BATITERMÓGRAFO DESCARTÁVEL (X-BT);3;85 - C-Exp-BATI - I;Of no 10-17/2025;oficio;;
c-exp-bati.pdf;C-Exp-BATI;SIS-BATI-1;BATITERMOGRAFIA;42;3;SISTEMAS DE LANÇAMENTO DO X-BT;6;85 - C-Exp-BATI - I;Of no 10-17/2025;oficio;;
c-exp-bati.pdf;C-Exp-BATI;SIS-BATI-1;BATITERMOGRAFIA;42;4;ESTRUTURA TÉRMICA VERTICAL TÍPICA DO OCEANO;6;85 - C-Exp-BATI - I;Of no 10-17/2025;oficio;;
c-exp-bati.pdf;C-Exp-BATI;SIS-BATI-1;BATITERMOGRAFIA;42;5;BATITERMOGRAMAS;4;85 - C-Exp-BATI - I;Of no 10-17/2025;oficio;;
c-exp-bati.pdf;C-Exp-BATI;SIS-BATI-1;BATITERMOGRAFIA;42;6;PARÂMETROS METEOROLÓGICOS;4;85 - C-Exp-BATI - I;Of no 10-17/2025;oficio;;
c-exp-bati.pdf;C-Exp-BATI;SIS-BATI-1;BATITERMOGRAFIA;42;7;MODELOS: REGISTRO DE DADOS BATITERMOGRÁFICOS;3;85 - C-Exp-BATI - I;Of no 10-17/2025;oficio;;
c-exp-bati.pdf;C-Exp-BATI;SIS-BATI-1;BATITERMOGRAFIA;42;8;MENSAGENS BATHY;8;85 - C-Exp-BATI - I;Of no 10-17/2025;oficio;;
c-exp-bati.pdf;C-Exp-BATI;SIS-BATI-1;BATITERMOGRAFIA;42;9;OPERAÇÃO COM O SISTEMA BATITERMOGRÁFICO;7;85 - C-Exp-BATI - I;Of no 10-17/2025;oficio;;
c-exp-metocof_0.pdf;C-Exp-MetocOf;?;METEOROLOGIA;30;1;INTRODUÇÃO A METEOROLOGIA;2;86 - C-Exp-MetocOf - I;Curriculo C-EXP-METOC-OF — MARINHA DO BRASIL, 2011;capa;;
c-exp-metocof_0.pdf;C-Exp-MetocOf;?;METEOROLOGIA;30;2;METEOROLOGIA FÍSICA;6;86 - C-Exp-MetocOf - I;Curriculo C-EXP-METOC-OF — MARINHA DO BRASIL, 2011;capa;;
c-exp-metocof_0.pdf;C-Exp-MetocOf;?;METEOROLOGIA;30;3;METEOROLOGIA DINÂMICA;4;86 - C-Exp-MetocOf - I;Curriculo C-EXP-METOC-OF — MARINHA DO BRASIL, 2011;capa;;
c-exp-metocof_0.pdf;C-Exp-MetocOf;?;METEOROLOGIA;30;4;METEOROLOGIA SINÓTICA;5;86 - C-Exp-MetocOf - I;Curriculo C-EXP-METOC-OF — MARINHA DO BRASIL, 2011;capa;;
c-exp-metocof_0.pdf;C-Exp-MetocOf;?;METEOROLOGIA;30;5;METEOROLOGIA TROPICAL;4;86 - C-Exp-MetocOf - I;Curriculo C-EXP-METOC-OF — MARINHA DO BRASIL, 2011;capa;;
c-exp-metocof_0.pdf;C-Exp-MetocOf;?;METEOROLOGIA;30;6;METEOROLOGIA DE MESOESCALA;3;86 - C-Exp-MetocOf - I;Curriculo C-EXP-METOC-OF — MARINHA DO BRASIL, 2011;capa;;
c-exp-metocof_0.pdf;C-Exp-MetocOf;?;METEOROLOGIA;30;7;METEOROLOGIA POR SATÉLITE;6;86 - C-Exp-MetocOf - I;Curriculo C-EXP-METOC-OF — MARINHA DO BRASIL, 2011;capa;;
c-exp-metocof_0.pdf;C-Exp-MetocOf;?;TÉCNICAS DE PREVISÃO DO TEMPO;19;1;PRODUTOS DISPONÍVEIS;4;87 - C-Exp-MetocOf - II;Curriculo C-EXP-METOC-OF — MARINHA DO BRASIL, 2011;capa;;
c-exp-metocof_0.pdf;C-Exp-MetocOf;?;TÉCNICAS DE PREVISÃO DO TEMPO;19;2;PROCESSOS DE PREVISÃO;15;87 - C-Exp-MetocOf - II;Curriculo C-EXP-METOC-OF — MARINHA DO BRASIL, 2011;capa;;
c-exp-metocof_0.pdf;C-Exp-MetocOf;?;OCEANOGRAFIA;37;1;INTRODUÇÃO À OCEANOGRAFIA;2;88 - C-Exp-MetocOf - III;Curriculo C-EXP-METOC-OF — MARINHA DO BRASIL, 2011;capa;;
c-exp-metocof_0.pdf;C-Exp-MetocOf;?;OCEANOGRAFIA;37;2;PROPRIEDADES FÍSICO-QUÍMICAS DA ÁGUA DO MAR;3;88 - C-Exp-MetocOf - III;Curriculo C-EXP-METOC-OF — MARINHA DO BRASIL, 2011;capa;;
c-exp-metocof_0.pdf;C-Exp-MetocOf;?;OCEANOGRAFIA;37;3;ACÚSTICA SUBMARINA;11;88 - C-Exp-MetocOf - III;Curriculo C-EXP-METOC-OF — MARINHA DO BRASIL, 2011;capa;;
c-exp-metocof_0.pdf;C-Exp-MetocOf;?;OCEANOGRAFIA;37;4;INTERAÇÃO OCEANO-ATMOSFERA;4;88 - C-Exp-MetocOf - III;Curriculo C-EXP-METOC-OF — MARINHA DO BRASIL, 2011;capa;;
c-exp-metocof_0.pdf;C-Exp-MetocOf;?;OCEANOGRAFIA;37;5;CIRCULAÇÃO OCEÂNICA;3;88 - C-Exp-MetocOf - III;Curriculo C-EXP-METOC-OF — MARINHA DO BRASIL, 2011;capa;;
c-exp-metocof_0.pdf;C-Exp-MetocOf;?;OCEANOGRAFIA;37;6;CARACTERÍSTICAS DAS ONDAS OCEÂNICAS;1;88 - C-Exp-MetocOf - III;Curriculo C-EXP-METOC-OF — MARINHA DO BRASIL, 2011;capa;;
c-exp-metocof_0.pdf;C-Exp-MetocOf;?;OCEANOGRAFIA;37;7;GERAÇÃO, PREVISÃO E PROPAGAÇÃO DAS ONDAS;3;88 - C-Exp-MetocOf - III;Curriculo C-EXP-METOC-OF — MARINHA DO BRASIL, 2011;capa;;
c-exp-metocof_0.pdf;C-Exp-MetocOf;?;OCEANOGRAFIA;37;8;TÉCNICAS DE OBSERVAÇÃO DA ONDA;1;88 - C-Exp-MetocOf - III;Curriculo C-EXP-METOC-OF — MARINHA DO BRASIL, 2011;capa;;
c-exp-metocof_0.pdf;C-Exp-MetocOf;?;OCEANOGRAFIA;37;9;MÉTODOS DE PREVISÃO DE ONDAS E ANÁLISE DA CARTA SINÓTICA;2;88 - C-Exp-MetocOf - III;Curriculo C-EXP-METOC-OF — MARINHA DO BRASIL, 2011;capa;;
c-exp-metocof_0.pdf;C-Exp-MetocOf;?;OCEANOGRAFIA;37;10;APLICAÇÕES OPERACIONAIS DOS MÉTODOS DE PREVISÃO;2;88 - C-Exp-MetocOf - III;Curriculo C-EXP-METOC-OF — MARINHA DO BRASIL, 2011;capa;;
c-exp-metocof_0.pdf;C-Exp-MetocOf;?;OCEANOGRAFIA;37;11;ARREBENTAÇÃO DAS ONDAS;5;88 - C-Exp-MetocOf - III;Curriculo C-EXP-METOC-OF — MARINHA DO BRASIL, 2011;capa;;
c-exp-metocof_0.pdf;C-Exp-MetocOf;?;EFEITOS ATMOSFÉRICOS SOBRE A PROPAGAÇÃO ELETRO;18;1;REFRAÇÃO DAS ONDAS ELETROMAGNÉTICAS;2;89 - C-Exp-MetocOf - IV;Curriculo C-EXP-METOC-OF — MARINHA DO BRASIL, 2011;capa;;
c-exp-metocof_0.pdf;C-Exp-MetocOf;?;EFEITOS ATMOSFÉRICOS SOBRE A PROPAGAÇÃO ELETRO;18;2;INTERAÇÃO DAS ONDAS ELETROMAGNÉTICAS ATMOSFERA;4;89 - C-Exp-MetocOf - IV;Curriculo C-EXP-METOC-OF — MARINHA DO BRASIL, 2011;capa;;
c-exp-metocof_0.pdf;C-Exp-MetocOf;?;EFEITOS ATMOSFÉRICOS SOBRE A PROPAGAÇÃO ELETRO;18;3;DUTOS DE EVAPORAÇÃO;3;89 - C-Exp-MetocOf - IV;Curriculo C-EXP-METOC-OF — MARINHA DO BRASIL, 2011;capa;;
c-exp-metocof_0.pdf;C-Exp-MetocOf;?;EFEITOS ATMOSFÉRICOS SOBRE A PROPAGAÇÃO ELETRO;18;4;CAMADAS DE CONFINAMENTO ELEVADAS;3;89 - C-Exp-MetocOf - IV;Curriculo C-EXP-METOC-OF — MARINHA DO BRASIL, 2011;capa;;
c-exp-metocof_0.pdf;C-Exp-MetocOf;?;EFEITOS ATMOSFÉRICOS SOBRE A PROPAGAÇÃO ELETRO;18;5;PREVISÃO DA PROPAGAÇÃO ELETROMAGNÉTICA;6;89 - C-Exp-MetocOf - IV;Curriculo C-EXP-METOC-OF — MARINHA DO BRASIL, 2011;capa;;
c-exp-metocof_0.pdf;C-Exp-MetocOf;?;ESTÁGIO PRÁTICO;50;1;FASE I - PLANEJAMENTO DA OPERAÇÃO INDICADA PARA O ESTUDO PRÁTICO;24;90 - C-Exp-MetocOf - V;Curriculo C-EXP-METOC-OF — MARINHA DO BRASIL, 2011;capa;;
c-exp-metocof_0.pdf;C-Exp-MetocOf;?;ESTÁGIO PRÁTICO;50;2;FASE II - EXECUÇÃO DA OPERAÇÃO;26;90 - C-Exp-MetocOf - V;Curriculo C-EXP-METOC-OF — MARINHA DO BRASIL, 2011;capa;;
c-exp-obs-me_0_0.pdf;C-Exp-Obs-ME;DHN-0225;OBSERVAÇÃO METEOROLÓGICA I;50;1;METEOROLOGIA NAS ATIVIDADES NAVAIS;3;92 - C-Exp-Obs-ME - I;Curriculo C-EXP-OBS-ME — MARINHA DO BRASIL, 2011;capa;;
c-exp-obs-me_0_0.pdf;C-Exp-Obs-ME;DHN-0225;OBSERVAÇÃO METEOROLÓGICA I;50;2;PROPRIEDADES FÍSICAS E FENÔMENOS;18;92 - C-Exp-Obs-ME - I;Curriculo C-EXP-OBS-ME — MARINHA DO BRASIL, 2011;capa;;
c-exp-obs-me_0_0.pdf;C-Exp-Obs-ME;DHN-0225;OBSERVAÇÃO METEOROLÓGICA I;50;3;METEOROLOGIA SINÓTICA;10;92 - C-Exp-Obs-ME - I;Curriculo C-EXP-OBS-ME — MARINHA DO BRASIL, 2011;capa;;
c-exp-obs-me_0_0.pdf;C-Exp-Obs-ME;DHN-0225;OBSERVAÇÃO METEOROLÓGICA I;50;4;TELECOMUNICAÇÕES METEOROLÓGICAS;5;92 - C-Exp-Obs-ME - I;Curriculo C-EXP-OBS-ME — MARINHA DO BRASIL, 2011;capa;;
c-exp-obs-me_0_0.pdf;C-Exp-Obs-ME;DHN-0225;OBSERVAÇÃO METEOROLÓGICA I;50;5;CARTAS E BOLETINS METEOROLÓGICOS;14;92 - C-Exp-Obs-ME - I;Curriculo C-EXP-OBS-ME — MARINHA DO BRASIL, 2011;capa;;
c-exp-obs-me_0_0.pdf;C-Exp-Obs-ME;DHN-0513;OBSERVAÇÃO METEOROLÓGICA II;65;1;ESTAÇÃO METEOROLÓGICA;2;93 - C-Exp-Obs-ME - II;Curriculo C-EXP-OBS-ME — MARINHA DO BRASIL, 2011;capa;;
c-exp-obs-me_0_0.pdf;C-Exp-Obs-ME;DHN-0513;OBSERVAÇÃO METEOROLÓGICA II;65;2;INSTRUMENTOS METEOROLÓGICOS;10;93 - C-Exp-Obs-ME - II;Curriculo C-EXP-OBS-ME — MARINHA DO BRASIL, 2011;capa;;
c-exp-obs-me_0_0.pdf;C-Exp-Obs-ME;DHN-0513;OBSERVAÇÃO METEOROLÓGICA II;65;3;OBSERVAÇÕES METEOROLÓGICAS;45;93 - C-Exp-Obs-ME - II;Curriculo C-EXP-OBS-ME — MARINHA DO BRASIL, 2011;capa;;
c-exp-obs-me_0_0.pdf;C-Exp-Obs-ME;DHN-0513;OBSERVAÇÃO METEOROLÓGICA II;65;4;OBSERVAÇÃO EM ALTITUDE;8;93 - C-Exp-Obs-ME - II;Curriculo C-EXP-OBS-ME — MARINHA DO BRASIL, 2011;capa;;
curriculo-ciaara-est-qf-aphid_presencial_mod2.pdf;EST-QF-APHID;I;O SISTEMA MULTIFEIXE E SUA APLICAÇÃO;16;1;ACÚSTICA SUBMARINA;2;151 - EST-QF-APHID - I;Curriculo EST - QF - APHID — MARINHA DO BRASIL, 2023;capa;;
curriculo-ciaara-est-qf-aphid_presencial_mod2.pdf;EST-QF-APHID;I;O SISTEMA MULTIFEIXE E SUA APLICAÇÃO;16;2;PUBLICAÇÃO;2;151 - EST-QF-APHID - I;Curriculo EST - QF - APHID — MARINHA DO BRASIL, 2023;capa;;
curriculo-ciaara-est-qf-aphid_presencial_mod2.pdf;EST-QF-APHID;I;O SISTEMA MULTIFEIXE E SUA APLICAÇÃO;16;3;PRINCÍCPIOS DOS SISTEMA MULTIFEIXE;5;151 - EST-QF-APHID - I;Curriculo EST - QF - APHID — MARINHA DO BRASIL, 2023;capa;;
curriculo-ciaara-est-qf-aphid_presencial_mod2.pdf;EST-QF-APHID;I;O SISTEMA MULTIFEIXE E SUA APLICAÇÃO;16;4;VELOCIDADE DO SOM E REFRAÇÃO;1;151 - EST-QF-APHID - I;Curriculo EST - QF - APHID — MARINHA DO BRASIL, 2023;capa;;
curriculo-ciaara-est-qf-aphid_presencial_mod2.pdf;EST-QF-APHID;I;O SISTEMA MULTIFEIXE E SUA APLICAÇÃO;16;5;SENSORES AUXILIARES E MOVIMENTO DA EMBARCAÇÃO;2;151 - EST-QF-APHID - I;Curriculo EST - QF - APHID — MARINHA DO BRASIL, 2023;capa;;
curriculo-ciaara-est-qf-aphid_presencial_mod2.pdf;EST-QF-APHID;I;O SISTEMA MULTIFEIXE E SUA APLICAÇÃO;16;6;CALIBRAÇÃO DE SISTEMA MULTIFEIXE (PATCH TEST);2;151 - EST-QF-APHID - I;Curriculo EST - QF - APHID — MARINHA DO BRASIL, 2023;capa;;
curriculo-ciaara-est-qf-aphid_presencial_mod2.pdf;EST-QF-APHID;I;O SISTEMA MULTIFEIXE E SUA APLICAÇÃO;16;7;MARÉ APLICADA;2;151 - EST-QF-APHID - I;Curriculo EST - QF - APHID — MARINHA DO BRASIL, 2023;capa;;
curriculo-ciaara-est-qf-aphid_presencial_mod2.pdf;EST-QF-APHID;II;PRINCIPAIS PROTOCOLOS DE COMUNICAÇÃO ENTRE EQUIPAMENTOS E SISTEMAS;8;1;COMUNICAÇÃO SERIAL;2;152 - EST-QF-APHID - II;Curriculo EST - QF - APHID — MARINHA DO BRASIL, 2023;capa;;
curriculo-ciaara-est-qf-aphid_presencial_mod2.pdf;EST-QF-APHID;II;PRINCIPAIS PROTOCOLOS DE COMUNICAÇÃO ENTRE EQUIPAMENTOS E SISTEMAS;8;2;COMUNICAÇÃO ETHERNET;2;152 - EST-QF-APHID - II;Curriculo EST - QF - APHID — MARINHA DO BRASIL, 2023;capa;;
curriculo-ciaara-est-qf-aphid_presencial_mod2.pdf;EST-QF-APHID;II;PRINCIPAIS PROTOCOLOS DE COMUNICAÇÃO ENTRE EQUIPAMENTOS E SISTEMAS;8;3;PRÁTICA DE CONFIGURAÇÃO DE EQUIPAMENTOS;4;152 - EST-QF-APHID - II;Curriculo EST - QF - APHID — MARINHA DO BRASIL, 2023;capa;;
curriculo-ciaara-est-qf-aphid_presencial_mod2.pdf;EST-QF-APHID;III;PRINCIPAIS SOFTWARES EMPREGADOS NA AQUISIÇÃO E PROCESSAMENTO DE DADOS;16;1;AML SEACAST;2;153 - EST-QF-APHID - III;Curriculo EST - QF - APHID — MARINHA DO BRASIL, 2023;capa;;
curriculo-ciaara-est-qf-aphid_presencial_mod2.pdf;EST-QF-APHID;III;PRINCIPAIS SOFTWARES EMPREGADOS NA AQUISIÇÃO E PROCESSAMENTO DE DADOS;16;2;CARIS HIPS & SIPS;2;153 - EST-QF-APHID - III;Curriculo EST - QF - APHID — MARINHA DO BRASIL, 2023;capa;;
curriculo-ciaara-est-qf-aphid_presencial_mod2.pdf;EST-QF-APHID;III;PRINCIPAIS SOFTWARES EMPREGADOS NA AQUISIÇÃO E PROCESSAMENTO DE DADOS;16;3;SEAFLOOR INFORMATION SYSTEM;12;153 - EST-QF-APHID - III;Curriculo EST - QF - APHID — MARINHA DO BRASIL, 2023;capa;;
curriculo-ciaara-est-qf-aphid_presencial_mod2.pdf;EST-QF-APHID;IV;PRÁTICA DE AQUISIÇÃO DE DADOS;16;1;PRÁTICA DE AQUISIÇÃO DE DADOS;16;154 - EST-QF-APHID - IV;Curriculo EST - QF - APHID — MARINHA DO BRASIL, 2023;capa;;
curriculo-ciaara-est-qf-aphid_presencial_mod2.pdf;EST-QF-APHID;V;PRÁTICA DE PROCESSAMENTO DE DE DADOS;16;1;PRÁTICA DE PROCESSAMENTO DE DADOS;16;155 - EST-QF-APHID - V;Curriculo EST - QF - APHID — MARINHA DO BRASIL, 2023;capa;;
curriculo-ciaara-est-qf-em2040phs.pdf;EST-QF-EM2040PHS;I;MONTAGEM DA HASTE USM HIGHTOWER E SMP;8;1;MONTAGEM DA HASTE;6;157 - EST-QF-EM2040PHS - I;Curriculo EST - QF -  EM2040PHS — MARINHA DO BRASIL, 2024;capa;;
curriculo-ciaara-est-qf-em2040phs.pdf;EST-QF-EM2040PHS;I;MONTAGEM DA HASTE USM HIGHTOWER E SMP;8;2;SMP;2;157 - EST-QF-EM2040PHS - I;Curriculo EST - QF -  EM2040PHS — MARINHA DO BRASIL, 2024;capa;;
curriculo-ciaara-est-qf-em2040phs.pdf;EST-QF-EM2040PHS;II;INTERLIGAÇÃO DE DADOS DO SISTEMA EM2040PHS;8;1;COMUNICAÇÃO DO SISTEMA;3;158 - EST-QF-EM2040PHS - II;Curriculo EST - QF -  EM2040PHS — MARINHA DO BRASIL, 2024;capa;;
curriculo-ciaara-est-qf-em2040phs.pdf;EST-QF-EM2040PHS;II;INTERLIGAÇÃO DE DADOS DO SISTEMA EM2040PHS;8;2;PRINCIPAIS CONFIGURAÇÕES E TRÂMITE DE DADOS;3;158 - EST-QF-EM2040PHS - II;Curriculo EST - QF -  EM2040PHS — MARINHA DO BRASIL, 2024;capa;;
curriculo-ciaara-est-qf-em2040phs.pdf;EST-QF-EM2040PHS;II;INTERLIGAÇÃO DE DADOS DO SISTEMA EM2040PHS;8;3;SISTEMAS DE POSICIONAMENTO DIFERENCIAL;2;158 - EST-QF-EM2040PHS - II;Curriculo EST - QF -  EM2040PHS — MARINHA DO BRASIL, 2024;capa;;
curriculo-ciaara-est-qf-em2040phs.pdf;EST-QF-EM2040PHS;III;OPERAÇÃO BÁSICA DO SOFTWARE SISv5;4;1;SISv5;4;159 - EST-QF-EM2040PHS - III;Curriculo EST - QF -  EM2040PHS — MARINHA DO BRASIL, 2024;capa;;
curriculo-ciaara-est-qf-proc-mf-ead_mod3.pdf;EST-QF-PROC-MF-EAD;I;PRÁTICA DE PROCESSAMENTO DE DE DADOS MULTIFEIXE;57;1;PRÁTICA DE PROCESSAMENTO DE DADOS MULTIFEIXE;57;156 - EST-QF-PROC-MF-EAD - I;Curriculo EST - QF – PROC – MF - EAD — MARINHA DO BRASIL, 2024;capa;;
est-qf-mareflu.pdf;EST-QF-MAREFLU;I;AQUISIÇÃO E ANÁLISE DE DADOS MAREGRÁFICOS E FLUVIOMÉTRICOS;60;1;DEFINIÇÕES GERAIS BÁSICAS;12;163 - EST-QF-MAREFLU - I;Curriculo EST-QF-MAREFLU — MARINHA DO BRASIL, 2026;capa;;
est-qf-mareflu.pdf;EST-QF-MAREFLU;I;AQUISIÇÃO E ANÁLISE DE DADOS MAREGRÁFICOS E FLUVIOMÉTRICOS;60;2;NOÇÕES BÁSICAS DE AQUISIÇÃO E ANÁLISE DE DADOS MAREGRÁFICOS;28;163 - EST-QF-MAREFLU - I;Curriculo EST-QF-MAREFLU — MARINHA DO BRASIL, 2026;capa;;
est-qf-mareflu.pdf;EST-QF-MAREFLU;I;AQUISIÇÃO E ANÁLISE DE DADOS MAREGRÁFICOS E FLUVIOMÉTRICOS;60;3;NOÇÕES BÁSICAS DE AQUISIÇÃO E ANÁLISE DE DADOS FLUVIOMÉTRICOS;12;163 - EST-QF-MAREFLU - I;Curriculo EST-QF-MAREFLU — MARINHA DO BRASIL, 2026;capa;;
est-qf-mareflu.pdf;EST-QF-MAREFLU;I;AQUISIÇÃO E ANÁLISE DE DADOS MAREGRÁFICOS E FLUVIOMÉTRICOS;60;4;REDUÇÃO DE SONDAGEM EM RIOS COM INFLUÊNCIA DE MARÉ ASTRONÔMICA;8;163 - EST-QF-MAREFLU - I;Curriculo EST-QF-MAREFLU — MARINHA DO BRASIL, 2026;capa;;
est-qf-navflu-ead.pdf;EST-QF-NAVFLU-EAD;EST-QF-NAVFLU-EAD;NOÇÕES BÁSICAS DE NAVEGAÇÃO FLUVIAL;36;1;Métodos de Navegação Empregados a Bordo;2;162 - EST-QF-NAVFLU-EAD - I;Curriculo EST - QF - NAVFLU - EAD — MARINHA DO BRASIL, 2026;capa;;
est-qf-navflu-ead.pdf;EST-QF-NAVFLU-EAD;EST-QF-NAVFLU-EAD;NOÇÕES BÁSICAS DE NAVEGAÇÃO FLUVIAL;36;2;Equipe de Navegação;2;162 - EST-QF-NAVFLU-EAD - I;Curriculo EST - QF - NAVFLU - EAD — MARINHA DO BRASIL, 2026;capa;;
est-qf-navflu-ead.pdf;EST-QF-NAVFLU-EAD;EST-QF-NAVFLU-EAD;NOÇÕES BÁSICAS DE NAVEGAÇÃO FLUVIAL;36;3;Planejamento de Viagem;6;162 - EST-QF-NAVFLU-EAD - I;Curriculo EST - QF - NAVFLU - EAD — MARINHA DO BRASIL, 2026;capa;;
est-qf-navflu-ead.pdf;EST-QF-NAVFLU-EAD;EST-QF-NAVFLU-EAD;NOÇÕES BÁSICAS DE NAVEGAÇÃO FLUVIAL;36;4;Acompanhamento de Embarcações na Área Navegada;3;162 - EST-QF-NAVFLU-EAD - I;Curriculo EST - QF - NAVFLU - EAD — MARINHA DO BRASIL, 2026;capa;;
est-qf-navflu-ead.pdf;EST-QF-NAVFLU-EAD;EST-QF-NAVFLU-EAD;NOÇÕES BÁSICAS DE NAVEGAÇÃO FLUVIAL;36;5;Particularidades da Navegação em Hidrovias;7;162 - EST-QF-NAVFLU-EAD - I;Curriculo EST - QF - NAVFLU - EAD — MARINHA DO BRASIL, 2026;capa;;
est-qf-navflu-ead.pdf;EST-QF-NAVFLU-EAD;EST-QF-NAVFLU-EAD;NOÇÕES BÁSICAS DE NAVEGAÇÃO FLUVIAL;36;6;Procedimentos da Navegação Fluvial;12;162 - EST-QF-NAVFLU-EAD - I;Curriculo EST - QF - NAVFLU - EAD — MARINHA DO BRASIL, 2026;capa;;
est-qf-navflu-ead.pdf;EST-QF-NAVFLU-EAD;EST-QF-NAVFLU-EAD;NOÇÕES BÁSICAS DE NAVEGAÇÃO FLUVIAL;36;7;Termos Regionais Utilizados na Navegação Fluvial;4;162 - EST-QF-NAVFLU-EAD - I;Curriculo EST - QF - NAVFLU - EAD — MARINHA DO BRASIL, 2026;capa;;
est-qf-pgrs100.pdf;EST-QF-PGRS100;I;PRODUÇÃO GRÁFICA;20;1;CONCEITOS INTRODUTÓRIOS;2;160 - EST-QF-PGRS100 - I;Curriculo EST - QF - PGRS100 — MARINHA DO BRASIL, 2025;capa;;
est-qf-pgrs100.pdf;EST-QF-PGRS100;I;PRODUÇÃO GRÁFICA;20;2;MÓDULO 2: PRÉ-IMPRESSÃO;4;160 - EST-QF-PGRS100 - I;Curriculo EST - QF - PGRS100 — MARINHA DO BRASIL, 2025;capa;;
est-qf-pgrs100.pdf;EST-QF-PGRS100;I;PRODUÇÃO GRÁFICA;20;3;IMPRESSÃO;3;160 - EST-QF-PGRS100 - I;Curriculo EST - QF - PGRS100 — MARINHA DO BRASIL, 2025;capa;;
est-qf-pgrs100.pdf;EST-QF-PGRS100;I;PRODUÇÃO GRÁFICA;20;4;PÓS-IMPRESSÃO;3;160 - EST-QF-PGRS100 - I;Curriculo EST - QF - PGRS100 — MARINHA DO BRASIL, 2025;capa;;
est-qf-pgrs100.pdf;EST-QF-PGRS100;I;PRODUÇÃO GRÁFICA;20;5;PROJETO FINAL;3;160 - EST-QF-PGRS100 - I;Curriculo EST - QF - PGRS100 — MARINHA DO BRASIL, 2025;capa;;
est-qf-pgrs100.pdf;EST-QF-PGRS100;I;PRODUÇÃO GRÁFICA;20;6;PROJEÇÕES TRANSVERSAIS DE MERCATOR;5;160 - EST-QF-PGRS100 - I;Curriculo EST - QF - PGRS100 — MARINHA DO BRASIL, 2025;capa;;
est-qf-pgrs100.pdf;EST-QF-PGRS100;II;CARTOGRAFIA NÁUTICA E PUBLICAÇÕES DE AUXÍLIO À NAVEGAÇÃO;10;1;TIPOS DE PRODUTOS CARTOGRÁFICOS;3;161 - EST-QF-PGRS100 - II;Curriculo EST - QF - PGRS100 — MARINHA DO BRASIL, 2025;capa;;
est-qf-pgrs100.pdf;EST-QF-PGRS100;II;CARTOGRAFIA NÁUTICA E PUBLICAÇÕES DE AUXÍLIO À NAVEGAÇÃO;10;2;PUBLICAÇÕES DE AUXÍLIO À NAVEGAÇÃO;3;161 - EST-QF-PGRS100 - II;Curriculo EST - QF - PGRS100 — MARINHA DO BRASIL, 2025;capa;;
est-qf-pgrs100.pdf;EST-QF-PGRS100;II;CARTOGRAFIA NÁUTICA E PUBLICAÇÕES DE AUXÍLIO À NAVEGAÇÃO;10;3;O MODELO DE DADOS UNIVERSAL (S-100);4;161 - EST-QF-PGRS100 - II;Curriculo EST - QF - PGRS100 — MARINHA DO BRASIL, 2025;capa;;
of-10-16-2023-densm-ciaara-an-c-apa-ocop-pr-sp.pdf;C-ApA-OcOp-PR-SP;OCOPISP;INGLÊS TÉCNICO;30;1;ESTRATÉGIA DE LEITURA;30;140 - C-ApA-OcOp-PR-SP - I;Of no 10-16/2023;oficio;;
of-10-16-2023-densm-ciaara-an-c-apa-ocop-pr-sp.pdf;C-ApA-OcOp-PR-SP;OCOPIISP;OCEANOGRAFIA FÍSICA DESCRITIVA;46;1;IMPORTÂNCIA DA OCEANOGRAFIA PARA MARINHA DO BRASIL;1;141 - C-ApA-OcOp-PR-SP - II;Of no 10-16/2023;oficio;;
of-10-16-2023-densm-ciaara-an-c-apa-ocop-pr-sp.pdf;C-ApA-OcOp-PR-SP;OCOPIISP;OCEANOGRAFIA FÍSICA DESCRITIVA;46;2;COMPOSIÇÃO DA ÁGUA DO MAR;4;141 - C-ApA-OcOp-PR-SP - II;Of no 10-16/2023;oficio;;
of-10-16-2023-densm-ciaara-an-c-apa-ocop-pr-sp.pdf;C-ApA-OcOp-PR-SP;OCOPIISP;OCEANOGRAFIA FÍSICA DESCRITIVA;46;3;PROPRIEDADES FÍSICO QUÍMICAS DA ÁGUA DO MAR;7;141 - C-ApA-OcOp-PR-SP - II;Of no 10-16/2023;oficio;;
of-10-16-2023-densm-ciaara-an-c-apa-ocop-pr-sp.pdf;C-ApA-OcOp-PR-SP;OCOPIISP;OCEANOGRAFIA FÍSICA DESCRITIVA;46;4;INTERAÇÃO OCEANO ATMOSFERA;6;141 - C-ApA-OcOp-PR-SP - II;Of no 10-16/2023;oficio;;
of-10-16-2023-densm-ciaara-an-c-apa-ocop-pr-sp.pdf;C-ApA-OcOp-PR-SP;OCOPIISP;OCEANOGRAFIA FÍSICA DESCRITIVA;46;5;CORRENTES OCEÂNICAS E MASSAS DE ÁGUA;23;141 - C-ApA-OcOp-PR-SP - II;Of no 10-16/2023;oficio;;
of-10-16-2023-densm-ciaara-an-c-apa-ocop-pr-sp.pdf;C-ApA-OcOp-PR-SP;OCOPIISP;OCEANOGRAFIA FÍSICA DESCRITIVA;46;6;PRÁTICA DE OCEANOGRAFIA FÍSICA DESCRITIVA;5;141 - C-ApA-OcOp-PR-SP - II;Of no 10-16/2023;oficio;;
of-10-16-2023-densm-ciaara-an-c-apa-ocop-pr-sp.pdf;C-ApA-OcOp-PR-SP;OCOPIIISP;ONDAS;14;1;ONDAS;14;142 - C-ApA-OcOp-PR-SP - III;Of no 10-16/2023;oficio;;
of-10-16-2023-densm-ciaara-an-c-apa-ocop-pr-sp.pdf;C-ApA-OcOp-PR-SP;OCOPIVSP;TÓPICOS ESPECIAIS EM MARÉS;30;1;INTERPRETAÇÃO DA ANÁLISE E PREVISÃO DA MARÉ;8;143 - C-ApA-OcOp-PR-SP - IV;Of no 10-16/2023;oficio;;
of-10-16-2023-densm-ciaara-an-c-apa-ocop-pr-sp.pdf;C-ApA-OcOp-PR-SP;OCOPIVSP;TÓPICOS ESPECIAIS EM MARÉS;30;2;ESTAÇÃO MAREGRÁFICA;6;143 - C-ApA-OcOp-PR-SP - IV;Of no 10-16/2023;oficio;;
of-10-16-2023-densm-ciaara-an-c-apa-ocop-pr-sp.pdf;C-ApA-OcOp-PR-SP;OCOPIVSP;TÓPICOS ESPECIAIS EM MARÉS;30;3;REDUÇÃO DE SONDAGENS;16;143 - C-ApA-OcOp-PR-SP - IV;Of no 10-16/2023;oficio;;
of-10-16-2023-densm-ciaara-an-c-apa-ocop-pr-sp.pdf;C-ApA-OcOp-PR-SP;OCOPVSP;CONCEITOS ESSENCIAIS DE MODELAGEM NUMÉRICA OCEANOGRÁFICA;15;1;PREVISÃO NUMÉRICA;7;144 - C-ApA-OcOp-PR-SP - V;Of no 10-16/2023;oficio;;
of-10-16-2023-densm-ciaara-an-c-apa-ocop-pr-sp.pdf;C-ApA-OcOp-PR-SP;OCOPVSP;CONCEITOS ESSENCIAIS DE MODELAGEM NUMÉRICA OCEANOGRÁFICA;15;2;SERVIÇO METEOROLÓGICO MARINHO;8;144 - C-ApA-OcOp-PR-SP - V;Of no 10-16/2023;oficio;;
of-10-16-2023-densm-ciaara-an-c-apa-ocop-pr-sp.pdf;C-ApA-OcOp-PR-SP;OCOPVISP;ANÁLISE DE DADOS;30;1;NOÇÕES DE PROCESSAMENTO DE DADOS;30;145 - C-ApA-OcOp-PR-SP - VI;Of no 10-16/2023;oficio;;
of-10-16-2023-densm-ciaara-an-c-apa-ocop-pr-sp.pdf;C-ApA-OcOp-PR-SP;OCOPVIISP;INFORMÁTICA APLICADA;30;1;SISTEMAS OPERACIONAIS;6;146 - C-ApA-OcOp-PR-SP - VII;Of no 10-16/2023;oficio;;
of-10-16-2023-densm-ciaara-an-c-apa-ocop-pr-sp.pdf;C-ApA-OcOp-PR-SP;OCOPVIISP;INFORMÁTICA APLICADA;30;2;FERRAMENTAS DE ANÁLISE DO EXCEL;8;146 - C-ApA-OcOp-PR-SP - VII;Of no 10-16/2023;oficio;;
of-10-16-2023-densm-ciaara-an-c-apa-ocop-pr-sp.pdf;C-ApA-OcOp-PR-SP;OCOPVIISP;INFORMÁTICA APLICADA;30;3;LINGUAGEM DE PROGRAMAÇÃO;16;146 - C-ApA-OcOp-PR-SP - VII;Of no 10-16/2023;oficio;;
of-10-16-2023-densm-ciaara-an-c-apa-ocop-pr-sp.pdf;C-ApA-OcOp-PR-SP;OCOPVIIISP;INSTRUMENTAÇÃO OCEANOGRÁFICA;36;1;DADOS OCEANOGRÁFICOS ADQUIRIDOS PELA MB;4;147 - C-ApA-OcOp-PR-SP - VIII;Of no 10-16/2023;oficio;;
of-10-16-2023-densm-ciaara-an-c-apa-ocop-pr-sp.pdf;C-ApA-OcOp-PR-SP;OCOPVIIISP;INSTRUMENTAÇÃO OCEANOGRÁFICA;36;2;TEMPERATURA E SALINIDADE;10;147 - C-ApA-OcOp-PR-SP - VIII;Of no 10-16/2023;oficio;;
of-10-16-2023-densm-ciaara-an-c-apa-ocop-pr-sp.pdf;C-ApA-OcOp-PR-SP;OCOPVIIISP;INSTRUMENTAÇÃO OCEANOGRÁFICA;36;3;CORRENTOMETRIA;10;147 - C-ApA-OcOp-PR-SP - VIII;Of no 10-16/2023;oficio;;
of-10-16-2023-densm-ciaara-an-c-apa-ocop-pr-sp.pdf;C-ApA-OcOp-PR-SP;OCOPVIIISP;INSTRUMENTAÇÃO OCEANOGRÁFICA;36;4;BOIAS E FLUTUADORES;8;147 - C-ApA-OcOp-PR-SP - VIII;Of no 10-16/2023;oficio;;
of-10-16-2023-densm-ciaara-an-c-apa-ocop-pr-sp.pdf;C-ApA-OcOp-PR-SP;OCOPVIIISP;INSTRUMENTAÇÃO OCEANOGRÁFICA;36;5;OCEANOGRAFIA POR SATÉLITE;4;147 - C-ApA-OcOp-PR-SP - VIII;Of no 10-16/2023;oficio;;
of-10-16-2023-densm-ciaara-an-c-apa-ocop-pr-sp.pdf;C-ApA-OcOp-PR-SP;OCOPIXSP;OCEANOGRAFIA PRÁTICA;29;1;PLANEJAMENTO DO LEVANTAMENTO OCEANOGRÁFICO;5;148 - C-ApA-OcOp-PR-SP - IX;Of no 10-16/2023;oficio;;
of-10-16-2023-densm-ciaara-an-c-apa-ocop-pr-sp.pdf;C-ApA-OcOp-PR-SP;OCOPIXSP;OCEANOGRAFIA PRÁTICA;29;2;PREPARAÇÃO E OPERAÇÃO DE EQUIPAMENTOS OCEANOGRÁFICOS;24;148 - C-ApA-OcOp-PR-SP - IX;Of no 10-16/2023;oficio;;
of-10-16-2023-densm-ciaara-an-c-apa-ocop-pr-sp.pdf;C-ApA-OcOp-PR-SP;OCOPXSP;TRABALHO DE FINAL DE CURSO;80;1;APRESENTAÇÃO DOS TEMAS;10;149 - C-ApA-OcOp-PR-SP - X;Of no 10-16/2023;oficio;pareado por grafia: banco PERDEU a palavra FINAL: `TRABALHO DE  DE CURSO.`. CH 80 = 80.;
of-10-16-2023-densm-ciaara-an-c-apa-ocop-pr-sp.pdf;C-ApA-OcOp-PR-SP;OCOPXSP;TRABALHO DE FINAL DE CURSO;80;2;ORIENTAÇÃO DE FORMATAÇÃO, ESTRUTURAÇÃO E COMPOSIÇÃO DO TRABALHO DE FINAL DE CURSO;70;149 - C-ApA-OcOp-PR-SP - X;Of no 10-16/2023;oficio;pareado por grafia: banco PERDEU a palavra FINAL: `TRABALHO DE  DE CURSO.`. CH 80 = 80.;
of-10-16-2025-densm-ciaara-an-c-exp-metoc-sp-512.2.01.pdf;C-Exp-Metoc-OF-SP;Metoc-I;METEOROLOGIA;48;1;INTRODUÇÃO À METEOROLOGIA;4;86 - C-Exp-Metoc-OF-SP - I;Of no 10-16/2025;oficio;;
of-10-16-2025-densm-ciaara-an-c-exp-metoc-sp-512.2.01.pdf;C-Exp-Metoc-OF-SP;Metoc-I;METEOROLOGIA;48;2;METEOROLOGIA FÍSICA;8;86 - C-Exp-Metoc-OF-SP - I;Of no 10-16/2025;oficio;;
of-10-16-2025-densm-ciaara-an-c-exp-metoc-sp-512.2.01.pdf;C-Exp-Metoc-OF-SP;Metoc-I;METEOROLOGIA;48;3;METEOROLOGIA DINÂMICA;6;86 - C-Exp-Metoc-OF-SP - I;Of no 10-16/2025;oficio;;
of-10-16-2025-densm-ciaara-an-c-exp-metoc-sp-512.2.01.pdf;C-Exp-Metoc-OF-SP;Metoc-I;METEOROLOGIA;48;4;METEOROLOGIA SINÓTICA;5;86 - C-Exp-Metoc-OF-SP - I;Of no 10-16/2025;oficio;;
of-10-16-2025-densm-ciaara-an-c-exp-metoc-sp-512.2.01.pdf;C-Exp-Metoc-OF-SP;Metoc-I;METEOROLOGIA;48;5;METEOROLOGIA TROPICAL;5;86 - C-Exp-Metoc-OF-SP - I;Of no 10-16/2025;oficio;;
of-10-16-2025-densm-ciaara-an-c-exp-metoc-sp-512.2.01.pdf;C-Exp-Metoc-OF-SP;Metoc-I;METEOROLOGIA;48;6;METEOROLOGIA DE MESOESCALA;4;86 - C-Exp-Metoc-OF-SP - I;Of no 10-16/2025;oficio;;
of-10-16-2025-densm-ciaara-an-c-exp-metoc-sp-512.2.01.pdf;C-Exp-Metoc-OF-SP;Metoc-I;METEOROLOGIA;48;7;METEOROLOGIA POR SATÉLITE;2;86 - C-Exp-Metoc-OF-SP - I;Of no 10-16/2025;oficio;;
of-10-16-2025-densm-ciaara-an-c-exp-metoc-sp-512.2.01.pdf;C-Exp-Metoc-OF-SP;Metoc-I;METEOROLOGIA;48;8;EFEITOS ATMOSFÉRICOS SOBRE A PROPAGAÇÃO ELETROMAGNÉTICA;14;86 - C-Exp-Metoc-OF-SP - I;Of no 10-16/2025;oficio;;
of-10-16-2025-densm-ciaara-an-c-exp-metoc-sp-512.2.01.pdf;C-Exp-Metoc-OF-SP;Metoc-II;TÉCNICAS DE PREVISÃO DO TEMPO;19;1;MONITORAMENTO METEOROLÓGICO;4;87 - C-Exp-Metoc-OF-SP - II;Of no 10-16/2025;oficio;;
of-10-16-2025-densm-ciaara-an-c-exp-metoc-sp-512.2.01.pdf;C-Exp-Metoc-OF-SP;Metoc-II;TÉCNICAS DE PREVISÃO DO TEMPO;19;2;PRODUTOS METEOROLÓGICOS DISPONÍVEIS AOS NAVEGANTES;5;87 - C-Exp-Metoc-OF-SP - II;Of no 10-16/2025;oficio;;
of-10-16-2025-densm-ciaara-an-c-exp-metoc-sp-512.2.01.pdf;C-Exp-Metoc-OF-SP;Metoc-II;TÉCNICAS DE PREVISÃO DO TEMPO;19;3;PROCESSO DE PREVISÃO;10;87 - C-Exp-Metoc-OF-SP - II;Of no 10-16/2025;oficio;;
of-10-16-2025-densm-ciaara-an-c-exp-metoc-sp-512.2.01.pdf;C-Exp-Metoc-OF-SP;Metoc-III;OCEANOGRAFIA;37;1;INTRODUÇÃO À OCEANOGRAFIA;2;88 - C-Exp-Metoc-OF-SP - III;Of no 10-16/2025;oficio;;
of-10-16-2025-densm-ciaara-an-c-exp-metoc-sp-512.2.01.pdf;C-Exp-Metoc-OF-SP;Metoc-III;OCEANOGRAFIA;37;2;PROPRIEDADES FÍSICO-QUÍMICAS DA ÁGUA DO MAR;3;88 - C-Exp-Metoc-OF-SP - III;Of no 10-16/2025;oficio;;
of-10-16-2025-densm-ciaara-an-c-exp-metoc-sp-512.2.01.pdf;C-Exp-Metoc-OF-SP;Metoc-III;OCEANOGRAFIA;37;3;ACÚSTICA SUBMARINA;11;88 - C-Exp-Metoc-OF-SP - III;Of no 10-16/2025;oficio;;
of-10-16-2025-densm-ciaara-an-c-exp-metoc-sp-512.2.01.pdf;C-Exp-Metoc-OF-SP;Metoc-III;OCEANOGRAFIA;37;4;INTERAÇÃO OCEANO-ATMOSFERA;4;88 - C-Exp-Metoc-OF-SP - III;Of no 10-16/2025;oficio;;
of-10-16-2025-densm-ciaara-an-c-exp-metoc-sp-512.2.01.pdf;C-Exp-Metoc-OF-SP;Metoc-III;OCEANOGRAFIA;37;5;CIRCULAÇÃO OCEÂNICA;3;88 - C-Exp-Metoc-OF-SP - III;Of no 10-16/2025;oficio;;
of-10-16-2025-densm-ciaara-an-c-exp-metoc-sp-512.2.01.pdf;C-Exp-Metoc-OF-SP;Metoc-III;OCEANOGRAFIA;37;6;CARACTERÍSTICAS DAS ONDAS OCEÂNICAS;1;88 - C-Exp-Metoc-OF-SP - III;Of no 10-16/2025;oficio;;
of-10-16-2025-densm-ciaara-an-c-exp-metoc-sp-512.2.01.pdf;C-Exp-Metoc-OF-SP;Metoc-III;OCEANOGRAFIA;37;7;GERAÇÃO, PROPAGAÇÃO E PREVISÃO DAS ONDAS;3;88 - C-Exp-Metoc-OF-SP - III;Of no 10-16/2025;oficio;;
of-10-16-2025-densm-ciaara-an-c-exp-metoc-sp-512.2.01.pdf;C-Exp-Metoc-OF-SP;Metoc-III;OCEANOGRAFIA;37;8;TÉCNICA DA OBSERVAÇÃO DA ONDA;1;88 - C-Exp-Metoc-OF-SP - III;Of no 10-16/2025;oficio;;
of-10-16-2025-densm-ciaara-an-c-exp-metoc-sp-512.2.01.pdf;C-Exp-Metoc-OF-SP;Metoc-III;OCEANOGRAFIA;37;9;MÉTODOS DE PREVISÃO DE ONDAS E CARTA SINÓTICA;2;88 - C-Exp-Metoc-OF-SP - III;Of no 10-16/2025;oficio;;
of-10-16-2025-densm-ciaara-an-c-exp-metoc-sp-512.2.01.pdf;C-Exp-Metoc-OF-SP;Metoc-III;OCEANOGRAFIA;37;10;APLICAÇÕES OPERACIONAIS DOS MÉTODOS DE PREVISÃO;2;88 - C-Exp-Metoc-OF-SP - III;Of no 10-16/2025;oficio;;
of-10-16-2025-densm-ciaara-an-c-exp-metoc-sp-512.2.01.pdf;C-Exp-Metoc-OF-SP;Metoc-III;OCEANOGRAFIA;37;11;ARREBENTAÇÃO DAS ONDAS;5;88 - C-Exp-Metoc-OF-SP - III;Of no 10-16/2025;oficio;;
of-10-16-2025-densm-ciaara-an-c-exp-metoc-sp-512.2.01.pdf;C-Exp-Metoc-OF-SP;Metoc-IV;ESTÁGIO PRÁTICO;40;1;PLANEJAMENTO DA OPERAÇÃO INDICADA PARA O ESTUDO PRÁTICO;25;90 - C-Exp-Metoc-OF-SP - V;Of no 10-16/2025;oficio;;
of-10-16-2025-densm-ciaara-an-c-exp-metoc-sp-512.2.01.pdf;C-Exp-Metoc-OF-SP;Metoc-IV;ESTÁGIO PRÁTICO;40;2;EXECUÇÃO DA OPERAÇÃO;15;90 - C-Exp-Metoc-OF-SP - V;Of no 10-16/2025;oficio;;
of-10-27-2022-densm-ciaara-an-c-apa-prevme-pr-ead_0_0.pdf;C-ApA-PrevMe-PR-EAD;PrevMeIEAD;INGLÊS TÉCNICO;37;1;ESTRATÉGIAS DE LEITURA;37;133 - C-ApA-PrevMe-PR-EAD - PrevMe I;Of no 10-27/2022;oficio;;
of-10-27-2022-densm-ciaara-an-c-apa-prevme-pr-ead_0_0.pdf;C-ApA-PrevMe-PR-EAD;PrevMeIIEAD;METEOROLOGIA MARÍTIMA OPERACIONAL;54;1;METEOROLOGIA SINÓTICA PARA A NAVEGAÇÃO;30;134 - C-ApA-PrevMe-PR-EAD - PrevMe II;Of no 10-27/2022;oficio;;
of-10-27-2022-densm-ciaara-an-c-apa-prevme-pr-ead_0_0.pdf;C-ApA-PrevMe-PR-EAD;PrevMeIIEAD;METEOROLOGIA MARÍTIMA OPERACIONAL;54;2;INTERPRETAÇÃO DE PRODUTOS DE SATÉLITES METEOROLÓGICOS;12;134 - C-ApA-PrevMe-PR-EAD - PrevMe II;Of no 10-27/2022;oficio;;
of-10-27-2022-densm-ciaara-an-c-apa-prevme-pr-ead_0_0.pdf;C-ApA-PrevMe-PR-EAD;PrevMeIIEAD;METEOROLOGIA MARÍTIMA OPERACIONAL;54;3;SISTEMA GLOBAL DE INFORMAÇÕES METEOROLÓGICAS PARA O MAR;12;134 - C-ApA-PrevMe-PR-EAD - PrevMe II;Of no 10-27/2022;oficio;;
of-10-27-2022-densm-ciaara-an-c-apa-prevme-pr-ead_0_0.pdf;C-ApA-PrevMe-PR-EAD;PrevMeIIIEAD;INTERAÇÃO OCEANO-ATMOSFERA;47;1;MASSAS DE ÁGUA;16;135 - C-ApA-PrevMe-PR-EAD - PrevMe III;Of no 10-27/2022;oficio;;
of-10-27-2022-densm-ciaara-an-c-apa-prevme-pr-ead_0_0.pdf;C-ApA-PrevMe-PR-EAD;PrevMeIIIEAD;INTERAÇÃO OCEANO-ATMOSFERA;47;2;NÍVEL DO MAR;8;135 - C-ApA-PrevMe-PR-EAD - PrevMe III;Of no 10-27/2022;oficio;;
of-10-27-2022-densm-ciaara-an-c-apa-prevme-pr-ead_0_0.pdf;C-ApA-PrevMe-PR-EAD;PrevMeIIIEAD;INTERAÇÃO OCEANO-ATMOSFERA;47;3;CIRCULAÇÃO OCEÂNICA E COSTEIRA;15;135 - C-ApA-PrevMe-PR-EAD - PrevMe III;Of no 10-27/2022;oficio;;
of-10-27-2022-densm-ciaara-an-c-apa-prevme-pr-ead_0_0.pdf;C-ApA-PrevMe-PR-EAD;PrevMeIIIEAD;INTERAÇÃO OCEANO-ATMOSFERA;47;4;DADOS OCEANOGRÁFICOS;8;135 - C-ApA-PrevMe-PR-EAD - PrevMe III;Of no 10-27/2022;oficio;;
of-10-27-2022-densm-ciaara-an-c-apa-prevme-pr-ead_0_0.pdf;C-ApA-PrevMe-PR-EAD;PrevMeIVEAD;FUNDAMENTOS DE MODELAGEM NUMÉRICA;34;1;INTRODUÇÃO À MODELAGEM NUMÉRICA;4;136 - C-ApA-PrevMe-PR-EAD - PrevMe IV;Of no 10-27/2022;oficio;;
of-10-27-2022-densm-ciaara-an-c-apa-prevme-pr-ead_0_0.pdf;C-ApA-PrevMe-PR-EAD;PrevMeIVEAD;FUNDAMENTOS DE MODELAGEM NUMÉRICA;34;2;TIPOS DE MODELOS NUMÉRICOS;4;136 - C-ApA-PrevMe-PR-EAD - PrevMe IV;Of no 10-27/2022;oficio;;
of-10-27-2022-densm-ciaara-an-c-apa-prevme-pr-ead_0_0.pdf;C-ApA-PrevMe-PR-EAD;PrevMeIVEAD;FUNDAMENTOS DE MODELAGEM NUMÉRICA;34;3;CARACTERÍSTICAS DOS MODELOS NUMÉRICOS;10;136 - C-ApA-PrevMe-PR-EAD - PrevMe IV;Of no 10-27/2022;oficio;;
of-10-27-2022-densm-ciaara-an-c-apa-prevme-pr-ead_0_0.pdf;C-ApA-PrevMe-PR-EAD;PrevMeIVEAD;FUNDAMENTOS DE MODELAGEM NUMÉRICA;34;4;ETAPAS DA PREVISÃO NUMÉRICA;4;136 - C-ApA-PrevMe-PR-EAD - PrevMe IV;Of no 10-27/2022;oficio;;
of-10-27-2022-densm-ciaara-an-c-apa-prevme-pr-ead_0_0.pdf;C-ApA-PrevMe-PR-EAD;PrevMeIVEAD;FUNDAMENTOS DE MODELAGEM NUMÉRICA;34;5;INTERPRETAÇÃO DE PRODUTOS NUMÉRICOS;10;136 - C-ApA-PrevMe-PR-EAD - PrevMe IV;Of no 10-27/2022;oficio;;
of-10-27-2022-densm-ciaara-an-c-apa-prevme-pr-ead_0_0.pdf;C-ApA-PrevMe-PR-EAD;PrevMeIVEAD;FUNDAMENTOS DE MODELAGEM NUMÉRICA;34;6;PRODUTOS NUMÉRICOS DISPONIBILIZADOS PELO CHM;2;136 - C-ApA-PrevMe-PR-EAD - PrevMe IV;Of no 10-27/2022;oficio;;
of-10-27-2022-densm-ciaara-an-c-apa-prevme-pr-ead_0_0.pdf;C-ApA-PrevMe-PR-EAD;PrevMeVEAD;METEOROLOGIA PARA OPERAÇÕES AÉREAS;34;1;CÓDIGOS METEOROLÓGICOS;9;137 - C-ApA-PrevMe-PR-EAD - PrevMe V;Of no 10-27/2022;oficio;;
of-10-27-2022-densm-ciaara-an-c-apa-prevme-pr-ead_0_0.pdf;C-ApA-PrevMe-PR-EAD;PrevMeVEAD;METEOROLOGIA PARA OPERAÇÕES AÉREAS;34;2;CARTAS METEOROLÓGICAS;7;137 - C-ApA-PrevMe-PR-EAD - PrevMe V;Of no 10-27/2022;oficio;;
of-10-27-2022-densm-ciaara-an-c-apa-prevme-pr-ead_0_0.pdf;C-ApA-PrevMe-PR-EAD;PrevMeVEAD;METEOROLOGIA PARA OPERAÇÕES AÉREAS;34;3;BRIEFING METEOROLÓGICO;18;137 - C-ApA-PrevMe-PR-EAD - PrevMe V;Of no 10-27/2022;oficio;;
of-10-27-2022-densm-ciaara-an-c-apa-prevme-pr-ead_0_0.pdf;C-ApA-PrevMe-PR-EAD;PrevMeVIEAD;PUBLICAÇÕES E NORMAS DE METEOROLOGIA E OCEANOGRAFIA;54;1;ORGANIZAÇÃO METEOROLÓGICA MUNDIAL (OMM/WMO);4;138 - C-ApA-PrevMe-PR-EAD - PrevMe VI;Of no 10-27/2022;oficio;;
of-10-27-2022-densm-ciaara-an-c-apa-prevme-pr-ead_0_0.pdf;C-ApA-PrevMe-PR-EAD;PrevMeVIEAD;PUBLICAÇÕES E NORMAS DE METEOROLOGIA E OCEANOGRAFIA;54;2;NORMAS E MANUAIS DA OMM;20;138 - C-ApA-PrevMe-PR-EAD - PrevMe VI;Of no 10-27/2022;oficio;;
of-10-27-2022-densm-ciaara-an-c-apa-prevme-pr-ead_0_0.pdf;C-ApA-PrevMe-PR-EAD;PrevMeVIEAD;PUBLICAÇÕES E NORMAS DE METEOROLOGIA E OCEANOGRAFIA;54;3;COMISSÃO OCEANOGRÁFICA INTERGOVERNAMENTAL (COI/IOC);4;138 - C-ApA-PrevMe-PR-EAD - PrevMe VI;Of no 10-27/2022;oficio;;
of-10-27-2022-densm-ciaara-an-c-apa-prevme-pr-ead_0_0.pdf;C-ApA-PrevMe-PR-EAD;PrevMeVIEAD;PUBLICAÇÕES E NORMAS DE METEOROLOGIA E OCEANOGRAFIA;54;4;ORGANIZAÇÃO MARÍTIMA INTERNACIONAL (OMI/IMO);10;138 - C-ApA-PrevMe-PR-EAD - PrevMe VI;Of no 10-27/2022;oficio;;
of-10-27-2022-densm-ciaara-an-c-apa-prevme-pr-ead_0_0.pdf;C-ApA-PrevMe-PR-EAD;PrevMeVIEAD;PUBLICAÇÕES E NORMAS DE METEOROLOGIA E OCEANOGRAFIA;54;5;ORGANIZAÇÃO HIDROGRÁFICA INTERNACIONAL (OHI/IHO);4;138 - C-ApA-PrevMe-PR-EAD - PrevMe VI;Of no 10-27/2022;oficio;;
of-10-27-2022-densm-ciaara-an-c-apa-prevme-pr-ead_0_0.pdf;C-ApA-PrevMe-PR-EAD;PrevMeVIEAD;PUBLICAÇÕES E NORMAS DE METEOROLOGIA E OCEANOGRAFIA;54;6;NORMAS DA MARINHA DO BRASIL;12;138 - C-ApA-PrevMe-PR-EAD - PrevMe VI;Of no 10-27/2022;oficio;;
of-10-27-2022-densm-ciaara-an-c-apa-prevme-pr-ead_0_0.pdf;C-ApA-PrevMe-PR-EAD;PrevMeVIIEAD;TRABALHO DE FINAL DE CURSO;100;1;APRESENTAÇÃO DOS TEMAS E ORIENTAÇÕES GERAIS;4;139 - C-ApA-PrevMe-PR-EAD - PrevMe VII;Of no 10-27/2022;oficio;;
of-10-27-2022-densm-ciaara-an-c-apa-prevme-pr-ead_0_0.pdf;C-ApA-PrevMe-PR-EAD;PrevMeVIIEAD;TRABALHO DE FINAL DE CURSO;100;2;ELABORAÇÃO DO TRABALHO DE FINAL DE CURSO;96;139 - C-ApA-PrevMe-PR-EAD - PrevMe VII;Of no 10-27/2022;oficio;;
marinha_do_brasil_-_curriculo-do-est-qf-apoc.pdf;EST-QF-APOC;I;AQUISIÇÃO E PROCESSAMENTO DE DADOS OCEANOGRÁFICOS;79;1;INTRODUÇÃO À OCEANOGRAFIA;9;150 - EST-QF-APOC - I;Curriculo EST-QF-APOC — CIAARA, 2021 (transcrito de imagem);transcrito_de_imagem;"transcrito de imagem (P-4, conferencia §4.1); a soma 80 x CH 79 e divergencia INTERNA do PDF (TEMPO RESERVA 1 HORA) — esta disciplina e excluida NOMINALMENTE da assercao de soma";
marinha_do_brasil_-_curriculo-do-est-qf-apoc.pdf;EST-QF-APOC;I;AQUISIÇÃO E PROCESSAMENTO DE DADOS OCEANOGRÁFICOS;79;2;AQUISIÇÃO DE DADOS NOS MEIOS DA MB;18;150 - EST-QF-APOC - I;Curriculo EST-QF-APOC — CIAARA, 2021 (transcrito de imagem);transcrito_de_imagem;"transcrito de imagem (P-4, conferencia §4.1); a soma 80 x CH 79 e divergencia INTERNA do PDF (TEMPO RESERVA 1 HORA) — esta disciplina e excluida NOMINALMENTE da assercao de soma";
marinha_do_brasil_-_curriculo-do-est-qf-apoc.pdf;EST-QF-APOC;I;AQUISIÇÃO E PROCESSAMENTO DE DADOS OCEANOGRÁFICOS;79;3;CORRENTOMETRIA;9;150 - EST-QF-APOC - I;Curriculo EST-QF-APOC — CIAARA, 2021 (transcrito de imagem);transcrito_de_imagem;"transcrito de imagem (P-4, conferencia §4.1); a soma 80 x CH 79 e divergencia INTERNA do PDF (TEMPO RESERVA 1 HORA) — esta disciplina e excluida NOMINALMENTE da assercao de soma";
marinha_do_brasil_-_curriculo-do-est-qf-apoc.pdf;EST-QF-APOC;I;AQUISIÇÃO E PROCESSAMENTO DE DADOS OCEANOGRÁFICOS;79;4;ANÁLISE DOS DADOS;20;150 - EST-QF-APOC - I;Curriculo EST-QF-APOC — CIAARA, 2021 (transcrito de imagem);transcrito_de_imagem;"transcrito de imagem (P-4, conferencia §4.1); a soma 80 x CH 79 e divergencia INTERNA do PDF (TEMPO RESERVA 1 HORA) — esta disciplina e excluida NOMINALMENTE da assercao de soma";
marinha_do_brasil_-_curriculo-do-est-qf-apoc.pdf;EST-QF-APOC;I;AQUISIÇÃO E PROCESSAMENTO DE DADOS OCEANOGRÁFICOS;79;5;ATIVIDADES PRÁTICAS;24;150 - EST-QF-APOC - I;Curriculo EST-QF-APOC — CIAARA, 2021 (transcrito de imagem);transcrito_de_imagem;"transcrito de imagem (P-4, conferencia §4.1); a soma 80 x CH 79 e divergencia INTERNA do PDF (TEMPO RESERVA 1 HORA) — esta disciplina e excluida NOMINALMENTE da assercao de soma";
;C-ApA-AuxNav-PR-SP;;AMBIENTAÇÃO VIRTUAL;;;;;;;;sem_unidades_ensino = true;AMBIENTACAO e FASE no curriculo, nao disciplina: aparece so na composicao da CH, nunca no quadro de disciplinas (conferencia §4.5). Sem UE por natureza. CH e duvida P-1.
;C-ApA-OcOp-PR-SP;;AMBIENTAÇÃO VIRTUAL;;;;;;;;sem_unidades_ensino = true;idem §4.5 — curriculo 10 h x banco 8.
;C-ApA-PCN-PR-EAD;;AMBIENTAÇÃO VIRTUAL;;;;;;;;sem_unidades_ensino = true;idem §4.5 — curriculo 5 h x banco 8.
;C-ApA-PrevMe-PR-EAD;;AMBIENTAÇÃO VIRTUAL;;;;;;;;sem_unidades_ensino = true;idem §4.5 — curriculo 5 h x banco 8.
;C-Exp-Metoc-OF-SP;;AMBIENTAÇÃO VIRTUAL;;;;;;;;sem_unidades_ensino = true;idem §4.5 — curriculo 8 h = banco 8.
;C-Exp-Metoc-OF-SP;;EFEITOS ATMOSFÉRICOS SOBRE A PROPAGAÇÃO ELETROMAGNÉTICA;;;;;;;;sem_unidades_ensino = true;A linha carrega a sigla do OUTRO curso e a CH da `IV` do curriculo de 2011. O pareamento NUNCA e cruzado (P-2), e replicar a UE do presencial seria inferir (D-B4). Se a linha deve existir aqui, e com que CH, e CADASTRO: corrige-se na tela (P-1). Conferencia §4.6, PEND-5b-5.
;C-Espc-FR;HN-1104-0506;FÍSICA APLICADA À HIDROGRAFIA.;;;;;;;;curriculo_modelo = 'competencias';"Curso por COMPETENCIAS: nenhuma `LISTA DE UNIDADES DE ENSINO` em 127 + 146 paginas (conferencia §4.4). O curso inteiro muda de modelo; nao e ausencia de dado."
;C-Espc-FR;SN-1103-0506;PRIMEIROS SOCORROS.;;;;;;;;curriculo_modelo = 'competencias';"Curso por COMPETENCIAS: nenhuma `LISTA DE UNIDADES DE ENSINO` em 127 + 146 paginas (conferencia §4.4). O curso inteiro muda de modelo; nao e ausencia de dado."
;C-Espc-FR;MAANFR-001;MATEMÁTICA APLICADA AOS AUX. À NAV..;;;;;;;;curriculo_modelo = 'competencias';"Curso por COMPETENCIAS: nenhuma `LISTA DE UNIDADES DE ENSINO` em 127 + 146 paginas (conferencia §4.4). O curso inteiro muda de modelo; nao e ausencia de dado."
;C-Espc-FR;IITFR-003;INTRODUÇÃO AO INGLÊS TÉCNICO.;;;;;;;;curriculo_modelo = 'competencias';"Curso por COMPETENCIAS: nenhuma `LISTA DE UNIDADES DE ENSINO` em 127 + 146 paginas (conferencia §4.4). O curso inteiro muda de modelo; nao e ausencia de dado."
;C-Espc-FR;TFMFR-004;TFM.;;;;;;;;curriculo_modelo = 'competencias';"Curso por COMPETENCIAS: nenhuma `LISTA DE UNIDADES DE ENSINO` em 127 + 146 paginas (conferencia §4.4). O curso inteiro muda de modelo; nao e ausencia de dado."
;C-Espc-FR;PPREVACER-005;PREVENÇÃO DE ACIDENTES.;;;;;;;;curriculo_modelo = 'competencias';"Curso por COMPETENCIAS: nenhuma `LISTA DE UNIDADES DE ENSINO` em 127 + 146 paginas (conferencia §4.4). O curso inteiro muda de modelo; nao e ausencia de dado."
;C-Espc-FR;INTANFR-006;INTRODUÇÃO AOS AUXÍLIOS À NAVEGAÇÃO.;;;;;;;;curriculo_modelo = 'competencias';"Curso por COMPETENCIAS: nenhuma `LISTA DE UNIDADES DE ENSINO` em 127 + 146 paginas (conferencia §4.4). O curso inteiro muda de modelo; nao e ausencia de dado."
;C-Espc-FR;MFMFR-007;METROLOGIA E FERRA. MANUAIS.;;;;;;;;curriculo_modelo = 'competencias';"Curso por COMPETENCIAS: nenhuma `LISTA DE UNIDADES DE ENSINO` em 127 + 146 paginas (conferencia §4.4). O curso inteiro muda de modelo; nao e ausencia de dado."
;C-Espc-FR;AUXNAVFR-008;AUXÍLIOS À NAVEGAÇÃO.;;;;;;;;curriculo_modelo = 'competencias';"Curso por COMPETENCIAS: nenhuma `LISTA DE UNIDADES DE ENSINO` em 127 + 146 paginas (conferencia §4.4). O curso inteiro muda de modelo; nao e ausencia de dado."
;C-Espc-FR;INELEFR-009;INSTALAÇÕES ELÉTRICAS.;;;;;;;;curriculo_modelo = 'competencias';"Curso por COMPETENCIAS: nenhuma `LISTA DE UNIDADES DE ENSINO` em 127 + 146 paginas (conferencia §4.4). O curso inteiro muda de modelo; nao e ausencia de dado."
;C-Espc-FR;EQUFR-010;EQUIP. DE AUX. À NAVEGAÇÃO.;;;;;;;;curriculo_modelo = 'competencias';"Curso por COMPETENCIAS: nenhuma `LISTA DE UNIDADES DE ENSINO` em 127 + 146 paginas (conferencia §4.4). O curso inteiro muda de modelo; nao e ausencia de dado."
;C-Espc-FR;FONFR-011;FONTES DE ENERGIA E PROJETOS DE AUXÍLIOS À NAVEGAÇÃO.;;;;;;;;curriculo_modelo = 'competencias';"Curso por COMPETENCIAS: nenhuma `LISTA DE UNIDADES DE ENSINO` em 127 + 146 paginas (conferencia §4.4). O curso inteiro muda de modelo; nao e ausencia de dado."
;C-Espc-FR;ESTANFR-012;ESTRUTURAS DE AUX. À NAV..;;;;;;;;curriculo_modelo = 'competencias';"Curso por COMPETENCIAS: nenhuma `LISTA DE UNIDADES DE ENSINO` em 127 + 146 paginas (conferencia §4.4). O curso inteiro muda de modelo; nao e ausencia de dado."
;C-Espc-FR;FANAVFR-13;FAINAS DE AUXÍLIOS À NAVEGAÇÃO.;;;;;;;;curriculo_modelo = 'competencias';"Curso por COMPETENCIAS: nenhuma `LISTA DE UNIDADES DE ENSINO` em 127 + 146 paginas (conferencia §4.4). O curso inteiro muda de modelo; nao e ausencia de dado."
;C-Espc-FR;ADMANFR-014;ADMINISTRAÇÃO DE AUXÍLIOS À NAVEGAÇÃO.;;;;;;;;curriculo_modelo = 'competencias';"Curso por COMPETENCIAS: nenhuma `LISTA DE UNIDADES DE ENSINO` em 127 + 146 paginas (conferencia §4.4). O curso inteiro muda de modelo; nao e ausencia de dado."
;C-Espc-FR;NAV-015;NAVEGAÇÃO.;;;;;;;;curriculo_modelo = 'competencias';"Curso por COMPETENCIAS: nenhuma `LISTA DE UNIDADES DE ENSINO` em 127 + 146 paginas (conferencia §4.4). O curso inteiro muda de modelo; nao e ausencia de dado."
;C-Espc-FR;MBFCFR-017;MANUTENÇÃO DE AUXÍLIOS À NAVEGAÇÃO DE  DE CURSO.;;;;;;;;curriculo_modelo = 'competencias';"Curso por COMPETENCIAS: nenhuma `LISTA DE UNIDADES DE ENSINO` em 127 + 146 paginas (conferencia §4.4). O curso inteiro muda de modelo; nao e ausencia de dado."
;C-Espc-HN;HN-1104-0808;MATEMÁTICA APLICADA À HIDROGRAFIA.;;;;;;;;curriculo_modelo = 'competencias';"Curso por COMPETENCIAS: nenhuma `LISTA DE UNIDADES DE ENSINO` em 127 + 146 paginas (conferencia §4.4). O curso inteiro muda de modelo; nao e ausencia de dado."
;C-Espc-HN;HN-1104-0506;FÍSICA APLICADA À HIDROGRAFIA.;;;;;;;;curriculo_modelo = 'competencias';"Curso por COMPETENCIAS: nenhuma `LISTA DE UNIDADES DE ENSINO` em 127 + 146 paginas (conferencia §4.4). O curso inteiro muda de modelo; nao e ausencia de dado."
;C-Espc-HN;HN-1102-0710;INTRODUÇÃO AO INGLÊS TÉCNICO.;;;;;;;;curriculo_modelo = 'competencias';"Curso por COMPETENCIAS: nenhuma `LISTA DE UNIDADES DE ENSINO` em 127 + 146 paginas (conferencia §4.4). O curso inteiro muda de modelo; nao e ausencia de dado."
;C-Espc-HN;HN-1103-0506;TFM.;;;;;;;;curriculo_modelo = 'competencias';"Curso por COMPETENCIAS: nenhuma `LISTA DE UNIDADES DE ENSINO` em 127 + 146 paginas (conferencia §4.4). O curso inteiro muda de modelo; nao e ausencia de dado."
;C-Espc-HN;HN-1105-0243;CARTOGRAFIA.;;;;;;;;curriculo_modelo = 'competencias';"Curso por COMPETENCIAS: nenhuma `LISTA DE UNIDADES DE ENSINO` em 127 + 146 paginas (conferencia §4.4). O curso inteiro muda de modelo; nao e ausencia de dado."
;C-Espc-HN;HN-1106-0423;NAVEGAÇÃO I.;;;;;;;;curriculo_modelo = 'competencias';"Curso por COMPETENCIAS: nenhuma `LISTA DE UNIDADES DE ENSINO` em 127 + 146 paginas (conferencia §4.4). O curso inteiro muda de modelo; nao e ausencia de dado."
;C-Espc-HN;HN-1107-1011;NAVEGAÇÃO II.;;;;;;;;curriculo_modelo = 'competencias';"Curso por COMPETENCIAS: nenhuma `LISTA DE UNIDADES DE ENSINO` em 127 + 146 paginas (conferencia §4.4). O curso inteiro muda de modelo; nao e ausencia de dado."
;C-Espc-HN;HN-1108-0619;METEOROLOGIA.;;;;;;;;curriculo_modelo = 'competencias';"Curso por COMPETENCIAS: nenhuma `LISTA DE UNIDADES DE ENSINO` em 127 + 146 paginas (conferencia §4.4). O curso inteiro muda de modelo; nao e ausencia de dado."
;C-Espc-HN;HN-1109-0812;OCEANOGRAFIA.;;;;;;;;curriculo_modelo = 'competencias';"Curso por COMPETENCIAS: nenhuma `LISTA DE UNIDADES DE ENSINO` em 127 + 146 paginas (conferencia §4.4). O curso inteiro muda de modelo; nao e ausencia de dado."
;C-Espc-HN;HN-1110-0815;TOPOGRAFIA.;;;;;;;;curriculo_modelo = 'competencias';"Curso por COMPETENCIAS: nenhuma `LISTA DE UNIDADES DE ENSINO` em 127 + 146 paginas (conferencia §4.4). O curso inteiro muda de modelo; nao e ausencia de dado."
;C-Espc-HN;HN-1111-0508;MARÉS.;;;;;;;;curriculo_modelo = 'competencias';"Curso por COMPETENCIAS: nenhuma `LISTA DE UNIDADES DE ENSINO` em 127 + 146 paginas (conferencia §4.4). O curso inteiro muda de modelo; nao e ausencia de dado."
;C-Espc-HN;HN-1112-0815;SONDAGEM.;;;;;;;;curriculo_modelo = 'competencias';"Curso por COMPETENCIAS: nenhuma `LISTA DE UNIDADES DE ENSINO` em 127 + 146 paginas (conferencia §4.4). O curso inteiro muda de modelo; nao e ausencia de dado."
;C-Espc-HN;SN-1103-0506;PRIMEIROS SOCORROS.;;;;;;;;curriculo_modelo = 'competencias';"Curso por COMPETENCIAS: nenhuma `LISTA DE UNIDADES DE ENSINO` em 127 + 146 paginas (conferencia §4.4). O curso inteiro muda de modelo; nao e ausencia de dado."
;C-Espc-HN;HN-1114-0730;HIDROGRAFIA APLICADA.;;;;;;;;curriculo_modelo = 'competencias';"Curso por COMPETENCIAS: nenhuma `LISTA DE UNIDADES DE ENSINO` em 127 + 146 paginas (conferencia §4.4). O curso inteiro muda de modelo; nao e ausencia de dado."
