arquivo;curso_sigla;disciplina_ordinal;disciplina_nome;disciplina_ch_horas;numero_ue;topico;ue_ch_horas;qtd_subunidades;subunidades
2.-of-10-6-2025-densm-ciaara-ana-caho-512.2.01.pdf;CAHO;I;INFORMÁTICA APLICADA À HIDROGRAFIA;45;1;SISTEMAS COMPUTACIONAIS;10;3;"Arquitetura e sistema operacional | Comunicação e sincronia; e | Redes de Computadores, Internet e armazenamento em nuvem"
2.-of-10-6-2025-densm-ciaara-ana-caho-512.2.01.pdf;CAHO;I;INFORMÁTICA APLICADA À HIDROGRAFIA;45;2;EDITOR DE TEXTO, PLANILHA E APLICATIVO GRÁFICO;8;2;"Editor de texto e planilha eletrônica; e | Aplicativo gráfico"
2.-of-10-6-2025-densm-ciaara-ana-caho-512.2.01.pdf;CAHO;I;INFORMÁTICA APLICADA À HIDROGRAFIA;45;3;SISTEMAS GERENCIADORES DE BANCO DE DADOS;11;5;"Modelos conceitual e lógico | Tipos de arquivos | Bancos de dados relacionais | Linguagem SQL (data definition language e data manipulation language); e | Banco de dados geoespaciais"
2.-of-10-6-2025-densm-ciaara-ana-caho-512.2.01.pdf;CAHO;I;INFORMÁTICA APLICADA À HIDROGRAFIA;45;4;PROGRAMAÇÃO;16;2;"Noções de programação; e | Implementação de programas"
2.-of-10-6-2025-densm-ciaara-ana-caho-512.2.01.pdf;CAHO;II;OCEANOGRAFIA;87;1;PROPRIEDADES DA ÁGUA DO MAR;13;9;"Componentes da água do mar | Comportamento espectral da luz no mar | Principais nutrientes e gases dissolvidos nos oceanos | Distribuição da salinidade nos oceanos | Distribuição da temperatura nos oceanos | Balanço térmico dos oceanos | Interação oceano-atmosfera | Distribuição da densidade da água nos oceanos; e | Análise de massas de água de Plataformas Continentais"
2.-of-10-6-2025-densm-ciaara-ana-caho-512.2.01.pdf;CAHO;II;OCEANOGRAFIA;87;2;O CAMPO DE DENSIDADE;4;3;"Equação da continuidade | Interpretação dos termos da equação de estado da água do mar; e | Análise do campo de massa"
2.-of-10-6-2025-densm-ciaara-ana-caho-512.2.01.pdf;CAHO;II;OCEANOGRAFIA;87;3;CAMPO DE GRAVIDADE NO MAR;3;2;"Variação horizontal e vertical da gravidade do mar; e | Geopotencial"
2.-of-10-6-2025-densm-ciaara-ana-caho-512.2.01.pdf;CAHO;II;OCEANOGRAFIA;87;4;O CAMPO DE PRESSÃO;2;2;"As forças induzidas pelo campo de pressão; e | Anomalias geopotenciais"
2.-of-10-6-2025-densm-ciaara-ana-caho-512.2.01.pdf;CAHO;II;OCEANOGRAFIA;87;5;A EQUAÇÃO DO MOVIMENTO;5;1;A equação do movimento para os oceanos
2.-of-10-6-2025-densm-ciaara-ana-caho-512.2.01.pdf;CAHO;II;OCEANOGRAFIA;87;6;O MOVIMENTO GEOSTRÓFICO;3;2;"A equação do movimento geostrófico; e | Cálculo do fluxo geostrófico"
2.-of-10-6-2025-densm-ciaara-ana-caho-512.2.01.pdf;CAHO;II;OCEANOGRAFIA;87;7;CORRENTES PRODUZIDAS PELO VENTO;5;1;Teoria de Ekman
2.-of-10-6-2025-densm-ciaara-ana-caho-512.2.01.pdf;CAHO;II;OCEANOGRAFIA;87;8;CIRCULAÇÃO GERAL DOS OCEANOS;10;4;"Sistemas de correntes de superfície dos oceanos | Circulação termohalina do Atlântico Sul | Frentes e vórtices oceânicos; e | Fontes internacionais de dados oceanográficos (bancos de dados)"
2.-of-10-6-2025-densm-ciaara-ana-caho-512.2.01.pdf;CAHO;II;OCEANOGRAFIA;87;9;ONDAS;10;9;"Forças geradoras de onda no mar | Teoria linear de Airy | A geração e propagação de ondas de gravidade no mar | Transformação das ondas em águas intermediárias e rasas | Células de circulação litorânea na zona de arrebentação | Zona de arrebentação | Morfologia praial devido à ação das ondas | Medições de ondas por meio de radares e boias; e | Tsunamis"
2.-of-10-6-2025-densm-ciaara-ana-caho-512.2.01.pdf;CAHO;II;OCEANOGRAFIA;87;10;PLANEJAMENTO E EXECUÇÃO DE LEVANTAMENTO OCEANOGRÁFICO;32;7;"Planejamento de uma comissão oceanográfica | Coleta e conservação de amostras de água do mar | Medição dos parâmetros oceanográficos | Registro de dados oceanográficos | Tratamento dos dados coletados em uma Estação Oceanográfica | Representação gráfica dos parâmetros oceanográficos; e | Levantamento oceanográfico"
2.-of-10-6-2025-densm-ciaara-ana-caho-512.2.01.pdf;CAHO;III;ESTATÍSTICA;39;1;INTRODUÇÃO À ANÁLISE ESTATÍSTICA;4;6;"Conceito de análise de dados estatísticos | Tipos de variáveis | Distribuição de frequências | Classes, limites, larguras, marcas e fronteiras | Medidas descritivas; e | Gráficos"
2.-of-10-6-2025-densm-ciaara-ana-caho-512.2.01.pdf;CAHO;III;ESTATÍSTICA;39;2;INTRODUÇÃO À TEORIA DAS PROBABILIDADES;3;3;"Experimentos aleatórios | Probabilidade; e | Teorema de Bayes"
2.-of-10-6-2025-densm-ciaara-ana-caho-512.2.01.pdf;CAHO;III;ESTATÍSTICA;39;3;VARIÁVEIS ALEATÓRIAS;3;3;"Princípios de variáveis aleatórias | Tipos de variáveis aleatórias; e | Expectância matemática e variância"
2.-of-10-6-2025-densm-ciaara-ana-caho-512.2.01.pdf;CAHO;III;ESTATÍSTICA;39;4;DISTRIBUIÇÕES DE PROBABILIDADE;5;3;"Função densidade de probabilidade | Distribuições discretas de probabilidade; e | Distribuições contínuas de probabilidade"
2.-of-10-6-2025-densm-ciaara-ana-caho-512.2.01.pdf;CAHO;III;ESTATÍSTICA;39;5;FUNÇÕES DE VARIÁVEIS ALEATÓRIAS;5;4;"Funções de variáveis aleatórias discretas | Funções de variáveis aleatórias contínuas | Distribuições marginal e condicionada; e | Variáveis aleatórias independentes"
2.-of-10-6-2025-densm-ciaara-ana-caho-512.2.01.pdf;CAHO;III;ESTATÍSTICA;39;6;AMOSTRAGEM ESTATÍSTICA;5;3;"Introdução à amostragem estatística | Teorema do Limite Central; e | Estatísticas amostrais"
2.-of-10-6-2025-densm-ciaara-ana-caho-512.2.01.pdf;CAHO;III;ESTATÍSTICA;39;7;ESTIMAÇÃO DE PARÂMETROS;3;2;"Métodos de estimação de parâmetros; e | Intervalos de confiança"
2.-of-10-6-2025-densm-ciaara-ana-caho-512.2.01.pdf;CAHO;III;ESTATÍSTICA;39;8;TESTE DE HIPÓTESES;3;2;"Hipóteses estatísticas para a média; e | Hipóteses estatísticas para a variância"
2.-of-10-6-2025-densm-ciaara-ana-caho-512.2.01.pdf;CAHO;III;ESTATÍSTICA;39;9;AJUSTE DE CURVAS, REGRESSÃO E CORRELAÇÃO;8;4;"Ajuste de curvas | O método dos mínimos quadrados | Regressão linear e múltipla; e | Coeficiente de correlação e covariância"
2.-of-10-6-2025-densm-ciaara-ana-caho-512.2.01.pdf;CAHO;IV;TOPOGRAFIA;148;1;CONCEITOS INTRODUTÓRIOS;4;2;"Propósitos da Topografia; e | Operações Topográficas no LH"
2.-of-10-6-2025-densm-ciaara-ana-caho-512.2.01.pdf;CAHO;IV;TOPOGRAFIA;148;2;MEDIÇÃO DE ÂNGULOS;20;5;"Instrumentos de medição angular: Teodolito e Estação Total | Medição angular com teodolito ótico-mecânico | Medição angular com estação total | Prática de medição de ângulos horizontais e verticais; e | Documentação das atividades de medição angular"
2.-of-10-6-2025-densm-ciaara-ana-caho-512.2.01.pdf;CAHO;IV;TOPOGRAFIA;148;3;MEDIÇÃO DE DISTÂNCIAS;16;4;"Processos de medição de distâncias em topografia | Medição indireta de distâncias pelo método ótico | Medição indireta de distâncias pelo método eletrônico; e | Correções atmosféricas e radiométricas"
2.-of-10-6-2025-densm-ciaara-ana-caho-512.2.01.pdf;CAHO;IV;TOPOGRAFIA;148;4;NIVELAMENTO;16;7;"Questão da altitude na Cartografia Náutica | Instrumentos de nivelamento | Nivelamento geométrico | Nivelamento trigonométrico | Efeitos de curvatura e refração | Níveis de redução e correção de datum de altitude; e | Documentação das atividades de nivelamento"
2.-of-10-6-2025-densm-ciaara-ana-caho-512.2.01.pdf;CAHO;IV;TOPOGRAFIA;148;5;POSICIONAMENTO TOPOGRÁFICO;52;2;"Sistemas de coordenadas planas; e | Posicionamento topográfico por meio de métodos planimétricos e altimétricos"
2.-of-10-6-2025-densm-ciaara-ana-caho-512.2.01.pdf;CAHO;IV;TOPOGRAFIA;148;6;LEVANTAMENTO TOPOGRÁFICO;40;3;Planejamento de um levantamento topográfico: aspectos logísticos e controle | Execução de levantamento topográfico aplicando os métodos planimétricos e | Análise dos resultados do levantamento topográfico
2.-of-10-6-2025-densm-ciaara-ana-caho-512.2.01.pdf;CAHO;V;METEOROLOGIA;78;1;FUNDAMENTOS E OBSERVAÇÃO DO TEMPO;14;5;"Estrutura vertical e variabilidade da atmosfera | Dados atmosféricos e tipos de observação | Temperatura e umidade | Condensação: ponto de orvalho e de geada, nevoeiros; e | Estabilidade e formação de nuvens e precipitação"
2.-of-10-6-2025-densm-ciaara-ana-caho-512.2.01.pdf;CAHO;V;METEOROLOGIA;78;2;PRESSÃO ATMOSFÉRICA E VENTOS;14;5;"Pressão atmosférica | Direção e velocidade do vento | Vento geostrófico e sua variabilidade | Vento: convergência, divergência e movimento vertical; e | Estado do mar: ondas geradas pelo vento"
2.-of-10-6-2025-densm-ciaara-ana-caho-512.2.01.pdf;CAHO;V;METEOROLOGIA;78;3;VENTOS E A CIRCULAÇÃO GERAL DA ATMOSFERA;12;3;"Sistemas globais de vento e pressão | Ventos locais: brisa marítima e ventos anabáticos e catabáticos; e | Interação oceano-atmosfera e variações na circulação atmosférica"
2.-of-10-6-2025-densm-ciaara-ana-caho-512.2.01.pdf;CAHO;V;METEOROLOGIA;78;4;PREVISÃO DO TEMPO: SISTEMAS ATMOSFÉRICOS;12;4;"Massas de ar (Anticiclones) e frentes | Ciclones: tropicais subtropicais e extratropicais | Tempestades severas; e | Sistemas sinóticos que atuam no Brasil"
2.-of-10-6-2025-densm-ciaara-ana-caho-512.2.01.pdf;CAHO;V;METEOROLOGIA;78;5;PREVISÃO DO TEMPO: TÉCNICAS DE PREVISÃO;14;4;"Princípios da previsão do tempo | Cartas e gráficos sinóticos para a previsão do tempo | Boletins e avisos meteorológicos; e | Previsão numérica do tempo"
2.-of-10-6-2025-densm-ciaara-ana-caho-512.2.01.pdf;CAHO;V;METEOROLOGIA;78;6;METEOROLOGIA APLICADA NA MB;12;3;"Códigos meteorológicos e intercâmbio internacional de dados | NAVEMARINST10-11 e NORMAM-19; e | Meteorologia nos LH"
2.-of-10-6-2025-densm-ciaara-ana-caho-512.2.01.pdf;CAHO;VI;GEODÉSIA;107;1;INTRODUÇÃO À GEODÉSIA;10;2;"Histórico e conceitos introdutórios; e | Sistemas de coordenadas e tempo utilizados em Geodésia"
2.-of-10-6-2025-densm-ciaara-ana-caho-512.2.01.pdf;CAHO;VI;GEODÉSIA;107;2;GEODÉSIA GEOMÉTRICA;13;2;"Introdução à Geodésia Geométrica; e | Geometria no elipsoide de revolução"
2.-of-10-6-2025-densm-ciaara-ana-caho-512.2.01.pdf;CAHO;VI;GEODÉSIA;107;3;GEODÉSIA FÍSICA;8;2;"Campo gravitacional da terra; e | Métodos de Determinação do Geoide e Altitudes"
2.-of-10-6-2025-densm-ciaara-ana-caho-512.2.01.pdf;CAHO;VI;GEODÉSIA;107;4;SISTEMAS GEODÉSICOS DE REFERÊNCIA;9;3;"Sistemas geodésicos clássicos e sistemas geodésicos geocêntricos | Sistemas geodésicos e data brasileiros; e | Influência da gravidade no elipsoide terrestre"
2.-of-10-6-2025-densm-ciaara-ana-caho-512.2.01.pdf;CAHO;VI;GEODÉSIA;107;5;CÁLCULOS GEODÉSICOS;17;3;Transporte de coordenadas sobre a superfície do Elipsoide | Transformação de coordenadas Geodésicas em Planas UTM (Universal Transverso | Transformações entre sistemas geodésicos
2.-of-10-6-2025-densm-ciaara-ana-caho-512.2.01.pdf;CAHO;VI;GEODÉSIA;107;6;POSICIONAMENTO GEODÉSICO COM SATÉLITES ARTIFICIAIS;50;6;"Geometria das Órbitas | Sistemas e sinais do GNSS | Observáveis GNSS e Fontes de Erros | Métodos e técnicas de posicionamento relativo e absoluto | Planejamento do rastreio GNSS; e | Prática de rastreio GNSS"
2.-of-10-6-2025-densm-ciaara-ana-caho-512.2.01.pdf;CAHO;VII;GEOLOGIA E GEOFÍSICA MARINHA;40;1;GEOLOGIA;4;1;Conceitos elementares
2.-of-10-6-2025-densm-ciaara-ana-caho-512.2.01.pdf;CAHO;VII;GEOLOGIA E GEOFÍSICA MARINHA;40;2;ESTRUTURA DA TERRA;2;2;"Estrutura interna da terra; e | Origem do campo magnético terrestre"
2.-of-10-6-2025-densm-ciaara-ana-caho-512.2.01.pdf;CAHO;VII;GEOLOGIA E GEOFÍSICA MARINHA;40;3;TECTÔNICA DE PLACAS;4;1;Teoria da Deriva Continental
2.-of-10-6-2025-densm-ciaara-ana-caho-512.2.01.pdf;CAHO;VII;GEOLOGIA E GEOFÍSICA MARINHA;40;4;FISIOGRAFIA DO FUNDO OCEÂNICO;4;1;Margem continental, bacia oceânica e cordilheira oceânica
2.-of-10-6-2025-densm-ciaara-ana-caho-512.2.01.pdf;CAHO;VII;GEOLOGIA E GEOFÍSICA MARINHA;40;5;TIPOS DE MARGEM;4;1;Margem passiva e ativa
2.-of-10-6-2025-densm-ciaara-ana-caho-512.2.01.pdf;CAHO;VII;GEOLOGIA E GEOFÍSICA MARINHA;40;6;INTRODUÇÃO GERAL À GEOFÍSICA MARINHA;1;1;Conceitos elementares de Geofísica
2.-of-10-6-2025-densm-ciaara-ana-caho-512.2.01.pdf;CAHO;VII;GEOLOGIA E GEOFÍSICA MARINHA;40;7;GRAVIMETRIA OCEÂNICA;4;3;"O campo da gravidade terrestre | Equipamentos e instrumentos de medição; e | Levantamento gravimétrico: procedimentos de coleta, processamento de dados e"
2.-of-10-6-2025-densm-ciaara-ana-caho-512.2.01.pdf;CAHO;VII;GEOLOGIA E GEOFÍSICA MARINHA;40;8;MÉTODO MAGNETOMÉTRICO MARINHO;4;4;Método magnetométrico marinho | Equipamentos e instrumentos de medição | Levantamento magnetométrico: procedimentos de coleta, processamento de | Modelos de campos magnéticos globais e bases de dados
2.-of-10-6-2025-densm-ciaara-ana-caho-512.2.01.pdf;CAHO;VII;GEOLOGIA E GEOFÍSICA MARINHA;40;9;MORFOLOGIA E PROCESSOS LITORÂNEOS;5;4;"Tipos de costas | Erosão, transporte e deposição | Variabilidade espaço-temporal das formas de fundo; e | Estuários"
2.-of-10-6-2025-densm-ciaara-ana-caho-512.2.01.pdf;CAHO;VII;GEOLOGIA E GEOFÍSICA MARINHA;40;10;SEDIMENTOLOGIA;3;2;"Métodos de coleta e análise de sedimentos; e | Coleta de amostras de fundo marinho"
2.-of-10-6-2025-densm-ciaara-ana-caho-512.2.01.pdf;CAHO;VII;GEOLOGIA E GEOFÍSICA MARINHA;40;11;MÉTODO SÍSMICO MARINHO;5;2;"Métodos de sísmica marinha; e | Equipamentos e instrumentos de medição"
2.-of-10-6-2025-densm-ciaara-ana-caho-512.2.01.pdf;CAHO;VIII;AUXÍLIOS À NAVEGAÇÃO;30;1;CONCEITOS BÁSICOS DE AUXÍLIOS À NAVEGAÇÃO;3;3;"Conceitos básicos | Sinais náuticos e auxílios à navegação; e | Sistema de balizamento"
2.-of-10-6-2025-densm-ciaara-ana-caho-512.2.01.pdf;CAHO;VIII;AUXÍLIOS À NAVEGAÇÃO;30;2;OS AUXÍLIOS À NAVEGAÇÃO E O NAVEGANTE;4;5;"Alcance geográfico e alcance visual | Fontes luminosas: conceitos básicos | Alcance luminoso noturno e diurno e alcance nominal | Alcance dos auxílios radioelétricos; e | Publicações de auxílio à navegação"
2.-of-10-6-2025-densm-ciaara-ana-caho-512.2.01.pdf;CAHO;VIII;AUXÍLIOS À NAVEGAÇÃO;30;3;ESTRUTURAS;3;3;"Sinais fixos | Sinais flutuantes I; e | Sinais flutuantes II"
2.-of-10-6-2025-densm-ciaara-ana-caho-512.2.01.pdf;CAHO;VIII;AUXÍLIOS À NAVEGAÇÃO;30;4;EQUIPAMENTOS LUMINOSOS;3;4;Fontes luminosas, concentração e orientação da luz e aparelhos óticos | Produtores de fase | Fontes de energia, cálculo do consumo de fontes de energia, interruptores de | Fontes naturais alternativas de energia
2.-of-10-6-2025-densm-ciaara-ana-caho-512.2.01.pdf;CAHO;VIII;AUXÍLIOS À NAVEGAÇÃO;30;5;PROJETOS DE AUXÍLIOS À NAVEGAÇÃO;6;2;"Coleta de dados para elaboração de projeto; e | Processamento das informações de projeto"
2.-of-10-6-2025-densm-ciaara-ana-caho-512.2.01.pdf;CAHO;VIII;AUXÍLIOS À NAVEGAÇÃO;30;6;ADMINISTRAÇÃO DOS AUXÍLIOS À NAVEGAÇÃO;5;5;"Serviços de sinalização náutica | Instalações e recursos materiais | Recursos humanos | Recursos financeiros; e | Fiscalização dos auxílios à navegação"
2.-of-10-6-2025-densm-ciaara-ana-caho-512.2.01.pdf;CAHO;VIII;AUXÍLIOS À NAVEGAÇÃO;30;7;NOVAS TECNOLOGIAS, SISTEMAS E MÉTODOS DE AUXÍLIOS À NAVEGAÇÃO;6;5;"Análise e traçado de canais | Análise e gerenciamento de risco | Automatic Identification System (AIS) | e-Navigation; e | Vessel Traffic Service (VTS)"
2.-of-10-6-2025-densm-ciaara-ana-caho-512.2.01.pdf;CAHO;IX;CARTOGRAFIA;41;1;CONCEITOS INTRODUTÓRIOS;4;3;"Propósito da Cartografia | Conceitos básicos da Cartografia; e | Posicionamento clássico"
2.-of-10-6-2025-densm-ciaara-ana-caho-512.2.01.pdf;CAHO;IX;CARTOGRAFIA;41;2;DATUM E COORDENADAS;7;2;"Tipos de Datum; e | Coordenadas"
2.-of-10-6-2025-densm-ciaara-ana-caho-512.2.01.pdf;CAHO;IX;CARTOGRAFIA;41;3;CONVENÇÕES CARTOGRÁFICAS;5;1;Representação da superfície da terra sobre o plano
2.-of-10-6-2025-densm-ciaara-ana-caho-512.2.01.pdf;CAHO;IX;CARTOGRAFIA;41;4;PROJEÇÕES CARTOGRÁFICAS;7;4;"Classificação dos sistemas de projeção | Propriedades e aplicações das projeções planas | Propriedades e aplicações das projeções cônicas; e | Propriedades e aplicações das projeções cilíndricas"
2.-of-10-6-2025-densm-ciaara-ana-caho-512.2.01.pdf;CAHO;IX;CARTOGRAFIA;41;5;PROJEÇÃO DE MERCATOR;6;3;"Propriedades e aplicações da Projeção de Mercator | Quadriculado da Projeção de Mercator; e | Quadriculado do plano"
2.-of-10-6-2025-densm-ciaara-ana-caho-512.2.01.pdf;CAHO;IX;CARTOGRAFIA;41;6;PROJEÇÕES TRANSVERSAIS DE MERCATOR;12;3;"Projeções Transversas (TM) | Sistema UTM; e | Outras projeções transversas"
2.-of-10-6-2025-densm-ciaara-ana-caho-512.2.01.pdf;CAHO;X;MARÉS;86;1;O FENÔMENO DA MARÉ;3;2;"Termos básicos da maré; e | Definição de níveis de referência"
2.-of-10-6-2025-densm-ciaara-ana-caho-512.2.01.pdf;CAHO;X;MARÉS;86;2;FORÇAS GERADORAS DE MARÉ;6;2;"Forças geradoras da maré; e | Ações das forças lunares e solares na formação das marés"
2.-of-10-6-2025-densm-ciaara-ana-caho-512.2.01.pdf;CAHO;X;MARÉS;86;3;MARÉ DE EQUILÍBRIO;9;3;"Formação das marés e diferentes tipos de maré | Comparação da maré de equilíbrio com maré real; e | Variações no nível da água do mar causadas por fatores extra maré"
2.-of-10-6-2025-densm-ciaara-ana-caho-512.2.01.pdf;CAHO;X;MARÉS;86;4;MOVIMENTOS DA LUA E DO SOL;8;3;Revoluções do Sol e da Lua no sistema geocêntrico | Determinação das longitudes médias do sol e da lua, dos perigeus lunar e solar e | Anomalias dos movimentos lunares e solares na esfera celeste
2.-of-10-6-2025-densm-ciaara-ana-caho-512.2.01.pdf;CAHO;X;MARÉS;86;5;DESENVOLVIMENTO HARMÔNICO DA MARÉ;6;1;Altura da maré de equilíbrio em termos harmônicos
2.-of-10-6-2025-densm-ciaara-ana-caho-512.2.01.pdf;CAHO;X;MARÉS;86;6;ANÁLISES ESPECTRAL E HARMÔNICA DA MARÉ;14;3;"Aplicação da análise de Fourier em séries discretas de maré | Aplicação de análise espectral cruzada entre séries de maré; e | Análise harmônica da maré e incertezas associadas à duração das observações"
2.-of-10-6-2025-densm-ciaara-ana-caho-512.2.01.pdf;CAHO;X;MARÉS;86;7;MARÉS EM ÁGUAS RASAS;6;3;"Formação dos componentes harmônicos de águas rasas | Marés em rios; e | Sistemas anfidrômicos"
2.-of-10-6-2025-densm-ciaara-ana-caho-512.2.01.pdf;CAHO;X;MARÉS;86;8;MÉTODOS DE PREVISÃO DE MARÉS;6;2;"Método não harmônico de previsão de marés; e | Método harmônico de previsão de marés"
2.-of-10-6-2025-densm-ciaara-ana-caho-512.2.01.pdf;CAHO;X;MARÉS;86;9;CORRENTES DE MARÉ;6;4;"Relação entre corrente e onda de maré | Análise de correntes rotatórias e alternadas | Método harmônico de análise e previsão de corrente de maré; e | Análise cruzada maré x corrente de maré"
2.-of-10-6-2025-densm-ciaara-ana-caho-512.2.01.pdf;CAHO;X;MARÉS;86;10;ESTAÇÃO MAREGRÁFICA;8;5;"Princípio de operação e tipos de marégrafos | Instalação e nivelamento de marégrafos | Medição e crítica dos dados de maré | Rede maregráfica e controle de qualidade; e | Incertezas associadas à medição de maré"
2.-of-10-6-2025-densm-ciaara-ana-caho-512.2.01.pdf;CAHO;X;MARÉS;86;11;REDUÇÃO DE SONDAGENS;14;5;"Classificação de maré pelo critério de Courtier | Determinação do nível de redução e redução de sondagem | Transporte de nível de redução e nível médio do mar | Nível de redução em rios com influência de maré; e | Zoneamento de maré para redução de sondagem e incerteza associada à"
2.-of-10-6-2025-densm-ciaara-ana-caho-512.2.01.pdf;CAHO;XI;NAVEGAÇÃO: SISTEMAS E NORMAS;49;1;PUBLICAÇÕES DE AUXÍLIO À NAVEGAÇÃO;5;2;"Publicações de Auxílio à Navegação; e | Informações aos Navegantes"
2.-of-10-6-2025-densm-ciaara-ana-caho-512.2.01.pdf;CAHO;XI;NAVEGAÇÃO: SISTEMAS E NORMAS;49;2;LEGISLAÇÃO REFERENTE À SEGURANÇA DA NAVEGAÇÃO;7;3;"Lei de Segurança do Tráfego Aquaviário (LESTA) | Normas da Autoridade Marítima; e | Tribunal Marítimo"
2.-of-10-6-2025-densm-ciaara-ana-caho-512.2.01.pdf;CAHO;XI;NAVEGAÇÃO: SISTEMAS E NORMAS;49;3;CONVENÇÃO DAS NAÇÕES UNIDAS SOBRE O DIREITO DO MAR (CNDUM);4;3;"Desenvolvimento histórico da United Nations Convention on the Law of the Sea | Espaços estabelecidos pela CNUDM; e | Perspectiva Brasileira da CNUDM"
2.-of-10-6-2025-densm-ciaara-ana-caho-512.2.01.pdf;CAHO;XI;NAVEGAÇÃO: SISTEMAS E NORMAS;49;4;RESPONSABILIDADE CIVIL DO HIDRÓGRAFO;6;2;"Base Legal dos Serviços; e | Responsabilidade Civil do Hidrógrafo"
2.-of-10-6-2025-densm-ciaara-ana-caho-512.2.01.pdf;CAHO;XI;NAVEGAÇÃO: SISTEMAS E NORMAS;49;5;CARTAS NÁUTICAS, SISTEMAS DE APRESENTAÇÃO DE CARTAS ELETRÔNICAS (ECDIS e ECS);12;4;"Cartas Náuticas de Papel | Cartas Digitais Raster e Vetorial | Padrões da OHI, aquisição e atualização de Eletronic Navegational Chart (ENC); e | ECDIS e ECS"
2.-of-10-6-2025-densm-ciaara-ana-caho-512.2.01.pdf;CAHO;XI;NAVEGAÇÃO: SISTEMAS E NORMAS;49;6;SISTEMAS DE POSICIONAMENTO E DE MONITORAMENTO MARÍTIMO;15;4;"Automatic Identification System (AIS) | Sistemas de Posicionamento Satélite | Sistemas de Navegação Inercial; e | Global Maritime Distress and Safety System (GMDSS)"
2.-of-10-6-2025-densm-ciaara-ana-caho-512.2.01.pdf;CAHO;XII;AGULHAS NÁUTICAS;32;1;INTRODUÇÃO ÀS AGULHAS NÁUTICAS;2;2;"Aplicação dos diversos tipos de agulha náutica a bordo; e | Princípios de funcionamento, capacidades, limitações e fontes de erro das agulhas"
2.-of-10-6-2025-densm-ciaara-ana-caho-512.2.01.pdf;CAHO;XII;AGULHAS NÁUTICAS;32;2;MAGNETISMO;2;3;"Noções de magnetismo | Magnetismo terrestre e declinação magnética; e | Inclinação e declinação magnética"
2.-of-10-6-2025-densm-ciaara-ana-caho-512.2.01.pdf;CAHO;XII;AGULHAS NÁUTICAS;32;3;TEORIA DOS DESVIOS;3;4;"Magnetismo dos navios: imantação, assinatura magnética e Degaussing | Subdivisão dos navios em barras de aço e ferro doce | Registro sobre a agulha magnética; e | Instruções para preenchimento do modelo DHN-0104"
2.-of-10-6-2025-densm-ciaara-ana-caho-512.2.01.pdf;CAHO;XII;AGULHAS NÁUTICAS;32;4;AGULHAS MAGNÉTICAS;2;3;"Constituição de uma agulha magnética | Condições que uma agulha deve satisfazer; e | Perturbações da agulha"
2.-of-10-6-2025-densm-ciaara-ana-caho-512.2.01.pdf;CAHO;XII;AGULHAS NÁUTICAS;32;5;COMPENSAÇÃO DE AGULHAS MAGNÉTICAS;8;8;"Ações preliminares | Compensação de agulha magnética por comparação com a giroscópica | Teoria da compensação de agulha: análise das causas de desvios | Compensação de agulha magnética por alinhamentos notáveis | Compensação de agulha magnética por azimute do sol | Compensação de agulha magnética pelo defletor Kelvin | Determinação da barra de Flinders; e | Preenchimento do modelo DHN 0104"
2.-of-10-6-2025-densm-ciaara-ana-caho-512.2.01.pdf;CAHO;XII;AGULHAS NÁUTICAS;32;6;EXECUÇÃO DA COMPENSAÇÃO;15;1;Compensação no simulador e a bordo de navio
2.-of-10-6-2025-densm-ciaara-ana-caho-512.2.01.pdf;CAHO;XIII;ACÚSTICA SUBMARINA;47;1;NOÇÕES DE ACÚSTICA;7;4;"Caracterização de ondas sonoras | Ondas planas e esféricas | Reflexão e refração de ondas; e | Equação da onda"
2.-of-10-6-2025-densm-ciaara-ana-caho-512.2.01.pdf;CAHO;XIII;ACÚSTICA SUBMARINA;47;2;FUNDAMENTOS DE ACÚSTICA SUBMARINA;13;6;"Propagação do som no mar e gradientes | Reflexão, refração, Traçado de Raios (Ray Tracing) e Impedância Acústica | Padrões de propagação do som no mar | Transmissão do som no mar | Atenuação do som no mar: absorção e espalhamento; e | Ruídos"
2.-of-10-6-2025-densm-ciaara-ana-caho-512.2.01.pdf;CAHO;XIII;ACÚSTICA SUBMARINA;47;3;INTRODUÇÃO AO PROCESSAMENTO DE SINAIS ACÚSTICOS;8;7;"Sinais de tempo contínuo e de tempo discreto | Etapas do processamento de sinais | Introdução às técnicas de manipulação de sinais acústicos; e | Transdutores: | Princípios piezoelétricos | Conjuntos (arrays) de transdutores; e | Fator de qualidade do transdutor"
2.-of-10-6-2025-densm-ciaara-ana-caho-512.2.01.pdf;CAHO;XIII;ACÚSTICA SUBMARINA;47;4;A EQUAÇÃO SONAR;4;3;"Sistema sonar | Parâmetros da equação sonar; e | Previsão do alcance sonar"
2.-of-10-6-2025-densm-ciaara-ana-caho-512.2.01.pdf;CAHO;XIII;ACÚSTICA SUBMARINA;47;5;SISTEMAS ACÚSTICOS;15;7;"Acoustic Doppler Current Profiler (ADCP) | Sistemas acústicos monofeixe | Sonar de varredura lateral | Sonar Interferométrico | Sonar de abertura Sintética (SAS) | Sistemas acústicos multifeixe; e | Backscatter"
2.-of-10-6-2025-densm-ciaara-ana-caho-512.2.01.pdf;CAHO;XIV;SENSORIAMENTO REMOTO, AEROFOTOGRAMETRIA e LiDAR;60;1;AEROFOTOGRAMETRIA;4;2;"Conceitos introdutórios; e | Aerofotogrametria nos LH"
2.-of-10-6-2025-densm-ciaara-ana-caho-512.2.01.pdf;CAHO;XIV;SENSORIAMENTO REMOTO, AEROFOTOGRAMETRIA e LiDAR;60;2;CONCEITOS BÁSICOS PARA TRABALHO COM FOTOGRAFIAS;7;2;"Estereoscopia e visão estereoscópica; e | Paralaxe estereoscópica"
2.-of-10-6-2025-densm-ciaara-ana-caho-512.2.01.pdf;CAHO;XIV;SENSORIAMENTO REMOTO, AEROFOTOGRAMETRIA e LiDAR;60;3;OPERAÇÕES AEROFOTOGRAMÉTRICAS NOS LH;5;4;"Execução do apoio aerofotogramétrico | Produtos fotogramétricos mais comuns | Notícias sobre fotointerpretação; e | Notícias sobre triangulação radial"
2.-of-10-6-2025-densm-ciaara-ana-caho-512.2.01.pdf;CAHO;XIV;SENSORIAMENTO REMOTO, AEROFOTOGRAMETRIA e LiDAR;60;4;SENSORIAMENTO REMOTO;17;7;"Conceitos físicos do sensoriamento remoto | Definição dos sistemas sensores | Níveis de aquisição em sensoriamento remoto | Sistemas imageadores orbitais | Sensores remotos óticos de média e alta resolução espacial | Sensores remotos de micro-ondas; e | Sistemas LiDAR aerotransportados e terrestres"
2.-of-10-6-2025-densm-ciaara-ana-caho-512.2.01.pdf;CAHO;XIV;SENSORIAMENTO REMOTO, AEROFOTOGRAMETRIA e LiDAR;60;5;APLICATIVOS DO SENSORIAMENTO REMOTO;11;4;"Atualizações cartográficas e delimitação de linha de costa | Apoio às operações navais | Mapeamento da superfície d’água; e | Propriedade da coluna d’água"
2.-of-10-6-2025-densm-ciaara-ana-caho-512.2.01.pdf;CAHO;XIV;SENSORIAMENTO REMOTO, AEROFOTOGRAMETRIA e LiDAR;60;6;TÉCNICAS NÃO ACÚSTICAS DE BATIMETRIA;16;2;"Sistema LiDAR batimétrico; e | Batimetria por resposta espectral"
2.-of-10-6-2025-densm-ciaara-ana-caho-512.2.01.pdf;CAHO;XV;GERENCIAMENTO DE DADOS HIDROGRÁFICOS;35;1;A CARTOGRAFIA NÁUTICA BRASILEIRA;8;5;"Cartografia náutica e histórico na DHN | Aspectos legais | Planos Cartográficos Náuticos Brasileiros | Planejamento Cartográfico; e | Cartas Especiais e produtos em apoio ao setor operativo"
2.-of-10-6-2025-densm-ciaara-ana-caho-512.2.01.pdf;CAHO;XV;GERENCIAMENTO DE DADOS HIDROGRÁFICOS;35;2;NORMAS DA ORGANIZAÇÃO HIDROGRÁFICA INTERNACIONAL;6;3;"Comitês e normas técnicas da OHI | Estrutura de dados para informações geoespaciais marinhas; e | Universal Hydrographic Data Model - S-100"
2.-of-10-6-2025-densm-ciaara-ana-caho-512.2.01.pdf;CAHO;XV;GERENCIAMENTO DE DADOS HIDROGRÁFICOS;35;3;BANCOS DE DADOS E INFRAESTRUTURAS DE DADOS ESPACIAIS MARINHOS (IDE);8;3;"Conceitos sobre bancos de dados | Infraestruturas de Dados Espaciais (IDE); e | Bancos de Dados Espaciais Marinhos (MSDI) e Bancos de Dados Marinhos de"
2.-of-10-6-2025-densm-ciaara-ana-caho-512.2.01.pdf;CAHO;XV;GERENCIAMENTO DE DADOS HIDROGRÁFICOS;35;4;PROCESSO DA CARTOGRAFIA NÁUTICA BASEADO EM BANCOS DE DADOS ESPACIAIS;13;3;"Bancos de dados batimétricos e de feições no fundo | Banco de dados para a produção cartográfica; e | Produtos"
2.-of-10-6-2025-densm-ciaara-ana-caho-512.2.01.pdf;CAHO;XVI;HIDROGRAFIA;239;1;LEVANTAMENTO HIDROGRÁFICO (LH);8;11;"Definição de LH, sua finalidade e importância | Especificações da OHI para LH (contorno, posicionamento, batimetria, auxílio à | Reconhecimento da área de Levantamento e seus fatores ambientais | Planejamento de LH | Estabelecimento de recursos e equipamentos para aquisição de dados | Análise de qualidade de Dados Hidrográficos | Elaboração do Relatório Parcial e Final do Levantamento | Levantamentos em apoio à Autoridade Portuária | Levantamento para monitoramento da poluição marinha | Responsabilidade civil do hidrógrafo; e | Impactos ambientais do LH"
2.-of-10-6-2025-densm-ciaara-ana-caho-512.2.01.pdf;CAHO;XVI;HIDROGRAFIA;239;2;SISTEMA DE BATIMETRIA;4;7;"Princípios dos sensores acústicos | Sistema de posicionamento em sondagem | Equipamentos de apoio à sondagem | Sistemas acústicos monofeixe | Sistemas acústicos multifeixe | Sistemas de varredura; e | Sistemas não acústicos"
2.-of-10-6-2025-densm-ciaara-ana-caho-512.2.01.pdf;CAHO;XVI;HIDROGRAFIA;239;3;DETERMINAÇÃO DA PROFUNDIDADE;8;8;"Transdutores e suas características | Relação frequência e atenuação | Fatores oceanográficos na determinação da profundidade | Fatores geológicos na determinação da profundidade | Determinação da velocidade de propagação do som na água | Propagação de erros na sondagem | Métodos de posicionamento GNSS; e | Métodos de posicionamento de submarino"
2.-of-10-6-2025-densm-ciaara-ana-caho-512.2.01.pdf;CAHO;XVI;HIDROGRAFIA;239;4;SONDAGEM MONOFEIXE;10;13;"Caracterização de um sistema monofeixe | Princípios do sistema monofeixe | Transdutor e Footprint | Especificações de um sistema monofeixe | Detecção do fundo | Componentes de um sistema monofeixe | Calibração | Interpretação do sinal monofeixe | Método RoxAnn | Processamento de dados monofeixe | Fontes de erros em sondagem monofeixe | Controle de qualidade; e | Limitações"
2.-of-10-6-2025-densm-ciaara-ana-caho-512.2.01.pdf;CAHO;XVI;HIDROGRAFIA;239;5;SONDAGEM MULTIFEIXE;46;29;"Produtos gerados por um sistema multifeixe | Transdutor, princípios e geometria da sondagem multifeixe | Princípio da formação de feixe mills-cross | Array Shading e os lóbulos laterais | Beamforming e beamsteering | Características dos feixes e da varredura na cobertura do fundo marinho | Detecção em fase e amplitude | Refração | Velocidade do som na coluna d’água | Ray tracing | Velocidade do som na superfície | Equipamentos e sistemas de medição de movimento | Movimentos da embarcação e estabilização do feixe | Identificação de erros de medição de profundidade e falhas de compensação de | Incertezas do posicionamento e impacto na qualidade da medição da profundi | O transdutor e parâmetros que definem a resolução espacial | A modulação do pulso e resolução em distância | Modulação do pulso | Matched filter | Resolução topográfica | Equação Sonar | Alcance sonar e envelope de performance | Incertezas na detecção do fundo | Backscatter | Georreferenciamento dos dados multifeixe | Tipos de montagem e instalação de transdutores e plataformas | Calibração do multifeixe | Acompanhamento da sondagem multifeixe; e | Pré-processamento e controle de qualidade"
2.-of-10-6-2025-densm-ciaara-ana-caho-512.2.01.pdf;CAHO;XVI;HIDROGRAFIA;239;6;INSTALAÇÕES DE SENSORES HIDROGRÁFICOS;24;7;"Fatores importantes em instalação hidrográfica | Sistema de coordenadas da embarcação e alinhamento | Pontos e plano de referência em uma instalação hidrográfica | Determinação das coordenadas de instalação e alinhamento de sensores (offsets) | Rotação e translação de coordenadas entre sensores da embarcação hidrográfica | Propagação das incertezas de offsets; e | Prática de medição de offsets em navio e relatório"
2.-of-10-6-2025-densm-ciaara-ana-caho-512.2.01.pdf;CAHO;XVI;HIDROGRAFIA;239;7;COMUNICAÇÕES, ELETRÔNICA E INFORMÁTICA;12;8;"Corrente/Tensão contínua e alternada | Fontes de alimentação elétrica e inversores | Ferramentas e equipamentos de medição | Comunicação Serial (RS232, RS422 e RS485) | Conversores | Comunicação Ethernet | Protocolos TCP e UDP; e | Prática de comunicação serial e ethernet"
2.-of-10-6-2025-densm-ciaara-ana-caho-512.2.01.pdf;CAHO;XVI;HIDROGRAFIA;239;8;VARREDURA;8;9;"Princípios da varredura mecânica | Princípios da varredura eletrônica | Procedimentos para aquisição com Sidescan Sonar | Princípios do sonar interferométrico | Relação sinal x ruído no sonar interferométrico | Estratigrafia da coluna d’água na varredura | Detecção de feições submersas | Incertezas no reboque do sensor e cálculo do layback; e | Precauções de segurança para varredura"
2.-of-10-6-2025-densm-ciaara-ana-caho-512.2.01.pdf;CAHO;XVI;HIDROGRAFIA;239;9;OUTROS SISTEMAS DE LEVANTAMENTO;4;2;"Plataformas autônomas de levantamento; e | Perfilador de subfundo"
2.-of-10-6-2025-densm-ciaara-ana-caho-512.2.01.pdf;CAHO;XVI;HIDROGRAFIA;239;10;CARACTERIZAÇÃO ACÚSTICA DO FUNDO;3;9;"Morfologia do fundo | Ângulo de incidência | Características do sonar empregado | Compensação do backscatter | Processamento do backscatter | Envelope do monofeixe | Planejamento de amostragem de fundo | Montagem de mosaicos; e | Padrões e métodos de classificação de fundo"
2.-of-10-6-2025-densm-ciaara-ana-caho-512.2.01.pdf;CAHO;XVI;HIDROGRAFIA;239;11;PLANEJAMENTO DE LINHAS DE SONDAGEM E PRÁTICA EM SIMULADOR;8;4;"Planejamento monofeixe | Planejamento multifeixe | Line keeping; e | Prática de line keeping em simulador"
2.-of-10-6-2025-densm-ciaara-ana-caho-512.2.01.pdf;CAHO;XVI;HIDROGRAFIA;239;12;PLANEJAMENTO DE LH;14;12;"Estudo do cenário | Seleção da plataforma | Sistema de aquisição automática de dados | Planejamento, execução e monitoramento de uma sondagem | Calibração inicial | Aquisição dados durante da sondagem | Pesquisa de perigo | Pré-processamento e controle de qualidade | Monitoramento da maré e pré-processamento | Redução da maré (maregrafia e modelagem da ondulação geoidal) | Armazenamento e transferência de dados hidrográficos; e | Precauções de segurança para a sondagem"
2.-of-10-6-2025-densm-ciaara-ana-caho-512.2.01.pdf;CAHO;XVI;HIDROGRAFIA;239;13;INSTRUÇÕES TÉCNICAS DA DHN;4;8;"Tipos de documentos produzidos em LH | Normas para elaboração de relatórios de LH | Normas e especificações para LH em rios | Representação dos dados em uma Folha de Sondagem (FS) | Representação dos dados em uma Folha de Bordo (FB) | Representação dos dados em uma Folha de Varredura (FV) | Representação dos dados em uma Folha Topográfica (FT); e | Representação das pesquisas de perigo"
2.-of-10-6-2025-densm-ciaara-ana-caho-512.2.01.pdf;CAHO;XVI;HIDROGRAFIA;239;14;HIDROGRAFIA MILITAR;6;7;"Plano de Desenvolvimento do Programa Oceano (PLADEPO) | Previsão Meteorológica Especial | Cartas especiais para planejamento de operações de submarinos | Produtos especiais para apoio às operações de minagem e contramedidas de mina | Cartas especiais para planejamento de operações anfíbias | Cartas especiais para planejamento de operações ribeirinhas; e | Cartas temáticas de fatores físicos"
2.-of-10-6-2025-densm-ciaara-ana-caho-512.2.01.pdf;CAHO;XVI;HIDROGRAFIA;239;15;HIDROGRAFIA APLICADA;40;11;"Elementos a serem obtidos durante os LH | Operações de coleta de dados em LH | Elementos necessários para a elaboração das instruções especiais | Análise das instruções especiais | Representação cartográfica da área levantada | Documentos cartográficos necessários ao planejamento e execução | Instalação dos equipamentos de posicionamento, sondagem e varredura | Prática de sondagem monofeixe, multifeixe e varredura lateral | Planejamento do reconhecimento e elaboração da Instrução Especial | Reconhecimento da área do LH; e | Confecção do relatório do reconhecimento"
2.-of-10-6-2025-densm-ciaara-ana-caho-512.2.01.pdf;CAHO;XVI;HIDROGRAFIA;239;16;PROCESSAMENTO DE DADOS BATIMÉTRICOS;40;11;"Aplicativos de processamento | Técnicas de limpeza de dados | Filtragem manual e automática de dados | Parametrização dos dados no pós-processamento | Cálculo da incerteza vertical e da incerteza horizontal | Identificação dos erros grosseiros e sistemáticos | Comparação de dados sobrepostos | Propagação das incertezas a priori e a posteriori | Controle de qualidade e a ordem de levantamento | Geração de produtos; e | Relatório de aquisição de dados"
2.-of-10-6-2025-densm-ciaara-ana-caho-512.2.01.pdf;CAHO;XVII;TEORIA DOS ERROS;60;1;FUNDAMENTOS DA TEORIA DOS ERROS;11;4;"Erros em medições | Distribuição de Gauss e distribuição normal unidimensional | Precisão e exatidão; e | Critérios para Avaliação de Dados Anormais (outliers)"
2.-of-10-6-2025-densm-ciaara-ana-caho-512.2.01.pdf;CAHO;XVII;TEORIA DOS ERROS;60;2;PROPAGAÇÃO DE ERROS;19;6;"Propagação de erros acidentais | Propagação de erros sistemáticos | Distribuição normal circular | Propagação de erros em operações topográficas | Propagação de erros em operações hidrográficas; e | Precisão de sondagens batimétricas"
2.-of-10-6-2025-densm-ciaara-ana-caho-512.2.01.pdf;CAHO;XVII;TEORIA DOS ERROS;60;3;QUANTIFICAÇÃO DA INCERTEZA POSICIONAL;7;2;"Elipse dos erros; e | Elipse de confiança e outras formas de expressar a incerteza posicional"
2.-of-10-6-2025-densm-ciaara-ana-caho-512.2.01.pdf;CAHO;XVII;TEORIA DOS ERROS;60;4;AJUSTAMENTO TOPO-GEODÉSICO;23;5;"Método dos Mínimos Quadrados | Ajustamento de observações diretas | Ajustamento de observações indiretas | Ajustamento de observações condicionadas; e | Método Combinado de Ajustamento"
2.-of-10-6-2025-densm-ciaara-ana-caho-512.2.01.pdf;CAHO;XVIII;LEVANTAMENTO HIDROCEANOGRÁFICO DE FIM DE CURSO;200;1;LEVANTAMENTO HIDROCEANOGRÁFICO DE FIM DE CURSO (LHFC);200;8;"Planejamento do LH | Elaboração do cronograma dos serviços a serem executados | Elaboração da Instrução Especial do LH | Trabalhos de geodésia, topografia, oceanografia, marés, aerofotogrametria e | Processamento convencional e automático | Interpretação e análise dos dados coletados e processados | Produção dos documentos do LH; e | Elaboração e entrega do Relatório Final da Comissão Hidrográfica"
2.-of-10-6-2025-densm-ciaara-ana-caho-512.2.01.pdf;CAHO;XIX;TREINAMENTO FÍSICO MILITAR;70;1;CORRIDA;35;5;"Método contínuo | Método intervalado | Métodos fracionados | Métodos em circuito; e | Métodos adaptativos"
2.-of-10-6-2025-densm-ciaara-ana-caho-512.2.01.pdf;CAHO;XIX;TREINAMENTO FÍSICO MILITAR;70;2;NATAÇÃO E PERMANÊNCIA DENTRO D’ÁGUA;35;3;"Adaptação ao meio líquido | Flutuabilidade; e | Resistência"
2.-of-10-6-2025-densm-ciaara-ana-caho-512.2.01.pdf;CAHO;XX;METODOLOGIA DA PESQUISA;119;1;TÉCNICAS PARA ELABORAÇÃO DE MONOGRAFIAS;2;6;"A importância do conhecimento | Distinção entre pesquisa e ciência | O método científico | Ferramentas e instrumentos de pesquisa: internet | Projeto de pesquisa; e | Desenvolvimento de pesquisa e elaboração de monografias"
2.-of-10-6-2025-densm-ciaara-ana-caho-512.2.01.pdf;CAHO;XX;METODOLOGIA DA PESQUISA;119;2;NORMATIZAÇÃO DO TRABALHO CIENTÍFICO;2;3;"Plágio | Formatação do TCC; e | Normatização segundo as normas da Associação Brasileira de Normas Técnicas"
2.-of-10-6-2025-densm-ciaara-ana-caho-512.2.01.pdf;CAHO;XX;METODOLOGIA DA PESQUISA;119;3;ESTRUTURA DO TRABALHO INDIVIDUAL;4;2;Apresentação básica das partes que compõem uma monografia: introdução, | Apresentação e montagem do projeto de pesquisa (exemplos)
2.-of-10-6-2025-densm-ciaara-ana-caho-512.2.01.pdf;CAHO;XX;METODOLOGIA DA PESQUISA;119;4;PESQUISA, DESENVOLVIMENTO E ORIENTAÇÃO;111;2;"Orientações para elaboração do TCC; e | Pesquisa e desenvolvimento do TCC"
2.-of-10-6-2025-densm-ciaara-ana-caho-512.2.01.pdf;CAHO;MATFIS;NIVELAMENTO DE MATEMÁTICA E FÍSICA;56;1;EMPREGO DOS CONCEITOS DE MATEMÁTICA NA RESOLUÇÃO DE PROBLEMAS PRÁTICOS;28;7;Análise Vetores: espaços vetoriais e afins, cálculo de vetores, produtos internos e | Matrizes: decomposição matricial, fatoração, número de condição de uma matriz | Sistemas lineares: sistemas de equações lineares e eliminação de Gauss | Operadores lineares: representação matricial, composição, transformações, | Cálculo de diferencial e integral: funções reais e vetoriais, série, expansões de | Equações diferenciais: solução geral, ordinárias lineares e equação não linear, | Geometria: seções cônicas, geometria da elipse e do elipsóide, equações para
2.-of-10-6-2025-densm-ciaara-ana-caho-512.2.01.pdf;CAHO;MATFIS;NIVELAMENTO DE MATEMÁTICA E FÍSICA;56;2;EMPREGO DOS CONHECIMENTOS DE FÍSICA NA RESOLUÇÃO DE PROBLEMAS PRÁTICOS;28;7;Cinemática e dinâmica: velocidade linear e angular, aceleração, momento angular, | Leis de Newton, gravitação, campo gravitacional e centro de gravidade | Hidrodinâmica e hidrostática: equação da continuidade, Equação de Bernoulli, | Magnetismo: campo magnético, fontes de campo magnético, indução | Ondas: fundamentos de vibrações, propriedades das ondas, tipos de ondas, | Transdutores: transdutores de pressão, transdutores térmicos e requisitos de | Lasers: parâmetros (frequência e comprimento de onda), tipos de laser e
2._of-10-26-2022-densm-ciaara-an-c-apa-aux-nav-sp_0_0.pdf;C-ApA-AuxNav-PR-SP;I;SISTEMAS FLUTUANTES DE POLIETILENO;34;1;ORIENTAÇÕES E DOCUMENTOS DA IALA;4;4;"Navigation Guide (NAVGUIDE) | Recomendações | Diretrizes; e | Manuais"
2._of-10-26-2022-densm-ciaara-an-c-apa-aux-nav-sp_0_0.pdf;C-ApA-AuxNav-PR-SP;I;SISTEMAS FLUTUANTES DE POLIETILENO;34;2;BOIAS DE POLIETILENO;20;6;"Aspectos de saúde e segurança na manutenção | Preparação de superfícies | Reparo de superfícies | Padrões e controles | Tipos de boias de polietileno; e | Padrões internacionais e locais de boias de polietileno"
2._of-10-26-2022-densm-ciaara-an-c-apa-aux-nav-sp_0_0.pdf;C-ApA-AuxNav-PR-SP;I;SISTEMAS FLUTUANTES DE POLIETILENO;34;3;ATIVIDADE PRÁTICA DE PINTURA E REPARO;10;2;"Pintura em boias de polietileno; e | Reparo em boias de polietileno"
2._of-10-26-2022-densm-ciaara-an-c-apa-aux-nav-sp_0_0.pdf;C-ApA-AuxNav-PR-SP;II;INGLÊS TÉCNICO APLICADO AOS AUXÍLIOS À NAVEGAÇÃO;28;1;ESTRATÉGIAS DE LEITURA;28;4;"Leitura e interpretação de textos | Vocabulário técnico | Falsos cognatos; e | Leitura e compreensão de manuais e instruções técnicas"
2._of-10-26-2022-densm-ciaara-an-c-apa-aux-nav-sp_0_0.pdf;C-ApA-AuxNav-PR-SP;III;PROJETO DE CONCLUSÃO DE CURSO;80;1;APRESENTAÇÃO DOS TEMAS;10;3;"Considerações básicas | Etapas do trabalho de final de curso; e | Elaboração do trabalho de final de curso"
2._of-10-26-2022-densm-ciaara-an-c-apa-aux-nav-sp_0_0.pdf;C-ApA-AuxNav-PR-SP;III;PROJETO DE CONCLUSÃO DE CURSO;80;2;ORIENTAÇÃO DE FORMATAÇÃO, ESTRUTURAÇÃO E COMPOSIÇÃO DO TRABALHO DE FINAL DE CURSO;70;3;"Apresentação básica das partes que compõem o trabalho: introdução, desen | Orientações para elaboração do trabalho; e | Pesquisa e desenvolvimento do trabalho"
2._of-10-26-2022-densm-ciaara-an-c-apa-aux-nav-sp_0_0.pdf;C-ApA-AuxNav-PR-SP;IV;RADAR BEACON (RACON) E AIS AtoN;30;1;RADAR BEACON;10;4;"Introdução à tecnologia RACON | Manuseio e trabalho em altura | Inspeção; e | Estoque e descarte"
2._of-10-26-2022-densm-ciaara-an-c-apa-aux-nav-sp_0_0.pdf;C-ApA-AuxNav-PR-SP;IV;RADAR BEACON (RACON) E AIS AtoN;30;2;AIS AtoN;10;4;"Propósitos e princípios do Sistema de Identificação Automático (AIS) | Estação base AIS AtoN e repetidoras | Funcionamento do AIS AtoN; e | Identidade do Serviço Móvel Marítimo (MMSI) e gerenciamento"
2._of-10-26-2022-densm-ciaara-an-c-apa-aux-nav-sp_0_0.pdf;C-ApA-AuxNav-PR-SP;IV;RADAR BEACON (RACON) E AIS AtoN;30;3;ATIVIDADE PRÁTICA;10;2;"Instalação e configuração; e | Manutenção e teste"
2._of-10-26-2022-densm-ciaara-an-c-apa-aux-nav-sp_0_0.pdf;C-ApA-AuxNav-PR-SP;V;RADIONAVEGAÇÃO, DGNSS, CONTROLE E MONITORAMENTO REMOTO;24;1;INTRODUÇÃO À RADIONAVEGAÇÃO E DGNSS;24;9;"Introdução aos sistemas de radionavegação | Posição, navegação e tempo | Acurácia, integridade, continuidade, disponibilidade e vulnerabilidade | Aplicações do GNSS em auxílios a navegação | Introdução ao DGNSS e princípios de operação | Estações transmissoras DGNSS | Operação e manutenção DGNSS | Monitoramento da acurácia e intensidade do sinal; e | Introdução ao monitoramento"
2._of-10-26-2022-densm-ciaara-an-c-apa-aux-nav-sp_0_0.pdf;C-ApA-AuxNav-PR-SP;VI;MANUTENÇÃO DE SISTEMAS GERADORES DE CORRENTE ALTERNADA;24;1;SISTEMAS DE ALIMENTAÇÃO DE CA;6;2;"Introdução aos sistemas de alimentação de CA; e | Testes em geradores de CA"
2._of-10-26-2022-densm-ciaara-an-c-apa-aux-nav-sp_0_0.pdf;C-ApA-AuxNav-PR-SP;VI;MANUTENÇÃO DE SISTEMAS GERADORES DE CORRENTE ALTERNADA;24;2;GERADORES FOTOVOLTAICOS E EÓLICOS;8;3;"Introdução aos geradores fotovoltaicos e eólicos | Instalação; e | Manutenção preventiva de primeiro escalão"
2._of-10-26-2022-densm-ciaara-an-c-apa-aux-nav-sp_0_0.pdf;C-ApA-AuxNav-PR-SP;VI;MANUTENÇÃO DE SISTEMAS GERADORES DE CORRENTE ALTERNADA;24;3;SISTEMAS GERADORES A DIESEL E GASOLINA;10;3;"Introdução aos sistemas geradores a diesel e gasolina | Funcionamento dos sistemas geradores a diesel e gasolina; e | Manutenção preventiva de primeiro escalão"
2._of-10-26-2022-densm-ciaara-an-c-apa-aux-nav-sp_0_0.pdf;C-ApA-AuxNav-PR-SP;VII;FUNDAMENTOS BÁSICOS PARA A ANÁLISE DE PROJETOS DE AUXÍLIOS À NAVE;40;1;A IMPORTÂNCIA DOS AUXÍLIOS À NAVEGAÇÃO MARÍTIMOS (AtoN);7;6;"Fases da navegação e precisão do posicionamento | A influência da imprecisão do posicionamento eletrônico | Definições de Auxílios à Navegação Marítimos (AtoN) | Principais definições e conceitos previstos na NORMAM-17/DHN | Sistema de Balizamento da IALA e outros auxílios à navegação; e | Outros sinais náuticos previstos na NORMAM-17/DHN"
2._of-10-26-2022-densm-ciaara-an-c-apa-aux-nav-sp_0_0.pdf;C-ApA-AuxNav-PR-SP;VII;FUNDAMENTOS BÁSICOS PARA A ANÁLISE DE PROJETOS DE AUXÍLIOS À NAVE;40;2;A NECESSIDADE DE AtoN;7;6;"A provisão dos serviços de auxílio à navegação e as obrigações internacionais | Princípios básicos sobre o planejamento e gerenciamento de AtoN | Níveis de Serviço e disponibilidade dos AtoN | O Índice de Eficácia (IE) de um balizamento ou auxílio à navegação previsto na | Monitoramento da performance dos auxílios à navegação; e | Monitoramento remoto dos auxílios à navegação"
2._of-10-26-2022-densm-ciaara-an-c-apa-aux-nav-sp_0_0.pdf;C-ApA-AuxNav-PR-SP;VII;FUNDAMENTOS BÁSICOS PARA A ANÁLISE DE PROJETOS DE AUXÍLIOS À NAVE;40;3;CONSIDERAÇÕES GERAIS DOS AUXÍLIOS À NAVEGAÇÃO;6;4;"Principais conceitos relacionados aos auxílios à navegação fixos | Principais conceitos relacionados aos auxílios à navegação flutuantes | Relação Visibilidade Meteorológica x Transparência Atmosférica x Alcances; e | Gerenciamento de risco na gestão dos auxílios à navegação"
2._of-10-26-2022-densm-ciaara-an-c-apa-aux-nav-sp_0_0.pdf;C-ApA-AuxNav-PR-SP;VII;FUNDAMENTOS BÁSICOS PARA A ANÁLISE DE PROJETOS DE AUXÍLIOS À NAVE;40;4;NOÇÕES DE ANÁLISE DE PROJETOS DE AUXÍLIOS À NAVEGAÇÃO;20;3;"Projetos de auxílios à navegação | Análise de projetos de auxílios à navegação; e | Atividades práticas e estudos de casos"
2._of-10-31-densm-ciaara-an-capa-pcn-pr-ead_2.pdf;C-ApA-PCN-PR-EAD;PCN-PR-I-EAD;INGLÊS TÉCNICO APLICADO À PRODUÇÃO CARTOGRÁFICA;30;1;ESTRATÉGIAS DE LEITURA;30;5;"Leitura e interpretação de textos | Vocabulário técnico | Falsos cognatos | Leitura e compreensão de manuais e instruções técnicas; e | Revisão dos tempos verbais (simple present, present continuous, future, simple past"
2._of-10-31-densm-ciaara-an-capa-pcn-pr-ead_2.pdf;C-ApA-PCN-PR-EAD;PCN-PR-II-EAD;INTRODUÇÃO À SEGURANÇA DA NAVEGAÇÃO;40;1;NAVEGAÇÃO SOLAS;10;4;Histórico da Convenção Internacional para Salvaguarda da Vida Humana no Mar (SOLAS) | Capítulo V do SOLAS (Segurança da Navegação) | Organização Marítima Internacional (OMI) e Organização Hidrográfica Internacional | NORMAM-28. Normas da Autoridade Marítima para Navegação e Cartas Náuticas
2._of-10-31-densm-ciaara-an-capa-pcn-pr-ead_2.pdf;C-ApA-PCN-PR-EAD;PCN-PR-II-EAD;INTRODUÇÃO À SEGURANÇA DA NAVEGAÇÃO;40;2;DIRETORIA DE HIDROGRAFIA E NAVEGAÇÃO (DHN);10;4;"Histórico da DHN | Regulamento | Regimento Interno; e | Estrutura Organizacional"
2._of-10-31-densm-ciaara-an-capa-pcn-pr-ead_2.pdf;C-ApA-PCN-PR-EAD;PCN-PR-II-EAD;INTRODUÇÃO À SEGURANÇA DA NAVEGAÇÃO;40;3;CHM;10;4;"Histórico do CHM | Regulamento | Regimento Interno; e | Estrutura Organizacional"
2._of-10-31-densm-ciaara-an-capa-pcn-pr-ead_2.pdf;C-ApA-PCN-PR-EAD;PCN-PR-II-EAD;INTRODUÇÃO À SEGURANÇA DA NAVEGAÇÃO;40;4;NOÇÕES DE CARTOGRAFIA;10;5;"Histórico | Forma da Terra e escala | Sistemas de referência | Projeções Cartográficas; e | A Carta Náutica"
2._of-10-31-densm-ciaara-an-capa-pcn-pr-ead_2.pdf;C-ApA-PCN-PR-EAD;PCN-PR-III-EAD;CARTOGRAFIA NÁUTICA BRASILEIRA;40;1;HISTÓRICO;10;3;"Cartografia Náutica na história | Cartografia Náutica no Brasil; e | Leis e Normas relacionadas à Cartografia Náutica Brasileira"
2._of-10-31-densm-ciaara-an-capa-pcn-pr-ead_2.pdf;C-ApA-PCN-PR-EAD;PCN-PR-III-EAD;CARTOGRAFIA NÁUTICA BRASILEIRA;40;2;PLANO CARTOGRÁFICO NÁUTICO BRASILEIRO (PCNB);10;2;1º e 2º Planos Cartográficos Náuticos e o Plano Cartográfico Internacional de Cartas | III PCNB
2._of-10-31-densm-ciaara-an-capa-pcn-pr-ead_2.pdf;C-ApA-PCN-PR-EAD;PCN-PR-III-EAD;CARTOGRAFIA NÁUTICA BRASILEIRA;40;3;ESTRUTURA DO CHM;10;3;"Atividades da Divisão de Cartografia | Fluxo da Produção Cartográfica; e | Fluxo da Atualização Cartográfica"
2._of-10-31-densm-ciaara-an-capa-pcn-pr-ead_2.pdf;C-ApA-PCN-PR-EAD;PCN-PR-III-EAD;CARTOGRAFIA NÁUTICA BRASILEIRA;40;4;PLANOS DE TRABALHO DA DHN;10;3;"Regulamento do Conselho Técnico da DHN | Plano de Trabalho de Hidrografia (PTHIDRO); e | Plano de Trabalho de Cartografia (PTCART)"
2._of-10-31-densm-ciaara-an-capa-pcn-pr-ead_2.pdf;C-ApA-PCN-PR-EAD;PCN-PR-IV-EAD;PRODUÇÃO CARTOGRÁFICA;50;1;TIPOS DE PRODUTOS CARTOGRÁFICOS;10;3;"Carta Náutica em Papel e norma S-4 | Carta Raster e norma e norma S-61; e | Carta Eletrônica e normas S-57, S-52, S-63 e Inland ENC Encoding Guide"
2._of-10-31-densm-ciaara-an-capa-pcn-pr-ead_2.pdf;C-ApA-PCN-PR-EAD;PCN-PR-IV-EAD;PRODUÇÃO CARTOGRÁFICA;50;2;PRODUÇÃO DE NOVAS EDIÇÕES;40;4;"Softwares utilizados na produção cartográfica | Procedimentos para elaboração de novas edições de cartas náuticas | Novas edições de cartas em papel; e | Novas edições de cartas eletrônicas"
2._of-10-31-densm-ciaara-an-capa-pcn-pr-ead_2.pdf;C-ApA-PCN-PR-EAD;PCN-PR-V-EAD;ATUALIZAÇÃO CARTOGRÁFICA;40;1;PUBLICAÇÕES DE AUXÍLIOS À NAVEGAÇÃO;10;5;"Carta 12000 (INT 1) | Roteiros | Lista de Sinais Cegos | Lista de Auxílios-Rádio; e | Outras publicações"
2._of-10-31-densm-ciaara-an-capa-pcn-pr-ead_2.pdf;C-ApA-PCN-PR-EAD;PCN-PR-V-EAD;ATUALIZAÇÃO CARTOGRÁFICA;40;2;AVISOS;20;3;"NORMAM-17 (Normas da Autoridade Marítima para Auxílios à Navegação) | Avisos aos Navegantes; e | Avisos-Rádio e Busca e Salvamento (SAR)"
2._of-10-31-densm-ciaara-an-capa-pcn-pr-ead_2.pdf;C-ApA-PCN-PR-EAD;PCN-PR-V-EAD;ATUALIZAÇÃO CARTOGRÁFICA;40;3;ATUALIZAÇÃO CARTOGRÁFICA;10;2;"Atualização de Cartas em Papel; e | Atualização de Cartas Eletrônicas (ENC e InlanENC)"
2._of-10-31-densm-ciaara-an-capa-pcn-pr-ead_2.pdf;C-ApA-PCN-PR-EAD;PCN-PR-VI-EAD;DESENVOLVIMENTO PARA O FUTURO;40;1;O MODELO DE DADOS UNIVERSAL (S-100);20;3;"Produtos da família S-100 | Noções de e-navigation; e | O conceito de Infraestrutura de Dados Especiais Marinhos (MSDI)"
2._of-10-31-densm-ciaara-an-capa-pcn-pr-ead_2.pdf;C-ApA-PCN-PR-EAD;PCN-PR-VI-EAD;DESENVOLVIMENTO PARA O FUTURO;40;2;S-101 e S-401: AS ENC E InlanENC DO FUTURO;20;3;"S-57 e S-101 | InlandENC e S-401; e | Futuro do Eletronic Chart Display and Information System (ECDIS)"
2._of-10-31-densm-ciaara-an-capa-pcn-pr-ead_2.pdf;C-ApA-PCN-PR-EAD;PCN-PR-VII-EAD;TRABALHO DE FIM DE CURSO;80;1;APRESENTAÇÃO DOS TEMAS;10;3;"Considerações básicas | Etapas do trabalho de final de curso; e | Elaboração do trabalho de final de curso"
2._of-10-31-densm-ciaara-an-capa-pcn-pr-ead_2.pdf;C-ApA-PCN-PR-EAD;PCN-PR-VII-EAD;TRABALHO DE FIM DE CURSO;80;2;ORIENTAÇÃO DE FORMATAÇÃO, ESTRUTURAÇÃO E COMPOSIÇÃO DO TRABALHO DE FINAL DE CURSO;70;2;"Orientações para elaboração do trabalho; e | Pesquisa e desenvolvimento do Trabalho"
4.-of-10-6-2025-densm-ciaara-anc-c-ap-fr.pdf;C-Ap-FR;FR-2201-1012;INSTALAÇÕES ELÉTRICAS;120;1;INSTALAÇÕES ELÉTRICAS;48;12;"Geração, transmissão e distribuição de energia elétrica | Conceitos básicos de tensão, corrente, resistência e potência elétrica | Fator de potência | Simbologia gráfica | Levantamento de cargas elétricas | Tipos de fornecimento de tensão | Padrão de entrada | Circuito elétrico | Quadro de distribuição | Condutores elétricos | Ferramentas elétricas; e | Critérios estabelecidos pela Norma Brasileira NBR-5410"
4.-of-10-6-2025-densm-ciaara-anc-c-ap-fr.pdf;C-Ap-FR;FR-2201-1012;INSTALAÇÕES ELÉTRICAS;120;2;DISPOSITIVOS DE PROTEÇÃO;17;4;"Disjuntor Diferencial Residual (DR) | Interruptor Diferencial Residual (IDR) | Disjuntor Termomagnético (DTM); e | Dispositivo de Proteção contra Surto (DPS)"
4.-of-10-6-2025-densm-ciaara-anc-c-ap-fr.pdf;C-Ap-FR;FR-2201-1012;INSTALAÇÕES ELÉTRICAS;120;3;ELETRODUTOS, CÁLCULOS E DIMENSIONAMENTOS;37;11;"Rede de eletrodutos | Representação de eletrodutos | Dimensionamento dos eletrodutos com ajuda da tabela | Dimensionamento de eletroduto calculando-se a seção dos condutores | Esquemas de ligação | Cálculo da corrente elétrica dos circuitos | Cálculo de potência do circuito de distribuição | Dimensionamento do disjuntor no quadro do medidor | Seção do condutor de proteção | Levantamento do material; e | Instituto Nacional de Metrologia (INMETRO)"
4.-of-10-6-2025-densm-ciaara-anc-c-ap-fr.pdf;C-Ap-FR;FR-2201-1012;INSTALAÇÕES ELÉTRICAS;120;4;PRECAUÇÕES DE SEGURANÇA;18;3;"Segurança para trabalho em instalações elétricas | Choque elétrico; e | Precauções contra incêndios elétricos e carga de baterias"
4.-of-10-6-2025-densm-ciaara-anc-c-ap-fr.pdf;C-Ap-FR;FR-2202-0511;AUXÍLIOS À NAVEGAÇÃO;65;1;AUXÍLIOS À NAVEGAÇÃO;30;5;"Atribuições dos órgãos nacionais e internacionais envolvidos com os auxílios à | Importância para a navegação | Fiscalização dos auxílios à navegação | Aspectos legais; e | International Association of Marine Aids to Navigation and Lighthouse Authorities"
4.-of-10-6-2025-densm-ciaara-anc-c-ap-fr.pdf;C-Ap-FR;FR-2202-0511;AUXÍLIOS À NAVEGAÇÃO;65;2;BALIZAMENTO;10;5;"Sistemas de balizamento adotados no Brasil | Responsabilidades das entidades extra-MB | Índice de eficácia | Recomendações para os casos de degradação; e | Manutenção e controle do balizamento"
4.-of-10-6-2025-densm-ciaara-anc-c-ap-fr.pdf;C-Ap-FR;FR-2202-0511;AUXÍLIOS À NAVEGAÇÃO;65;3;ESTABELECIMENTO, CANCELAMENTO E ALTERAÇÃO DE SINAIS NÁUTICOS DE AUXÍLIOS À NAVEGAÇÃO;15;7;Autorização para o estabelecimento, cancelamento ou alteração | Procedimentos para o estabelecimento | Procedimentos para o cancelamento | Procedimentos para o encaminhamento e tramitação de requerimento, solicitan | Aprovação do projeto para implantação | Procedimentos para alteração temporária em auxílios à navegação ou balizamen | Requisitos para operação e manutenção de balizamento sob a responsabilidade
4.-of-10-6-2025-densm-ciaara-anc-c-ap-fr.pdf;C-Ap-FR;FR-2202-0511;AUXÍLIOS À NAVEGAÇÃO;65;4;COMUNICAÇÃO DE ALTERAÇÃO EM AUXÍLIOS À NAVEGAÇÃO;10;2;"Procedimentos; e | Normas de redação"
4.-of-10-6-2025-densm-ciaara-anc-c-ap-fr.pdf;C-Ap-FR;FR-2203-0325;EQUIPAMENTOS DE AUXÍLIOS À NAVEGAÇÃO;75;1;LANTERNAS ELÉTRICAS PORTÁTEIS;20;3;"Origem | Classificação; e | Instalação"
4.-of-10-6-2025-densm-ciaara-anc-c-ap-fr.pdf;C-Ap-FR;FR-2203-0325;EQUIPAMENTOS DE AUXÍLIOS À NAVEGAÇÃO;75;2;LANTERNAS DE DIODO EMISSOR DE LUZ (LED);22;5;"Histórico | Princípio de funcionamento | Modelos | Instalação; e | Manutenção"
4.-of-10-6-2025-densm-ciaara-anc-c-ap-fr.pdf;C-Ap-FR;FR-2203-0325;EQUIPAMENTOS DE AUXÍLIOS À NAVEGAÇÃO;75;3;EQUIPAMENTOS AUTOMÁTICOS DE ALTA INTENSIDADE;33;3;"Funcionamento das lanternas rotativas automáticas | Instalação; e | Manutenção"
4.-of-10-6-2025-densm-ciaara-anc-c-ap-fr.pdf;C-Ap-FR;FR-2204-0520;PROJETOS DE AUXÍLIOS À NAVEGAÇÃO;104;1;PESQUISA DE DELINEAMENTO;64;4;"Coleta de dados para projeto de auxílios à navegação | Pesquisa para implantação de estruturas e equipamentos | Cálculos pertinentes ao dimensionamento de equipamentos; e | Requisitos para a elaboração de projetos"
4.-of-10-6-2025-densm-ciaara-anc-c-ap-fr.pdf;C-Ap-FR;FR-2204-0520;PROJETOS DE AUXÍLIOS À NAVEGAÇÃO;104;2;LINHA DE FUNDEIO;40;1;Dimensionamento de linha de fundeio, acessórios e poita
4.-of-10-6-2025-densm-ciaara-anc-c-ap-fr.pdf;C-Ap-FR;FR-2205-1014;OPERAÇÕES E ADMINISTRAÇÃO DE AUXÍLIOS À NAVEGAÇÃO;140;1;DADOS OPERACIONAIS SOBRE MEIOS FLUTUANTES;10;3;"Navios faroleiros | Navios balizadores; e | Lanchas balizadoras"
4.-of-10-6-2025-densm-ciaara-anc-c-ap-fr.pdf;C-Ap-FR;FR-2205-1014;OPERAÇÕES E ADMINISTRAÇÃO DE AUXÍLIOS À NAVEGAÇÃO;140;2;ELABORAÇÃO DE INSTRUÇÕES ESPECIAIS;10;3;"Planejamento operativo | Definição do meio; e | Elaboração de instruções especiais"
4.-of-10-6-2025-densm-ciaara-anc-c-ap-fr.pdf;C-Ap-FR;FR-2205-1014;OPERAÇÕES E ADMINISTRAÇÃO DE AUXÍLIOS À NAVEGAÇÃO;140;3;SISTEMA DE MANUTENÇÃO PLANEJADA DAS OPERAÇÕES DE AUXÍLIOS À NAVEGAÇÃO;35;3;"Considerações gerais sobre manutenção | Sistema de manutenção planejada; e | Elaboração dos documentos"
4.-of-10-6-2025-densm-ciaara-anc-c-ap-fr.pdf;C-Ap-FR;FR-2205-1014;OPERAÇÕES E ADMINISTRAÇÃO DE AUXÍLIOS À NAVEGAÇÃO;140;4;ABASTECIMENTO;38;4;"Meios de prover o abastecimento de sobressalentes | Planejamento do suprimento de sobressalentes | Controle de material sobressalente; e | Apoio Logístico Integrado (ALI)"
4.-of-10-6-2025-densm-ciaara-anc-c-ap-fr.pdf;C-Ap-FR;FR-2205-1014;OPERAÇÕES E ADMINISTRAÇÃO DE AUXÍLIOS À NAVEGAÇÃO;140;5;CONTROLE DE SISTEMAS DE AUXÍLIOS À NAVEGAÇÃO;47;2;"Tipos de controle de sistemas; e | Controle dos sistemas"
4.-of-10-6-2025-densm-ciaara-anc-c-ap-fr.pdf;C-Ap-FR;FR-2206-0253;NAVEGAÇÃO;120;1;PUBLICAÇÕES;25;11;"Cartas náuticas | Tábuas de marés e cartas de correntes de maré | Lista de faróis | Lista de auxílios rádios | Roteiro | Catálogo de cartas náuticas e publicações | Carta 12000 (símbolos e abreviaturas) | Regulamento Internacional para Evitar Abalroamento no Mar (RIPEAM) | Avisos aos navegantes | Lista de sinais cegos; e | Outras publicações de auxílio à navegação"
4.-of-10-6-2025-densm-ciaara-anc-c-ap-fr.pdf;C-Ap-FR;FR-2206-0253;NAVEGAÇÃO;120;2;NAVEGAÇÃO COSTEIRA;45;4;"Linha de posição | Navegação estimada | Definições, rumo e velocidade; e | Problemas de navegação"
4.-of-10-6-2025-densm-ciaara-anc-c-ap-fr.pdf;C-Ap-FR;FR-2206-0253;NAVEGAÇÃO;120;3;ALINHAMENTO;10;2;"Identificação; e | Regras gerais de navegação em alinhamento"
4.-of-10-6-2025-densm-ciaara-anc-c-ap-fr.pdf;C-Ap-FR;FR-2206-0253;NAVEGAÇÃO;120;4;SEGMENTOS CAPAZES;10;2;"Segmentos capazes; e | Posicionamento por Segmentos Capazes"
4.-of-10-6-2025-densm-ciaara-anc-c-ap-fr.pdf;C-Ap-FR;FR-2206-0253;NAVEGAÇÃO;120;5;CARTA ELETRÔNICA;8;4;"A Carta Eletrônica | Tipos de cartas eletrônicas (RASTER e Vetorial) | Padrões OHI; e | Aquisição e atualização de Cartas Eletrônicas"
4.-of-10-6-2025-densm-ciaara-anc-c-ap-fr.pdf;C-Ap-FR;FR-2206-0253;NAVEGAÇÃO;120;6;ELECTRONIC CHART DISPLAY AND INFORMATION SYSTEM (ECDIS);8;6;"Propósito do ECDIS | Previsão legal do uso do ECDIS: International Conventios for the Safety At of Life at | Padrões e funções do ECDIS (IMO-MSC-232) | Uso do ECDIS como Raster Chart Display System (RCDS) | Diferença ECDIS / ECS; e | CISNE: propósito e funções"
4.-of-10-6-2025-densm-ciaara-anc-c-ap-fr.pdf;C-Ap-FR;FR-2206-0253;NAVEGAÇÃO;120;7;E-NAVIGATION;6;2;"Conceitos e características; e | Principais ferramentas integradas"
4.-of-10-6-2025-densm-ciaara-anc-c-ap-fr.pdf;C-Ap-FR;FR-2206-0253;NAVEGAÇÃO;120;8;NORMAS PARA NAVEGAÇÃO NOS NAVIOS DA MB;8;1;Conceitos e características
4.-of-10-6-2025-densm-ciaara-anc-c-ap-fr.pdf;C-Ap-FR;FR-2207-0510;INGLÊS TÉCNICO;50;1;ESTRUTURA GRAMATICAL I;25;2;"Verbos modais: can, could, may, might, must and should; e | Presente perfeito: since, for, yet, already and just"
4.-of-10-6-2025-densm-ciaara-anc-c-ap-fr.pdf;C-Ap-FR;FR-2207-0510;INGLÊS TÉCNICO;50;2;ESTRUTURA GRAMATICAL II;25;5;"Processo de formação de palavras : prefixação e sufixação | Pronomes e advérbios interrogativos: what, which, who, whose, where, when, | Pronomes relativos: who, which, that and whose | Conjunções coordenativas e subordinativas; e | Formas nominais: gerúndio, particípio e infinitivo"
4.-of-10-6-2025-densm-ciaara-anc-c-ap-fr.pdf;C-Ap-FR;FR-2209-1011;MANUTENÇÃO EM AUXÍLIOS À NAVEGAÇÃO FEITOS DE ALVENARIA;110;1;FERRAMENTAS;4;3;"Tipos | Utilização; e | Equipamentos de Proteção Individual (EPI)"
4.-of-10-6-2025-densm-ciaara-anc-c-ap-fr.pdf;C-Ap-FR;FR-2209-1011;MANUTENÇÃO EM AUXÍLIOS À NAVEGAÇÃO FEITOS DE ALVENARIA;110;2;ALVENARIA;32;7;"Elementos de alvenaria | Elevação de paredes | Paredes com tijolos furados | Paredes com blocos de concreto | Vãos em paredes de alvenaria | Muros; e | Argamassa: preparo e aplicação"
4.-of-10-6-2025-densm-ciaara-anc-c-ap-fr.pdf;C-Ap-FR;FR-2209-1011;MANUTENÇÃO EM AUXÍLIOS À NAVEGAÇÃO FEITOS DE ALVENARIA;110;3;CONCRETO ARMADO;32;4;"Materiais empregados em concreto armado | Sistemas de formas e escoramentos convencionais | Tipos de concreto; e | Tipos de armaduras"
4.-of-10-6-2025-densm-ciaara-anc-c-ap-fr.pdf;C-Ap-FR;FR-2209-1011;MANUTENÇÃO EM AUXÍLIOS À NAVEGAÇÃO FEITOS DE ALVENARIA;110;4;REPAROS EM CONCRETO ARMADO;15;5;"Causas da deterioração | Preparação da área a ser reparada | Recuperação da armadura | Concretagem; e | Proteção"
4.-of-10-6-2025-densm-ciaara-anc-c-ap-fr.pdf;C-Ap-FR;FR-2209-1011;MANUTENÇÃO EM AUXÍLIOS À NAVEGAÇÃO FEITOS DE ALVENARIA;110;5;PINTURA;27;6;"Preparação da superfície | Aplicação de impermeabilizantes | Esquema de pintura | Cuidados na aplicação das tintas | Material de trabalho; e | Rendimento"
4.-of-10-6-2025-densm-ciaara-anc-c-ap-fr.pdf;C-Ap-FR;FR-2210-0510;TREINAMENTO FÍSICO MILITAR;40;1;CORRIDA;15;5;"Método contínuo | Método intervalado | Métodos fracionados | Métodos em circuito; e | Métodos adaptativos"
4.-of-10-6-2025-densm-ciaara-anc-c-ap-fr.pdf;C-Ap-FR;FR-2210-0510;TREINAMENTO FÍSICO MILITAR;40;2;NATAÇÃO E PERMANÊNCIA DENTRO D`ÁGUA;25;3;"Adaptação ao meio líquido | Flutuabilidade; e | Resistência"
4.-of-10-6-2025-densm-ciaara-anc-c-ap-fr.pdf;C-Ap-FR;FR-2211-0510;PREVENÇÃO DE ACIDENTES;50;1;SEGURANÇA DO TRABALHO;6;5;"Objetivo da prevenção de acidentes | Evolução histórica da segurança, higiene e medicina do trabalho | Acidente de trabalho | Tipos de acidente; e | Motivos de ocorrência de acidentes"
4.-of-10-6-2025-densm-ciaara-anc-c-ap-fr.pdf;C-Ap-FR;FR-2211-0510;PREVENÇÃO DE ACIDENTES;50;2;RISCOS AMBIENTAIS;6;3;"Conceito | Classificação dos riscos ambientais; e | Prevenção"
4.-of-10-6-2025-densm-ciaara-anc-c-ap-fr.pdf;C-Ap-FR;FR-2211-0510;PREVENÇÃO DE ACIDENTES;50;3;MAPA DE RISCOS AMBIENTAIS;6;3;"Conceito | Graduação dos riscos; e | Etapas do mapa de risco ambiental"
4.-of-10-6-2025-densm-ciaara-anc-c-ap-fr.pdf;C-Ap-FR;FR-2211-0510;PREVENÇÃO DE ACIDENTES;50;4;EQUIPAMENTOS DE PROTEÇÃO;10;3;"Conceito | Equipamentos de proteção individual; e | Equipamentos de proteção coletiva"
4.-of-10-6-2025-densm-ciaara-anc-c-ap-fr.pdf;C-Ap-FR;FR-2211-0510;PREVENÇÃO DE ACIDENTES;50;5;INSPEÇÃO DE SEGURANÇA;4;2;"Conceito; e | Etapas da inspeção"
4.-of-10-6-2025-densm-ciaara-anc-c-ap-fr.pdf;C-Ap-FR;FR-2211-0510;PREVENÇÃO DE ACIDENTES;50;6;ANÁLISE E INVESTIGAÇÃO;6;2;"Conceito; e | Etapas de uma investigação do acidente ou incidente"
4.-of-10-6-2025-densm-ciaara-anc-c-ap-fr.pdf;C-Ap-FR;FR-2211-0510;PREVENÇÃO DE ACIDENTES;50;7;LEGISLAÇÃO;5;2;"Normas Reguladoras (NR) de 1 a 37 ; e | NR-5: Comissão Interna de Prevenção de Acidentes (CIPA)"
4.-of-10-6-2025-densm-ciaara-anc-c-ap-fr.pdf;C-Ap-FR;FR-2211-0510;PREVENÇÃO DE ACIDENTES;50;8;SEMANA INTERNA DE PREVENÇÃO DE ACIDENTES (SIPAT);7;2;"Objetivo da SIPAT; e | Conceito"
4.-of-10-6-2025-densm-ciaara-anc-c-ap-fr.pdf;C-Ap-FR;FR-2212-0215;EQUIPAMENTOS E SISTEMAS ELETRÔNICOS DE AUXÍLIO À NAVEGAÇÃO;30;1;NAVEGAÇÃO ELETRÔNICA;14;4;Global Positioning System (GPS): aplicações, limitações e princípio de funciona | Differential Global Positioning System (DGPS): correção da posição satélite | Serviço de Identificação Automático (AIS): aplicação e princípio de funcionamen | RADAR: funcionamento e utilização do RADAR no posicionamento de Sinais
4.-of-10-6-2025-densm-ciaara-anc-c-ap-fr.pdf;C-Ap-FR;FR-2212-0215;EQUIPAMENTOS E SISTEMAS ELETRÔNICOS DE AUXÍLIO À NAVEGAÇÃO;30;2;EQUIPAMENTOS E SISTEMAS ELETRÔNICOS DE AUXÍLIO À NAVEGAÇÃO;16;5;"Differential Global Navigation Satellite System (DGNSS): princípio de funciona | AIS AtoN: aplicação do AIS no posicionamento dos Auxílios à Navegação | Serviço de Controle de Tráfego de Navios (VTS): normas e aplicação | Respondedor RADAR (RACON BEACON): aplicação nos Auxílios à Navegação; e | Radiobaliza de Sinalização de Emergência (Emergency Position-Indicating Radio"
4.-of-10-6-2025-densm-ciaara-anc-c-ap-fr.pdf;C-Ap-FR;FR-2213-0820;PRÁTICA DE FIM DE CURSO EM MANUTENÇÃO DE AUXÍLIOS À NAVEGAÇÃO;160;1;NAVEGAÇÃO;35;3;"Planejamento | Preparação; e | Execução"
4.-of-10-6-2025-densm-ciaara-anc-c-ap-fr.pdf;C-Ap-FR;FR-2213-0820;PRÁTICA DE FIM DE CURSO EM MANUTENÇÃO DE AUXÍLIOS À NAVEGAÇÃO;160;2;MANUTENÇÃO EM SINAIS NÁUTICOS DE ALVENARIA;35;3;"Planejamento | Precauções de segurança; e | Execução"
4.-of-10-6-2025-densm-ciaara-anc-c-ap-fr.pdf;C-Ap-FR;FR-2213-0820;PRÁTICA DE FIM DE CURSO EM MANUTENÇÃO DE AUXÍLIOS À NAVEGAÇÃO;160;3;EQUIPAMENTOS DE SINALIZAÇÃO NÁUTICA;35;4;"Planejamento | Precauções de segurança | Execução; e | Lançamento da faina em fichas de sinais"
4.-of-10-6-2025-densm-ciaara-anc-c-ap-fr.pdf;C-Ap-FR;FR-2213-0820;PRÁTICA DE FIM DE CURSO EM MANUTENÇÃO DE AUXÍLIOS À NAVEGAÇÃO;160;4;PROJETOS DE AUXÍLIOS À NAVEGAÇÃO;35;1;Dimensionamento de equipamentos de Auxílios à Navegação
4.-of-10-6-2025-densm-ciaara-anc-c-ap-fr.pdf;C-Ap-FR;FR-2213-0820;PRÁTICA DE FIM DE CURSO EM MANUTENÇÃO DE AUXÍLIOS À NAVEGAÇÃO;160;5;ADMINISTRAÇÃO DE AUXÍLIOS À NAVEGAÇÃO;20;6;"Elaboração de planilhas do Depósito Regional de Sinalização Náutica (DEPREG/ | Levantamento dos subsídios para o Plano de Trabalho de Auxílios à Navegação | Preenchimento das fichas de sinais | Controle dos acordos administrativos em vigor | Verificação dos tombos; e | Elaboração de relatório de inspeção"
c-ap-hn.pdf;C-Ap-HN;HN-2101-0621;MATEMÁTICA E FÍSICA APLICADAS À HIDROGRAFIA;126;1;MATEMÁTICA APLICADA NA RESOLUÇÃO DE PROBLEMAS HIDROGRÁFICOS;48;7;"Conceitos de aritmética | Conceitos matemáticos na representação da Terra e da carta náutica | Gradiente | Trigonometria | Geometria de posição espacial | Álgebra Linear; e | Cálculo Diferencial e Integral"
c-ap-hn.pdf;C-Ap-HN;HN-2101-0621;MATEMÁTICA E FÍSICA APLICADAS À HIDROGRAFIA;126;2;ESTATÍSTICA;21;5;"Conceitos introdutórios | Variáveis aleatórias | Medidas descritivas e correlação | Estimação de parâmetros; e | Distribuições contínuas de probabilidades"
c-ap-hn.pdf;C-Ap-HN;HN-2101-0621;MATEMÁTICA E FÍSICA APLICADAS À HIDROGRAFIA;126;3;FUNDAMENTOS DA TEORIA DOS ERROS;11;4;"Erros em medições | Revisão de conceitos de estatística empregados como ferramentas em levanta | Precisão de exatidão; e | Critérios para avaliação de dados anormais (outliers)"
c-ap-hn.pdf;C-Ap-HN;HN-2101-0621;MATEMÁTICA E FÍSICA APLICADAS À HIDROGRAFIA;126;4;PROPAGAÇÃO DE ERROS;7;2;"Propagação de erros; e | Precisão das sondagens batimétricas"
c-ap-hn.pdf;C-Ap-HN;HN-2101-0621;MATEMÁTICA E FÍSICA APLICADAS À HIDROGRAFIA;126;5;QUANTIFICAÇÃO DA INCERTEZA POSICIONAL;3;1;Interpretar a Elipse dos Erros
c-ap-hn.pdf;C-Ap-HN;HN-2101-0621;MATEMÁTICA E FÍSICA APLICADAS À HIDROGRAFIA;126;6;AJUSTAMENTO TOPO-GEODÉSICO;15;2;"Introdução ao Método dos Mínimos Quadrados; e | Interpolação Polinomial"
c-ap-hn.pdf;C-Ap-HN;HN-2101-0621;MATEMÁTICA E FÍSICA APLICADAS À HIDROGRAFIA;126;7;FÍSICA;21;5;"Cinemática | Gravidade | Tipos de ondas | Geração e propagação de ondas; e | Mecânica"
c-ap-hn.pdf;C-Ap-HN;HN-2102- 0150;INFORMÁTICA APLICADA À HIDROGRAFIA;51;1;SISTEMAS COMPUTACIONAIS;11;3;"Arquitetura e Sistema Operacional | Comunicação e sincronia; e | Redes de computadores e internet"
c-ap-hn.pdf;C-Ap-HN;HN-2102- 0150;INFORMÁTICA APLICADA À HIDROGRAFIA;51;2;EDITOR DE TEXTO, PLANILHA E APLICATIVO GRÁFICO;4;1;Editor de texto e planilha eletrônica
c-ap-hn.pdf;C-Ap-HN;HN-2102- 0150;INFORMÁTICA APLICADA À HIDROGRAFIA;51;3;SISTEMAS DE BANCO DE DADOS;10;2;"Tipos de arquivos; e | Bancos de dados relacionais e geoespaciais"
c-ap-hn.pdf;C-Ap-HN;HN-2102- 0150;INFORMÁTICA APLICADA À HIDROGRAFIA;51;4;PROGRAMAÇÃO;26;2;"Noções de programação; e | Implementação de programas"
c-ap-hn.pdf;C-Ap-HN;HN-2103-0508;INGLÊS TÉCNICO;40;1;ESTRUTURA GRAMATICAL I;20;2;"Verbos modais: can, could, may, might, must and should; e | Presente perfeito: since, for, yet, already and just"
c-ap-hn.pdf;C-Ap-HN;HN-2103-0508;INGLÊS TÉCNICO;40;2;ESTRUTURA GRAMATICAL II;20;5;"Processo de formação de palavras (prefixação e sufixação) | Pronomes e advérbios interrogativos: what, which, who, whose, where, when, | Pronomes relativos: who, which, that and whose | Conjunções coordenativas e subordinativas; e | Formas nominais: gerúndio, particípio e infinitivo"
c-ap-hn.pdf;C-Ap-HN;HN-2104-0610;METEOROLOGIA;60;1;METEOROLOGIA BÁSICA;26;9;"Ar atmosférico | Temperatura | Pressão atmosférica e ventos | Umidade, nuvens e precipitação | Meteoros | Chuva e Neve | Radiação, convecção e advecção | Sistemas de pressão; e | Instrumentos meteorológicos"
c-ap-hn.pdf;C-Ap-HN;HN-2104-0610;METEOROLOGIA;60;2;METEOROLOGIA SINÓTICA;34;9;"Vento de superfície e vento geostrófico | Ventos anabáticos e catabáticos | Carta sinótica | Previsão meteorológica | Boletins meteorológicos | Códigos meteorológicos | Previsão das condições do tempo | Tempestades isoladas e trovoadas; e | Monitoramento e previsão de nevoeiros"
c-ap-hn.pdf;C-Ap-HN;HN-2105-0428;NAVEGAÇÃO;92;1;PROBLEMA GERAL DA NAVEGAÇÃO;4;3;"Conceito de Navegação (contraste com Tráfego) e Manobra | O ciclo OODA (Observação, Orientação, Decisão e Ação); e | E-Navigation"
c-ap-hn.pdf;C-Ap-HN;HN-2105-0428;NAVEGAÇÃO;92;2;DISTÂNCIAS, RUMOS E MARCAÇÕES;4;3;"Unidades de distância usadas na Navegação | Orientações de direções relativas ao Navio; e | Referências de Rumos e Marcações"
c-ap-hn.pdf;C-Ap-HN;HN-2105-0428;NAVEGAÇÃO;92;3;POSICIONAMENTO;15;5;"Posição observada (Fix) | Linhas de Posição de Segurança e Série de “Traub” | Posição Estimada (Dead Reckoning) | Efeito de corrente; e | Problemas de corrente"
c-ap-hn.pdf;C-Ap-HN;HN-2105-0428;NAVEGAÇÃO;92;4;CARACTERÍSTICAS DO NAVIO PARA MANOBRA;7;3;"Graus de liberdade e folga abaixo da quilha | Características do navio; e | Corrida da milha"
c-ap-hn.pdf;C-Ap-HN;HN-2105-0428;NAVEGAÇÃO;92;5;REGRAS DE GOVERNO E BALIZAMENTO;5;2;Regulamento Internacional para Evitar Abalroamentos no Mar (RIPEAM) e regras | Balizamento lateral, cardinal e especial (Região B)
c-ap-hn.pdf;C-Ap-HN;HN-2105-0428;NAVEGAÇÃO;92;6;EQUIPAMENTOS USADOS NA NAVEGAÇÃO;18;6;"Agulhas | Odômetro | Sextante | Ecobatímetro | Radar; e | Navegação paralela indexada"
c-ap-hn.pdf;C-Ap-HN;HN-2105-0428;NAVEGAÇÃO;92;7;SISTEMAS EMPREGADOS NA NAVEGAÇÃO;13;5;"Global Navigation Satellite System (GNSS) | Automatic Identification System (AIS) | Vessel Traffic Service (VTS) | Electronic Chart Display and Information System (ECDIS); e | Global Maritime Distress and Safety System (GMDSS)"
c-ap-hn.pdf;C-Ap-HN;HN-2105-0428;NAVEGAÇÃO;92;8;NAVEGAÇÃO INERCIAL;10;2;"Unidades de Medições Inerciais; e | Sistemas de Navegação Inercial"
c-ap-hn.pdf;C-Ap-HN;HN-2105-0428;NAVEGAÇÃO;92;9;ASPECTOS PRÁTICOS DA NAVEGAÇÃO;16;4;"Principais origens de acidentes no mar | Equipe de navegação | Cartas náuticas; e | Estabelecimento da derrota"
c-ap-hn.pdf;C-Ap-HN;HN-2106-0506;HIDROGRAFIA E NAVEGAÇÃO - ASPECTOS LEGAIS;34;1;PUBLICAÇÕES DE AUXÍLIO À NAVEGAÇÃO;7;2;"Publicações de auxílio a navegação; e | Informações aos navegantes"
c-ap-hn.pdf;C-Ap-HN;HN-2106-0506;HIDROGRAFIA E NAVEGAÇÃO - ASPECTOS LEGAIS;34;2;NORMAS DA AUTORIDADE MARÍTIMA;11;3;"Lei de Segurança do Tráfego Aquaviário (LESTA) | Normas da Autoridade Marítima; e | Normas específicas da navegação"
c-ap-hn.pdf;C-Ap-HN;HN-2106-0506;HIDROGRAFIA E NAVEGAÇÃO - ASPECTOS LEGAIS;34;3;CONVENÇÃO DAS NAÇÕES UNIDAS SOBRE O DIREITO DO MAR (CNUDM);7;3;"Desenvolvimento histórico da UNCLOS (United Nations Convention on the Law of | Espaços estabelecidos pela CNUDM; e | Perspectiva brasileira da CNUDM"
c-ap-hn.pdf;C-Ap-HN;HN-2106-0506;HIDROGRAFIA E NAVEGAÇÃO - ASPECTOS LEGAIS;34;4;RESPONSABILIDADE CIVIL DO HIDRÓGRAFO;5;2;"Base legal dos serviços; e | Responsabilidade civil do hidrógrafo"
c-ap-hn.pdf;C-Ap-HN;HN-2106-0506;HIDROGRAFIA E NAVEGAÇÃO - ASPECTOS LEGAIS;34;5;CONCEITOS FUNDAMENTAIS DE APOIO LOGÍSTICO INTEGRADO (ALI);2;6;"Conceitos básicos da logística | Ciclo logístico | Apoio logístico | Conceitos de ALI na MB | Elementos do ALI; e | Principais processos de ALI"
c-ap-hn.pdf;C-Ap-HN;HN-2106-0506;HIDROGRAFIA E NAVEGAÇÃO - ASPECTOS LEGAIS;34;6;GESTÃO DE MANUTENÇÃO;2;5;"Conceito | Tipos de manutenção | Sistema de Manutenção Planejada (SMP) | Relatórios de manutenção; e | Índices de manutenção"
c-ap-hn.pdf;C-Ap-HN;HN-2107-0510;NAVEGAÇÃO ASTRONÔMICA;56;1;ESFERA CELESTE;10;4;"Principais elementos | Sistemas de coordenadas astronômicas | Fenômenos periódicos e coordenadas inerentes a cada fenômeno; e | Movimento aparente do Sol na eclíptica no período de um ano"
c-ap-hn.pdf;C-Ap-HN;HN-2107-0510;NAVEGAÇÃO ASTRONÔMICA;56;2;MEDIDA DE TEMPO;6;4;"Tipos de tempo | Transformações horárias | Tipos de cronômetros; e | Estado absoluto e da marcha"
c-ap-hn.pdf;C-Ap-HN;HN-2107-0510;NAVEGAÇÃO ASTRONÔMICA;56;3;CORREÇÃO DAS OBSERVAÇÕES;7;4;"Correções oriundas da refração | Semidiâmetro | Paralaxe; e | Erro instrumental"
c-ap-hn.pdf;C-Ap-HN;HN-2107-0510;NAVEGAÇÃO ASTRONÔMICA;56;4;USO DAS EFEMÉRIDES;4;4;"Efemérides astronômicas | Coordenadas do Sol | Coordenadas das estrelas; e | Instante das observações"
c-ap-hn.pdf;C-Ap-HN;HN-2107-0510;NAVEGAÇÃO ASTRONÔMICA;56;5;AZIMUTE ASTRONÔMICO;6;3;"Azimute de uma direção terrestre | Problemas inerentes ao método; e | Circunstâncias favoráveis à determinação"
c-ap-hn.pdf;C-Ap-HN;HN-2107-0510;NAVEGAÇÃO ASTRONÔMICA;56;6;ERRO E DESVIO DAS AGULHAS;7;4;"Determinação do erro e desvio das agulhas pelos azimutes dos astros | Cálculo do azimute no mar | Determinação do desvio da agulha pelo azimute do sol; e | Azimute pelas Tábuas A, B e C de Norie e PUB. 260"
c-ap-hn.pdf;C-Ap-HN;HN-2107-0510;NAVEGAÇÃO ASTRONÔMICA;56;7;ASPECTOS PRÁTICOS DE NAVEGAÇÃO ASTRONÔMICA;16;7;"Instante dos eventos astronômicos | Obtenção do erro da giro pelo azimute do sol | Círculo de posição e reta de altura | Posição astronômica | Passagem Meridiana Superior do Sol Verdadeiro (MS) e tempo limite aproximado | Latitude e longitude e dados obtidos na passagem meridiana do sol; e | Uso de software para navegação astronômica"
c-ap-hn.pdf;C-Ap-HN;HN-2108-0610;CARTOGRAFIA;60;1;CARTOGRAFIA;8;3;"Introdução à Cartografia | Representação da superfície terrestre; e | Cálculos cartográficos"
c-ap-hn.pdf;C-Ap-HN;HN-2108-0610;CARTOGRAFIA;60;2;PROJEÇÕES GERAIS;8;3;"Sistemas de projeção | Lei geral das projeções; e | Projeções adotadas na DHN"
c-ap-hn.pdf;C-Ap-HN;HN-2108-0610;CARTOGRAFIA;60;3;PROJEÇÕES CILÍNDRICAS;15;5;"Características das projeções cilíndricas | Projeção de Mercator | Lei de projeção | Quadriculado da projeção; e | Coordenadas geográficas"
c-ap-hn.pdf;C-Ap-HN;HN-2108-0610;CARTOGRAFIA;60;4;SISTEMA UNIVERSAL TRANSVERSO DE MERCATOR (UTM);12;4;"Definições do Sistema UTM | Características do sistema UTM | Coordenadas UTM; e | Transformação de coordenadas"
c-ap-hn.pdf;C-Ap-HN;HN-2108-0610;CARTOGRAFIA;60;5;DOCUMENTOS CARTOGRÁFICOS;8;3;"Diretrizes hidrográficas internacionais | Documentos cartográficos brasileiros; e | Documentos produzidos em um levantamento hidrográfico"
c-ap-hn.pdf;C-Ap-HN;HN-2108-0610;CARTOGRAFIA;60;6;CONSTRUÇÃO DA CARTA NÁUTICA;9;3;"Etapas de construção da carta náutica e processos de cartografia automatizada | Cartas eletrônicas de navegação; e | Adestramento, plotagem e construção dos elementos cartográficos no CHM"
c-ap-hn.pdf;C-Ap-HN;HN-2109-0710;GEODÉSIA;70;1;FUNDAMENTOS DA GEODÉSIA;7;3;"Introdução à Geodésia | As Geodésias e modelos; e | Geodésia geométrica"
c-ap-hn.pdf;C-Ap-HN;HN-2109-0710;GEODÉSIA;70;2;SISTEMAS GEODÉSICOS DE REFERÊNCIA;7;3;"Sistemas geodésicos de posicionamento | Sistemas Internacionais de Referência; e | Redes geodésicas"
c-ap-hn.pdf;C-Ap-HN;HN-2109-0710;GEODÉSIA;70;3;TRANSPORTE DE COORDENADAS SOBRE O ELIPSÓIDE DE REVOLUÇÃO;20;3;"Problema inverso | Problema direto; e | Programas de geodésia"
c-ap-hn.pdf;C-Ap-HN;HN-2109-0710;GEODÉSIA;70;4;GEODÉSIA ESPACIAL;10;3;"Posicionamento Global Navigation Satellite System (GNSS) | Segmentos GNSS; e | Sistemas globais de navegação por satélite"
c-ap-hn.pdf;C-Ap-HN;HN-2109-0710;GEODÉSIA;70;5;AS OBSERVÁVEIS GNSS;10;3;"Estrutura dos sinais | Cálculo e Precisões do GNSS; e | Erros Sistemáticos"
c-ap-hn.pdf;C-Ap-HN;HN-2109-0710;GEODÉSIA;70;6;GEODÉSIA APLICADA;16;4;"Técnicas de Posicionamento GNSS | Aquisição de dados | Processamento de dados; e | Transformações geodésicas e conversão de coordenadas entre sistemas geodésicos"
c-ap-hn.pdf;C-Ap-HN;HN-2110-0808;MARÉS;64;1;FUNDAMENTOS DAS MARÉS;14;7;"Forças Geradas de Maré | A teoria da maré de equilíbrio | Marés reais | Pontos Anfidrômicos, Cartas Cotidais e Constantes Harmônicas | Influências Geomorfológicas sobre as características da maré | Variações não Astronômicas do nível do mar; e | Correntes de maré: Teoria e medição"
c-ap-hn.pdf;C-Ap-HN;HN-2110-0808;MARÉS;64;2;ANÁLISE E PREVISÃO DA MARÉ;18;4;"Tábuas de Maré e de correntes de maré | Tratamento de dados maregráficos | Análise de dados maregráficos; e | Ferramenta de previsão da maré"
c-ap-hn.pdf;C-Ap-HN;HN-2110-0808;MARÉS;64;3;MARÉGRAFOS, ESTAÇÃO MAREGRÁFICA E DATUMS;13;6;"Tipos de Marégrafo | Montagem da Estação Maregráfica | Elaboração da ficha de descrição da Estação Maregráfica (F-41) | Reocupação da Estação Maregráfica | Níveis de Referência Maregráficos (DATUMS); e | Incerteza na Observação e determinação do Nível do Mar"
c-ap-hn.pdf;C-Ap-HN;HN-2110-0808;MARÉS;64;4;REDUÇÃO DE SONDAGEM;19;4;"Cálculo do Nível de Redução | Transporte do Nível de Redução | Redução de sondagem; e | Subdivisão da área de sondagem para efeito da redução de maré (Zoneamento da"
c-ap-hn.pdf;C-Ap-HN;HN-2111- 1212;HIDROGRAFIA;148;1;PROJETO DE LH;6;7;"LH | Especificações da OHI para LH: contorno, posicionamento, batimetria e auxílios à | Tipos e características dos LH | Planejamento de LH | Responsabilidade civil do hidrógrafo | Propagação de erros na sondagem; e | Instruções técnicas da DHN"
c-ap-hn.pdf;C-Ap-HN;HN-2111- 1212;HIDROGRAFIA;148;2;SISTEMAS DE BATIMETRIA E SENSORES AUXILIARES;5;9;"Princípios dos sensores acústicos | Sistema de posicionamento em sondagem | Posicionamento acústico | Incertezas no posicionamento | Equipamentos de apoio à sondagem | Sistemas acústicos monofeixe | Sistemas acústicos multifeixe | Sistemas de varredura; e | Sistemas não acústicos"
c-ap-hn.pdf;C-Ap-HN;HN-2111- 1212;HIDROGRAFIA;148;3;DETERMINAÇÃO DA PROFUNDIDADE;8;4;"Transdutores e suas características | Relação frequência e atenuação | Fatores oceanográficos na determinação da profundidade; e | Fatores geológicos na determinação da profundidade"
c-ap-hn.pdf;C-Ap-HN;HN-2111- 1212;HIDROGRAFIA;148;4;SONDAGEM MONOFEIXE;5;7;"Caracterização e configuração dos componentes do sistema monofeixe | Interpretação do sinal monofeixe | Propagação acústica em um ecobatímetro monofeixe | Processamento de dados monofeixe | Fontes de erros em sondagem monofeixe | Planejamento de linhas; e | Controle de qualidade"
c-ap-hn.pdf;C-Ap-HN;HN-2111- 1212;HIDROGRAFIA;148;5;SONDAGEM MULTIFEIXE;22;10;"Princípios e geometria da varredura com feixes e da sondagem multifeixe | Beamforming e ray tracing | Características dos feixes e da varredura na cobertura do fundo marinho | Detecção em fase e amplitude | Erros e incertezas na detecção do fundo | Backscatter | Georreferenciamento dos dados multifeixe | Calibração do multifeixe | Acompanhamento da sondagem multifeixe; e | Pré-processamento e controle de qualidade"
c-ap-hn.pdf;C-Ap-HN;HN-2111- 1212;HIDROGRAFIA;148;6;INSTALAÇÕES DE SENSORES HIDROGRÁFICOS;8;5;"Fatores importantes em instalações hidrográficas | Sistema de coordenadas da embarcação e alinhamento | Pontos de referência em uma instalação hidrográfica | Interpretação de Relatório de Offsets e configuração em sistemas de aquisição; e | Parâmetros dos sistemas de aquisição"
c-ap-hn.pdf;C-Ap-HN;HN-2111- 1212;HIDROGRAFIA;148;7;COMUNICAÇÕES, ELETRÔNICA E INFORMÁTICA;8;8;"Corrente e tensão contínua e alternada | Fontes de alimentação elétrica e inversores | Ferramentas e equipamentos de medição | Comunicação serial: RS232, RS422 e RS485 | Conversores | Comunicação Ethernet | Protocolos TCP e UDP; e | Prática de comunicação serial e ethernet"
c-ap-hn.pdf;C-Ap-HN;HN-2111- 1212;HIDROGRAFIA;148;8;VARREDURA;10;8;"Princípios da varredura mecânica | Princípios da varredura eletrônica | Procedimentos para aquisição com side scan sonar | Princípios do sonar interferométrico | Relação sinal x ruído no sonar interferométrico | Estratigrafia da coluna d’água na varredura | Detecção de feições submersas; e | Precauções de segurança para varredura"
c-ap-hn.pdf;C-Ap-HN;HN-2111- 1212;HIDROGRAFIA;148;9;OUTROS SISTEMAS DE LEVANTAMENTO;2;2;"Plataformas autônomas de levantamento; e | Perfilador de subfundo"
c-ap-hn.pdf;C-Ap-HN;HN-2111- 1212;HIDROGRAFIA;148;10;PROCEDIMENTOS DE SONDAGEM;24;11;"Seleção da plataforma | Sistema de aquisição automática de dados | Planejamento e acompanhamento de uma sondagem | Calibração inicial | Aquisição e acompanhamento da sondagem | Pesquisa de perigo | Pré-processamento e controle de qualidade | Monitoramento da maré e pré-processamento | Redução da maré: maregrafia e modelagem da ondulação geoidal | Armazenamento e transferência de dados; e | Precauções de segurança para a sondagem"
c-ap-hn.pdf;C-Ap-HN;HN-2111- 1212;HIDROGRAFIA;148;11;OPERAÇÃO E MANUTENÇÃO DE EQUIPAMENTOS HIDROCEANOGRÁFICOS E PRÁTI CAS DE SEGURANÇA;8;6;"Procedimentos de emergência | Práticas de segurança no trabalho | Marinharia (cabos) | Instrumentos lançados pela borda e rebocados | Procedimentos de ancoragem; e | Instrumentos de fundeio"
c-ap-hn.pdf;C-Ap-HN;HN-2111- 1212;HIDROGRAFIA;148;12;PROCESSAMENTO DE DADOS BATIMÉTRICOS;40;10;"Aplicativos de processamento | Técnicas de limpeza de dados | Filtragem manual e automática de dados | Cálculo da incerteza vertical e da incerteza horizontal | Identificação dos erros grosseiros e sistemáticos | Comparação de dados sobrepostos | Propagação das incertezas a priori e a posteriori | Controle de qualidade e a ordem de levantamento | Geração de produtos; e | Relatório de aquisição de dados"
c-ap-hn.pdf;C-Ap-HN;HN-2111- 1212;HIDROGRAFIA;148;13;HIDROGRAFIA MILITAR;2;4;"Plano de Desenvolvimento do Programa Oceano (PLADEPO) | Cartas especiais para planejamento de operações de submarinos | Cartas especiais para planejamento de operações anfíbias; e | Cartas especiais para planejamento de operações ribeirinhas"
c-ap-hn.pdf;C-Ap-HN;HN-2112-0126;GERENCIAMENTO DE DADOS HIDROGRÁFICOS;25;1;BANCOS DE DADOS E INFRAESTRUTURAS DE DADOS ESPACIAIS;15;4;"Conceitos sobre bancos de dados | Infraestruturas de Dados Espaciais (IDE) | Sistemas de Informações Geográficas Marinhas (SIG - Marinho); e | Visualização e apresentação de feições"
c-ap-hn.pdf;C-Ap-HN;HN-2112-0126;GERENCIAMENTO DE DADOS HIDROGRÁFICOS;25;2;PRODUTOS DERIVADOS DE LH;10;2;"Especificações de Produtos da OHI; e | Produtos oriundos e resultantes de um LH"
c-ap-hn.pdf;C-Ap-HN;HN-2113-0325;OCEANOGRAFIA;75;1;OCEANOGRAFIA FÍSICA;50;6;"Efeito da força de Coriolis | Propriedades físicas da água do mar: temperatura, salinidade, pressão e | Medições oceanográficas | Medição e representação de correntes | Geração, propagação e medição de ondas; e | Variações não astronômicas do nível do mar"
c-ap-hn.pdf;C-Ap-HN;HN-2113-0325;OCEANOGRAFIA;75;2;OCEANOGRAFIA GEOLÓGICA;16;6;"Estrutura interna da Terra | Substratos marinhos (sedimentos) | Tipos de fundo marinho (fisiografia) | Coleta de sedimentos | Gravidade; e | Métodos geofísicos: levantamentos magnéticos e sísmicos"
c-ap-hn.pdf;C-Ap-HN;HN-2113-0325;OCEANOGRAFIA;75;3;IMPACTO AMBIENTAL;9;1;Impactos ambientais decorrentes de levantamentos hidrográficos
c-ap-hn.pdf;C-Ap-HN;HN-2114-0910;TOPOGRAFIA;90;1;INTRODUÇÃO À TOPOGRAFIA;5;3;"O campo da topografia e seus propósitos | Conceitos básicos; e | Operações topográficas"
c-ap-hn.pdf;C-Ap-HN;HN-2114-0910;TOPOGRAFIA;90;2;MEDIDA DE ÂNGULOS;15;3;"Instrumentos de medição angular | Medida de ângulos horizontais e verticais; e | Prática de medida de ângulos"
c-ap-hn.pdf;C-Ap-HN;HN-2114-0910;TOPOGRAFIA;90;3;MEDIDA DE DISTÂNCIAS;10;3;"Conceitos básicos | Instrumentos medidores de distâncias; e | prática de medida de distâncias"
c-ap-hn.pdf;C-Ap-HN;HN-2114-0910;TOPOGRAFIA;90;4;ALTIMETRIA;15;4;"Conceitos básicos | Instrumentos utilizados em nivelamento | Nivelamento geométrico; e | Nivelamento trigonométrico"
c-ap-hn.pdf;C-Ap-HN;HN-2114-0910;TOPOGRAFIA;90;5;PLANIMETRIA;15;3;"Conceitos básicos | Métodos planimétricos; e | Programas de processamento"
c-ap-hn.pdf;C-Ap-HN;HN-2114-0910;TOPOGRAFIA;90;6;LEVANTAMENTO TOPOGRÁFICO;30;2;"Especificações da DHN para levantamento topográfico; e | Prática de levantamento topográfico"
c-ap-hn.pdf;C-Ap-HN;HN-2115-0138;SENSORIAMENTO REMOTO;38;1;INTRODUÇÃO AO SENSORIAMENTO REMOTO E AO SISTEMA LiDAR;6;1;Conceitos introdutórios
c-ap-hn.pdf;C-Ap-HN;HN-2115-0138;SENSORIAMENTO REMOTO;38;2;SISTEMA LiDAR;15;2;"Sistemas LiDAR aerotransportados e terrestres; e | Batimetria a Laser"
c-ap-hn.pdf;C-Ap-HN;HN-2115-0138;SENSORIAMENTO REMOTO;38;3;SENSORIAMENTO REMOTO;17;7;"Sistemas imageadores orbitais | Definição dos sistemas sensores | Sensores remotos óticos de média e alta resolução espacial | Atualizações cartográficas e delimitação de linha de costa | Mapeamento da superfície d’água | Batimetria por resposta espectral; e | Propriedades da coluna d’água"
c-ap-hn.pdf;C-Ap-HN;HN- 2116-0407;ACÚSTICA SUBMARINA;28;1;NOÇÕES DE ACÚSTICA;2;2;"Caracterização das ondas sonoras; e | Ondas planas e esféricas"
c-ap-hn.pdf;C-Ap-HN;HN- 2116-0407;ACÚSTICA SUBMARINA;28;2;FUNDAMENTOS DE ACÚSTICA SUBMARINA;7;5;"Propagação do som no mar e gradientes | Reflexão e refração do som no mar | Padrões de propagação do som no mar | Atenuação do som no mar: absorção e espalhamento; e | Ruídos"
c-ap-hn.pdf;C-Ap-HN;HN- 2116-0407;ACÚSTICA SUBMARINA;28;3;TRANSDUTORES;2;1;Princípios de funcionamento e características do feixe
c-ap-hn.pdf;C-Ap-HN;HN- 2116-0407;ACÚSTICA SUBMARINA;28;4;EQUAÇÃO SONAR;4;2;"Sonar; e | Parâmetros da equação sonar"
c-ap-hn.pdf;C-Ap-HN;HN- 2116-0407;ACÚSTICA SUBMARINA;28;5;SISTEMAS ACÚSTICOS;13;6;"Parâmetros do sistema | Sistemas acústicos monofeixe | Sonar de varredura lateral | Sistemas acústicos multifeixe | Sonar Interferométrico; e | Backscatter"
c-ap-hn.pdf;C-Ap-HN;HN-2117-0506;TREINAMENTO FÍSICO MILITAR;40;1;CORRIDA;15;5;"Método contínuo | Método intervalado | Métodos fracionados | Métodos em circuito; e | Métodos adaptativos"
c-ap-hn.pdf;C-Ap-HN;HN-2117-0506;TREINAMENTO FÍSICO MILITAR;40;2;NATAÇÃO E PERMANÊNCIA DENTRO D`ÁGUA;25;3;"Adaptação ao meio líquido | Flutuabilidade; e | Resistência"
c-ap-hn.pdf;C-Ap-HN;HN-2118-1016;LEVANTAMENTO HIDROGRÁFICO DE FIM DE CURSO;160;1;PLANEJAMENTO DO LEVANTAMENTO HIDROGRÁFICO;10;6;"Planejamento | Reconhecimento da área de Levantamento e seus fatores ambientais | Estabelecimento de recursos e equipamentos para aquisição de dados | Planejamento da aquisição e processamento e análise de dados | Reconhecimento da área do levantamento hidrográfico; e | Elaboração do relatório do reconhecimento"
c-ap-hn.pdf;C-Ap-HN;HN-2118-1016;LEVANTAMENTO HIDROGRÁFICO DE FIM DE CURSO;160;2;ELABORAÇÃO DO CRONOGRAMA DOS SERVIÇOS A SEREM EXECUTADOS;10;3;"Elementos a serem obtidos durante os levantamentos hidrográficos | Documentos cartográficos necessários ao planejamento e execução; e | Planejamento de amostragem de fundo"
c-ap-hn.pdf;C-Ap-HN;HN-2118-1016;LEVANTAMENTO HIDROGRÁFICO DE FIM DE CURSO;160;3;ELABORAÇÃO DA INSTRUÇÃO ESPECIAL DO LEVANTAMENTO HIDROGRÁFICO;10;2;Análise das instruções especiais de levantamentos já realizados na região dese | Elementos necessários para a elaboração das instruções especiais
c-ap-hn.pdf;C-Ap-HN;HN-2118-1016;LEVANTAMENTO HIDROGRÁFICO DE FIM DE CURSO;160;4;TRABALHOS DE GEODÉSIA, TOPOGRAFIA, OCEANOGRAFIA, MARÉS, AEROFOTOGRA METRIA E BATIMETRIA;80;24;"Técnicas de Posicionamento GNSS | Aquisição de dados Geodésicos | Sistema de coordenadas da embarcação e alinhamento | Pontos de referência em uma instalação hidrográfica | Medições oceanográficas | Medição e representação de correntes | Montagem da estação maregráfica | Elaboração da ficha de descrição da estação maregráfica (f-41) | Mapeamento da superfície d’água | Equipamentos de apoio à sondagem | Fatores importantes em instalação hidrográfica | Instalação dos equipamentos de posicionamento, sondagem e varredura | Operações de coleta de dados em levantamentos hidrográficos | Calibração e parametrização dos ecobatímetros | Caracterização e configuração dos componentes do sistema monofeixe | Caracterização e configuração dos componentes do sistema multifeixe | Acompanhamento da sondagem multifeixe | Pré-processamento e controle de qualidade | Procedimentos para aquisição com side scan sonar | Sistema de aquisição automática de dados | Acompanhamento de uma sondagem | Pré-processamento e controle de qualidade | Monitoramento da maré e pré-processamento; e | Armazenamento e transferência de dados"
c-ap-hn.pdf;C-Ap-HN;HN-2118-1016;LEVANTAMENTO HIDROGRÁFICO DE FIM DE CURSO;160;5;PROCESSAMENTO CONVENCIONAL E AUTOMÁTICO;16;8;"Interpretação do sinal | Fontes de erros em sondagem | Detecção de feições submersas | Redução da maré (maregrafia e modelagem da ondulação geoidal) | Parametrização dos dados no pós-processamento | Cálculo da incerteza vertical e da incerteza horizontal | Identificação dos erros grosseiros e sistemáticos; e | Comparação de dados sobrepostos"
c-ap-hn.pdf;C-Ap-HN;HN-2118-1016;LEVANTAMENTO HIDROGRÁFICO DE FIM DE CURSO;160;6;INTERPRETAÇÃO E ANÁLISE DOS DADOS COLETADOS E PROCESSADOS;12;2;"Erros e incertezas na detecção do fundo; e | Georreferenciamento dos dados multifeixe"
c-ap-hn.pdf;C-Ap-HN;HN-2118-1016;LEVANTAMENTO HIDROGRÁFICO DE FIM DE CURSO;160;7;PRODUÇÃO DOS DOCUMENTOS DO LEVANTAMENTO HIDROGRÁFICO;12;8;"Controle de qualidade e a ordem de levantamento | Representação dos dados hidrográficos | Tipos de documentos produzidos em levantamentos hidrográficos | Representação dos dados em uma Folha de Sondagem (FS) | Representação dos dados em uma Folha de Bordo (FB) | Representação dos dados em uma Folha de Varredura (FV) | Representação dos dados em uma Folha Topográfica (FT); e | Representação cartográfica da área levantada"
c-ap-hn.pdf;C-Ap-HN;HN-2118-1016;LEVANTAMENTO HIDROGRÁFICO DE FIM DE CURSO;160;8;ELABORAÇÃO E ENTREGA DO RELATÓRIO FINAL DA COMISSÃO HIDROGRÁFICA;10;2;"Elaboração do Relatório Parcial e Final do Levantamento; e | Normas para elaboração de relatórios de levantamentos hidrográficos"
c-esp-alh.pdf;C-Esp-ALH;I;INGLÊS;20;1;ESTRATÉGIAS DE LEITURA;20;0;
c-esp-alh.pdf;C-Esp-ALH;II;SISTEMAS DE INFORMAÇÃO APLICADOS À ANÁLISE DE LEVANTAMENTOS;147;1;FERRAMENTAS DE ANÁLISES DO EXCEL;6;2;"Ferramentas estatísticas; e | Ferramentas matemáticas"
c-esp-alh.pdf;C-Esp-ALH;II;SISTEMAS DE INFORMAÇÃO APLICADOS À ANÁLISE DE LEVANTAMENTOS;147;2;SISTEMAS DE AQUISIÇÃO DE DADOS AUTOMATIZADOS;12;3;"Descrição dos Sistemas (Monofeixe, Multifeixe e Sonar de Varredura Lateral) | Procedimentos de operação; e | Formato de dados (Datagram)"
c-esp-alh.pdf;C-Esp-ALH;II;SISTEMAS DE INFORMAÇÃO APLICADOS À ANÁLISE DE LEVANTAMENTOS;147;3;SISTEMAS DE PROCESSAMENTOS DE DADOS;89;6;"Processamento Monofeixe | Processamento Multifeixe | Arquivos de maré e velocidade do som | Verificação de TPU (Total Propagated Uncertainty) e Base Surface | Verificação de offset e patch test; e | Sonarwiz x Caris hips"
c-esp-alh.pdf;C-Esp-ALH;II;SISTEMAS DE INFORMAÇÃO APLICADOS À ANÁLISE DE LEVANTAMENTOS;147;4;TREINAMENTO EM BANCO DE DADOS;40;2;"Bathy; e | Hydrographic Production Database (HPD)"
c-esp-alh.pdf;C-Esp-ALH;III;PUBLICAÇÕES E NORMAS;32;1;NORMAS DA AUTORIDADE MARÍTIMA;4;1;Normas de Autoridade Marítima para Levantamentos Hidrográficos (NORMAM-25)
c-esp-alh.pdf;C-Esp-ALH;III;PUBLICAÇÕES E NORMAS;32;2;INSTRUÇÕES TÉCNICAS (DHN);12;3;"Instrução Técnica - ECHO - Topografia | Instrução Técnica - HOTEL - Hidrografia; e | Instrução Técnica - GOLF - Amostras Geológicas"
c-esp-alh.pdf;C-Esp-ALH;III;PUBLICAÇÕES E NORMAS;32;3;NORMAS INTERNACIONAIS;16;4;"Manual de Hidrografia (C-13) | Especificações da OHI para Levantamentos Hidrográficos (S-44) | Símbolos, abreviaturas e termos utilizados em Cartas (INT-1); e | Padrão de Dados Hidrográficos Digitais (S-57)"
c-esp-alh.pdf;C-Esp-ALH;IV;ESTATÍSTICA;44;1;FUNDAMENTOS DA TEORIA DOS ERROS;20;5;"Erros em medições | Distribuição de Gauss e Distribuição Normal Unidimensional | Precisão e exatidão | Calibração de instrumentos de medida; e | Critérios para Avaliação de Dados Anormais (outliers)"
c-esp-alh.pdf;C-Esp-ALH;IV;ESTATÍSTICA;44;2;PROPAGAÇÃO DE ERROS;24;5;"Propagação de erros acidentais | Propagação de erros sistemáticos | Distribuição Normal circular (bidimensional) | Propagação de erros em operações hidrográficas; e | Precisão de sondagens batimétricas"
c-esp-alh.pdf;C-Esp-ALH;V;ANÁLISE DE DADOS DE MARÉS;40;1;DEFINIÇÕES GERAIS;6;5;"Nivelamento Geométrico | Análise de Fichas de Estação Maregráfica (F-41) oriundas de um LH | Tipos de marés | Estação maregráfica e tipos de marégrafos; e | Maré prevista e maré observada"
c-esp-alh.pdf;C-Esp-ALH;V;ANÁLISE DE DADOS DE MARÉS;40;2;ANÁLISE DE MARÉS;34;8;"Filtros de maré | Comparações entre a maré prevista e a maré observada | Métodos empregados para a determinação do Nível de Redução (NR) | Métodos empregados para o transporte do NR e do nível médio do mar | NR em rios com influência de maré | Critérios para zoneamento de marés | Elaboração do diagrama de redução de sondagens; e | Estudo de caso"
c-esp-alh.pdf;C-Esp-ALH;VI;AQUISIÇÃO,;40;1;ARQUITETURA DO SVL;8;4;"Equação Sonar | Conceituação de retroespalhamento | Introdução à interpretação de registros; e | Planejamento de um LH com SVL"
c-esp-alh.pdf;C-Esp-ALH;VI;AQUISIÇÃO,;40;2;AQUISIÇÃO DE DADOS;4;2;"Montagem e teste do SVL e seus equipamentos periféricos; e | Sondagem com SVL e desmobilização ao final"
c-esp-alh.pdf;C-Esp-ALH;VI;AQUISIÇÃO,;40;3;PROCESSAMENTO E ANÁLISE DE DADOS;28;9;"Conversão de dados brutos | Recálculo da posição | Uso da Ferramenta Side Scan Editor | Geração de mosaicos | Digitalização de alvos | Exportação de dados | Interpretação de feições | Noções básicas sobre Caris Bathy Database e HPD; e | Estudo de caso"
c-esp-alh.pdf;C-Esp-ALH;VII;ANÁLISE DE DADOS TOPOGEODÉSICOS;37;1;DEFINIÇÕES GERAIS;17;5;"Levantamentos Topogeodésicos | Técnicas de levantamentos topográficos | Técnicas de posicionamento GNSS | Análise de Dados GNSS oriundos de um LH; e | Criação de Fichas de Estações F-21"
c-esp-alh.pdf;C-Esp-ALH;VII;ANÁLISE DE DADOS TOPOGEODÉSICOS;37;2;ANÁLISE DE DADOS GNSS;20;7;"Relatório de Campo de dados GNSS | Análise do arquivo de dados GNSS RINEX | Busca dos arquivos de correções do erro de relógio e efemérides precisas | Pós-processamento de dado GNSS (rastreio estático) | Análise da qualidade do dado | Elaboração da Ficha de Estação F-21; e | Estudo de caso"
c-esp-alh.pdf;C-Esp-ALH;VIII;AQUISIÇÃO, PROCESSAMENTO E ANÁLISE DE DADOS DE BATIMETRIA;60;1;ARQUITETURA DO MBES;8;3;"Equipamentos componentes do sistema multifeixe e suas respectivas funções (ecobatímetro | Alinhamento de sensores e “Patch Test”; e | Planejamento de um LH com MBES"
c-esp-alh.pdf;C-Esp-ALH;VIII;AQUISIÇÃO, PROCESSAMENTO E ANÁLISE DE DADOS DE BATIMETRIA;60;2;AQUISIÇÃO DE DADOS;8;2;"Montagem e teste do MBES e seus equipamentos periféricos; e | Realização de Patch Test e sondagem na área escolhida para o LH"
c-esp-alh.pdf;C-Esp-ALH;VIII;AQUISIÇÃO, PROCESSAMENTO E ANÁLISE DE DADOS DE BATIMETRIA;60;3;PROCESSAMENTO E ANÁLISE DE DADOS;44;7;Conversão de dados brutos | Processamento dos dados pelos métodos Swath Angle e Cube do Caris Hips & Sips | Geração de superfícies | Determinação da Ordem do LH à luz da publicação S-44, da Organização Hidrográfica | Inserção dos dados aproveitados no Caris Bathy Database | Erros mais comuns que fazem com que o LH não seja aproveitado, à luz da NORMAM-25 | Estudo de caso
c-esp-alh.pdf;C-Esp-ALH;IX;PROCEDIMENTOS OPERACIONAIS PARA ANÁLISE DE LEVANTAMENTOS;50;1;PROCEDIMENTOS OPERACIONAIS DO CHM;50;4;"Procedimentos Operacionais - maregrafia | Procedimentos Operacionais - batimetria | Procedimentos Operacionais - geomorfologia; e | Estudo de caso"
c-esp-me.pdf;C-Esp-ME;I;METEOROLOGIA BÁSICA;28;1;INTRODUÇÃO À METEOROLOGIA;2;4;"Definição de Meteorologia | Tempo x Clima | História da Meteorologia; e | Áreas de estudo da Meteorologia"
c-esp-me.pdf;C-Esp-ME;I;METEOROLOGIA BÁSICA;28;2;ATMOSFERA TERRESTRE;3;3;"Composição | Estrutura Vertical; e | Escalas dos fenômenos atmosféricos"
c-esp-me.pdf;C-Esp-ME;I;METEOROLOGIA BÁSICA;28;3;RADIAÇÃO NA ATMOSFERA;4;6;"Movimentos de rotação e translação da Terra | Estações do ano | Radiação solar e terrestre | Processos radiativos (emissão, absorção, reflexão e espalhamento) | Leis físicas da radiação (Wien e Stefan-Boltzmann); e | Balanço radiativo do sistema Terra-atmosfera"
c-esp-me.pdf;C-Esp-ME;I;METEOROLOGIA BÁSICA;28;4;PARÂMETROS METEOROLÓGICOS;4;4;"Temperatura do ar | Pressão atmosférica | Vento; e | Umidade atmosférica"
c-esp-me.pdf;C-Esp-ME;I;METEOROLOGIA BÁSICA;28;5;NUVENS;3;6;"Definição | Processos de formação | Classificação | Particularidades suplementares das nuvens | Nuvens especiais; e | Atlas Internacional de Nuvens"
c-esp-me.pdf;C-Esp-ME;I;METEOROLOGIA BÁSICA;28;6;PRECIPITAÇÃO;4;5;"Definição | Processo de formação e crescimento de gotas d´água e cristais de gelo | Processo de formação de granizo | Unidades de medida; e | Classificação quanto ao tipo, caráter e intensidade"
c-esp-me.pdf;C-Esp-ME;I;METEOROLOGIA BÁSICA;28;7;VISIBILIDADE;3;3;"Definição | Fatores que afetam a visibilidade; e | Técnicas de observação"
c-esp-me.pdf;C-Esp-ME;I;METEOROLOGIA BÁSICA;28;8;METEOROS;5;5;"Definição | Hidrometeoros | Litometeoros | Fotometeoros; e | Eletrometeoros"
c-esp-me.pdf;C-Esp-ME;II;INSTRUMENTAÇÃO E OBSERVAÇÃO METEOROLÓGICA;70;1;NOÇÕES FUNDAMENTAIS;6;5;"Natureza e importância das observações meteorológicas | Classificação das estações meteorológicas | Redes de estações meteorológicas | Tipos de observações; e | Grandezas e unidades"
c-esp-me.pdf;C-Esp-ME;II;INSTRUMENTAÇÃO E OBSERVAÇÃO METEOROLÓGICA;70;2;INSTRUMENTAÇÃO METEOROLÓGICA;16;5;"Tipos fundamentais de instrumentos meteorológicos | Mecanismos de funcionamento | Técnicas de manuseio | Leitura e registro dos dados; e | Manutenção e calibração"
c-esp-me.pdf;C-Esp-ME;II;INSTRUMENTAÇÃO E OBSERVAÇÃO METEOROLÓGICA;70;3;ESTAÇÕES METEOROLÓGICAS;8;7;"Definição e classificação | Ajardinado e abrigo meteorológico | Estações meteorológicas de superfície convencionais | Estações meteorológicas de superfície automáticas | Estações meteorológicas de altitude | Plataformas de coleta de dados; e | Armazenamento e processamento de dados"
c-esp-me.pdf;C-Esp-ME;II;INSTRUMENTAÇÃO E OBSERVAÇÃO METEOROLÓGICA;70;4;OBSERVAÇÃO METEOROLÓGICA;10;6;"Normas e padronização da Organização Meteorológica Mundial | Observação meteorológica de superfície | Observação meteorológica de altitude | Observação das condições do tempo | Observação das condições do mar; e | Registro e controle de qualidade dos dados observados"
c-esp-me.pdf;C-Esp-ME;II;INSTRUMENTAÇÃO E OBSERVAÇÃO METEOROLÓGICA;70;5;CÓDIGOS METEOROLÓGICOS;30;7;"Principais tipos de códigos meteorológicos | Finalidade e aplicação | Interpretação | Codificação | Decodificação | Plotagem; e | Registros meteorológicos"
c-esp-me.pdf;C-Esp-ME;III;INFORMÁTICA APLICADA;46;1;NOÇÕES FUNDAMENTAIS;4;3;"Hardware e software | Internet e intranet; e | Redes de comunicação de dados"
c-esp-me.pdf;C-Esp-ME;III;INFORMÁTICA APLICADA;46;2;SISTEMAS OPERACIONAIS;16;2;"Operações e comandos básicos; e | Principais aplicações em meteorologia"
c-esp-me.pdf;C-Esp-ME;III;INFORMÁTICA APLICADA;46;3;REDES DE COMUNICAÇÃO DE DADOS;4;2;"Redes de dados meteorológicos; e | Sistemas de transmissão e recepção"
c-esp-me.pdf;C-Esp-ME;III;INFORMÁTICA APLICADA;46;4;SOFTWARE DE VISUALIZAÇÃO DE DADOS AMBIENTAIS;22;2;Programas de computador para análise e interpretação de dados para geração de | Rotinas de programação para criação de produtos de auxílio à decisão
c-esp-me.pdf;C-Esp-ME;IV;METEOROLOGIA DINÂMICA;22;1;NOÇÕES FUNDAMENTAIS;2;2;"Escalas dos movimentos atmosféricos; e | Sistemas de coordenadas escalares e vetoriais"
c-esp-me.pdf;C-Esp-ME;IV;METEOROLOGIA DINÂMICA;22;2;FORÇAS REAIS E APARENTES;6;6;"Sistemas referenciais não inerciais e forças aparentes | Força do gradiente de pressão | Força gravitacional e de gravidade | Força de Coriolis | Força centrífuga; e | Força de atrito"
c-esp-me.pdf;C-Esp-ME;IV;METEOROLOGIA DINÂMICA;22;3;EQUAÇÕES DO MOVIMENTO;4;2;"Introdução às equações do movimento; e | Análise de escala"
c-esp-me.pdf;C-Esp-ME;IV;METEOROLOGIA DINÂMICA;22;4;APLICAÇÕES DAS EQUAÇÕES DO MOVIMENTO;10;6;"Vento gestrófico | Vento gradiente | Vento ciclostrófico | Cinemática do campo de vento: divergência, convergência, circulação e vorticidade | Geopotencial e espessura atmosférica; e | Vento térmico"
c-esp-me.pdf;C-Esp-ME;V;CLIMATOLOGIA;25;1;CLIMATOLOGIA GERAL;6;5;"Diferença entre tempo e clima | Elementos climáticos | Fatores climáticos | Classificações climáticas; e | El Niño e La Niña: Oscilação Sul"
c-esp-me.pdf;C-Esp-ME;V;CLIMATOLOGIA;25;2;CLIMATOLOGIA ESTATÍSTICA;9;4;"Noções básicas de estatística | Estatísticas descritivas | Distribuição de frequência de uma variável meteorológica; e | Interpretação de gráficos estatísticos climatológicos"
c-esp-me.pdf;C-Esp-ME;V;CLIMATOLOGIA;25;3;CLIMATOLOGIA APLICADA;10;2;"Elaboração de boletins climatológicos; e | Cartas Piloto"
c-esp-me.pdf;C-Esp-ME;VI;METEOROLOGIA SINÓTICA;72;1;CONCEITOS BÁSICOS;2;3;"Definição e História | Horário Médio de Greenwich; e | Rede mundial de observações meteorológicas"
c-esp-me.pdf;C-Esp-ME;VI;METEOROLOGIA SINÓTICA;72;2;SISTEMAS DE PRESSÃO;2;4;"Sistema de alta e baixa pressão | Cristas, cavados e pontos de colo | Circulação dos sistemas de pressão; e | Convergência e divergência"
c-esp-me.pdf;C-Esp-ME;VI;METEOROLOGIA SINÓTICA;72;3;CIRCULAÇÃO GERAL DA ATMOSFERA;6;6;"O movimento do ar | Modelos de circulação | Distribuição de vento e pressão atmosférica à superfície e altitude | Ciclones e anticiclones | Ventos alísios; e | Monções"
c-esp-me.pdf;C-Esp-ME;VI;METEOROLOGIA SINÓTICA;72;4;MASSAS DE AR;4;6;"Conceito | Regiões de origem | Classificação | Propriedades | Condições de tempo associadas; e | Massas de ar que afetam a América do Sul"
c-esp-me.pdf;C-Esp-ME;VI;METEOROLOGIA SINÓTICA;72;5;SISTEMAS FRONTAIS;6;4;"Conceito e classificação | Características | Condições de tempo e nebulosidade associadas; e | Etapas do desenvolvimento de um sistema frontal"
c-esp-me.pdf;C-Esp-ME;VI;METEOROLOGIA SINÓTICA;72;6;CARTAS SINÓTICAS DE SUPERFÍCIE;18;5;"Projeções e escalas cartográficas de mapas sinóticos | Representação monocromática e policromática de sistema de pressão e frontais | Plotagem de mensagens meteorológicas | Análise sinótica; e | Identificação de cristas, cavados e sistemas frontais"
c-esp-me.pdf;C-Esp-ME;VI;METEOROLOGIA SINÓTICA;72;7;SISTEMAS SINÓTICOS;18;7;"Zona de Convergência Intertropical (ZCIT) | Zona de Convergência do Atlântico Sul (ZCAS) | Alta da Bolívia | Baixa do Chaco | Vórtices Ciclônicos de Altos Níveis (VCAN) | Bloqueios atmosféricos; e | Correntes de jato em altos e baixos níveis"
c-esp-me.pdf;C-Esp-ME;VI;METEOROLOGIA SINÓTICA;72;8;CICLONES TROPICAIS;6;8;"Condições de tempo na região tropical | Ondas de leste | Condições para formação | Classificação e Estrutura | Condições meteorológicas associadas | Período e regiões de ocorrência | Centros meteorológicos de monitoramento; e | Interpretação de produtos e alertas"
c-esp-me.pdf;C-Esp-ME;VI;METEOROLOGIA SINÓTICA;72;9;SISTEMAS DE MICROESCALA E MESOESCALA;10;6;"Sistemas convectivos de mesoescala | Trovoadas de célula simples, multicélulas e supercélulas | Linhas de instabilidade | Complexos Convectivos de Mesoescala (CCM) | Brisa marítima e terrestre; e | Brisa de vale e montanha"
c-esp-me.pdf;C-Esp-ME;VII;SENSORIAMENTO REMOTO;50;1;INTRODUÇÃO AO SENSORIAMENTO REMOTO;2;8;"Breve histórico | Princípios físicos | Processos de imageamento | Estações de recepção | Sensores | Resoluções | Técnicas de processamento e realce; e | Processamento digital de imagens"
c-esp-me.pdf;C-Esp-ME;VII;SENSORIAMENTO REMOTO;50;2;SATÉLITES AMBIENTAIS;4;6;"Introdução e breve história | Canais e sensores | Características das imagens | A componente espacial do Sistema de Observação Global (GOS) | Missões de satélites meteorológicos de órbita polar; e | Missões de satélites meteorológicos de órbita geoestacionária"
c-esp-me.pdf;C-Esp-ME;VII;SENSORIAMENTO REMOTO;50;3;SISTEMAS DE RECEPÇÃO DE DADOS, PRODUTOS E IMAGENS DE ALTA RESOLUÇÃO DE SATÉLITES METEOROLÓGICOS IMPLANTADOS NA MB;14;3;"Sistema de recepção de imagens meteorológicas de órbita geoestacionária | Sistema de recepção de imagens meteorológicas de órbita polar; e | Aplicabilidade e importância dos produtos e imagens que são disponibilizados"
c-esp-me.pdf;C-Esp-ME;VII;SENSORIAMENTO REMOTO;50;4;INTERPRETAÇÃO DE IMAGENS;18;7;"Conceitos básicos | Variações no campo espectral, espacial e temporal | Tratamento digital básico: técnicas de realce, animação e zoom | Características dos canais visível, infravermelho e vapor d’água | Identificação de nuvens | Identificação de sistemas de pressão e frontais; e | Detecção de névoas e nevoeiros"
c-esp-me.pdf;C-Esp-ME;VII;SENSORIAMENTO REMOTO;50;5;RADARES METEOROLÓGICOS;12;3;"Principais componentes | Esquema de funcionamento; e | Interpretação de imagens"
c-esp-me.pdf;C-Esp-ME;VIII;METEOROLOGIA AERONÁUTICA;48;1;CONCEITOS GERAIS;2;3;"A Meteorologia na proteção ao voo | Organização da Aviação Civil Internacional (OACI); e | Sistema de Controle do Espaço Aéreo Brasileiro"
c-esp-me.pdf;C-Esp-ME;VIII;METEOROLOGIA AERONÁUTICA;48;2;CONHECIMENTOS BÁSICOS;3;7;"Atmosfera padrão | Superfícies isobáricas-padrão | Altitude de pressão | Pressão atmosférica - reduções da pressão | Equilíbrio da atmosfera | Altimetria; e | Inversões térmicas"
c-esp-me.pdf;C-Esp-ME;VIII;METEOROLOGIA AERONÁUTICA;48;3;OBSERVAÇÕES METEOROLÓGICAS PARA FINS AERONÁUTICO;4;3;"Visibilidade | Alcance visual da pista; e | Condições de tempo associadas ao voo no interior dos diferentes tipos de nuvens"
c-esp-me.pdf;C-Esp-ME;VIII;METEOROLOGIA AERONÁUTICA;48;4;FENÔMENOS METEOROLÓGICOS ADVERSOS À AVIAÇÃO;4;5;"Trovoadas | Turbulência | Formação de gelo em aeronaves | Restrições de visibilidade; e | Cortantes de vento"
c-esp-me.pdf;C-Esp-ME;VIII;METEOROLOGIA AERONÁUTICA;48;5;CÓDIGOS METEOROLÓGICOS;20;5;"Meteorological Aerodrome Report (METAR) | Terminal Aerodrome Forecast (TAF) | Informe Meteorológico Especial De Aeródromo (SPECI) | Aircraft Reports (AIREP); e | BOWWAVE"
c-esp-me.pdf;C-Esp-ME;VIII;METEOROLOGIA AERONÁUTICA;48;6;CARTAS METEOROLÓGICAS;6;4;"Cartas SIGWX | Cartas WIND ALOFT PROG | Cortes verticais; e | Cartas de ventos em níveis de voo"
c-esp-me.pdf;C-Esp-ME;VIII;METEOROLOGIA AERONÁUTICA;48;7;BRIEFINGS METEOROLÓGICOS;9;1;Briefing meteorológico para operações aéreas
c-esp-me.pdf;C-Esp-ME;IX;TERMODINÂMICA DA ATMOSFERA;38;1;CONCEITOS BÁSICOS;6;8;"Matéria, substância e sistemas | Fases da matéria | Mudanças de fase | Variáveis de estado | Equilíbrio térmico | Densidade | Calor sensível e calor latente; e | Calor específico"
c-esp-me.pdf;C-Esp-ME;IX;TERMODINÂMICA DA ATMOSFERA;38;2;LEIS DA TERMODINÂMICA;6;4;"Trabalho | Equação de estado | Processos adiabáticos nos gases ideais; e | Primeira Lei da Termodinâmica"
c-esp-me.pdf;C-Esp-ME;IX;TERMODINÂMICA DA ATMOSFERA;38;3;TERMODINÂMICA DO AR ÚMIDO;6;3;"Parâmetros de umidade | Processo adiabático; e | Equação psicrométrica"
c-esp-me.pdf;C-Esp-ME;IX;TERMODINÂMICA DA ATMOSFERA;38;4;DIAGRAMAS TERMODINÂMICOS;10;6;"Definição de parâmetros | Propriedades | Tipos | Diagrama Skew-T LogP | Plotagem de dados; e | Métodos para determinação de parâmetros de umidade"
c-esp-me.pdf;C-Esp-ME;IX;TERMODINÂMICA DA ATMOSFERA;38;5;ESTABILIDADE DA ATMOSFERA;10;5;"Estabilidade atmosférica | Inversão Térmica | Método da parcela | Critérios de estabilidade no diagrama Skew-T LogP; e | Índices de instabilidade"
c-esp-me.pdf;C-Esp-ME;X;OCEANOGRAFIA E METEOROLOGIA MARINHA;22;1;METEOROLOGIA MARINHA;6;4;"Ondas | Vagas e Marulhos | Escala Douglas do estado do mar; e | Medição de alturas das ondas"
c-esp-me.pdf;C-Esp-ME;X;OCEANOGRAFIA E METEOROLOGIA MARINHA;22;2;OCEANOGRAFIA;6;6;"Propriedades físico-químicas da água do mar | Geomorfologia Marinha | Circulação dos oceanos | Tsumamis | Ressurgência; e | Oceanografia Operacional"
c-esp-me.pdf;C-Esp-ME;X;OCEANOGRAFIA E METEOROLOGIA MARINHA;22;3;GELO MARINHO E TERRESTRE;10;7;"Formação e derretimento | Climatologia | Classificação | Monitoramento | Interpretação básica de imagens de satélite de alta resolução | Interpretação básica de cartas de concentração, limite e deriva; e | Interpretação de boletins e informes glaciológicos"
c-esp-me.pdf;C-Esp-ME;XI;METEOROLOGIA PRÁTICA;72;1;CONCEITOS GERAIS;4;5;"Organização dos serviços meteorológicos | Intercâmbio de informações meteorológicas | Análise e previsão do tempo | Boletins e avisos de mau tempo; e | Cartas de pressão à superfície"
c-esp-me.pdf;C-Esp-ME;XI;METEOROLOGIA PRÁTICA;72;2;SERVIÇO METEOROLÓGICO MARINHO;4;3;"Missão | Atribuições; e | Publicações normativas"
c-esp-me.pdf;C-Esp-ME;XI;METEOROLOGIA PRÁTICA;72;3;PREVISÃO NUMÉRICA DO TEMPO;12;5;"Conceitos básicos de modelagem numérica | Modelos numéricos gerados pela MB | Interpretação | Análise de campos escalares de interesse ao nível da superfície; e | Análise dos campos nos níveis atmosféricos superiores"
c-esp-me.pdf;C-Esp-ME;XI;METEOROLOGIA PRÁTICA;72;4;BOLETINS E AVISOS DE MAU TEMPO;10;5;"Interpretação do meteoromarinha | Interpretação dos avisos de mau tempo | Interpretação de previsões meteorológicas especiais | Metodologia de disseminação; e | Comparação dos boletins e avisos de mau tempo"
c-esp-me.pdf;C-Esp-ME;XI;METEOROLOGIA PRÁTICA;72;5;CARTAS METEOROLÓGICAS;22;7;"Plotagem e análise das cartas de pressão à superfície | Preparação de cartas sinóticas para divulgação aos usuários | Obtenção de produtos gerados por outros centros meteorológicos | Atualização das cartas na Internet | Cartas de altitude | Cartas prognósticas; e | Cartas de auxílio à decisão"
c-esp-me.pdf;C-Esp-ME;XI;METEOROLOGIA PRÁTICA;72;6;BRIEFINGS METEOROLÓGICOS;20;2;"Elaboração; e | Apresentação"
c-esp-me.pdf;C-Esp-ME;XII;INGLÊS TÉCNICO APLICADO À METEOROLOGIA;52;1;VOCABULÁRIO TÉCNICO;20;5;"Variáveis meteorológicas em inglês | Instrumentos meteorológicos em inglês | Fenômenos sinóticos, de mesoescala e locais em inglês | Boletins meteorológicos e Avisos de Mau Tempo em inglês; e | Produtos numéricos em inglês"
c-esp-me.pdf;C-Esp-ME;XII;INGLÊS TÉCNICO APLICADO À METEOROLOGIA;52;2;PUBLICAÇÕES ESTRANGEIRAS;12;3;"Identificação de fontes de informações estrangeiras em inglês | Seleção de produtos meteoceanográficos estrangeiros relevantes ao serviço; e | Interpretação de códigos e abreviaturas em inglês"
c-esp-me.pdf;C-Esp-ME;XII;INGLÊS TÉCNICO APLICADO À METEOROLOGIA;52;3;DISSEMINAÇÃO DE INFORMAÇÕES;20;7;"Estrutura dos organismos internacionais de Meteorologia e Oceanografia: WMO, | Worldwide Met-Ocean Information and Warning Service (WWMIWS) | Coordenação da METAREA V | Programa de Navios Observadores Voluntários: Ship Observations Team (SOT), | Versão dos produtos do Serviço Meteorológico Marinho (SMM) para o inglês | Canais de disseminação dos produtos do SMM em inglês; e | Prática de disseminação dos produtos do SMM em inglês"
c-esp-opap.pdf;C-Esp-OpAP;OPAP I;CONCEITOS BÁSICOS SOBRE OPERAÇÕES POLARES;15;1;ASPECTOS GERAIS SOBRE O CONTINENTE ANTÁRTICO E OPERAÇÕES;10;5;"Características do continente Antártico e sua importância: aspectos gerais da | Geopolítica Polar | Atuação brasileira na Antártica | Sobrevivência Antártica e medicina polar; e | Introdução às operações na região Antártica"
c-esp-opap.pdf;C-Esp-OpAP;OPAP I;CONCEITOS BÁSICOS SOBRE OPERAÇÕES POLARES;15;2;LEGISLAÇÃO ANTÁRTICA;5;4;"Sistema do Tratado Antártico | Protocolo de Madrid e meio ambiente | Código Polar; e | Convenção Internacional para a Prevenção da Poluição por Navios (MARPOL)"
c-esp-opap.pdf;C-Esp-OpAP;OPAP II;METEOROLOGIA ANTÁRTICA;13;1;METEOROLOGIA;7;4;"Meteorologia básica | Meteorologia antártica | Observações meteorológicas; e | Modelos numéricos de previsão do tempo"
c-esp-opap.pdf;C-Esp-OpAP;OPAP II;METEOROLOGIA ANTÁRTICA;13;2;GLACIOLOGIA ANTÁRTICA;3;2;"Glaciologia antártica e tipos de gelos; e | Reconhecimento de campo de gelo"
c-esp-opap.pdf;C-Esp-OpAP;OPAP II;METEOROLOGIA ANTÁRTICA;13;3;PRÁTICA DE METEOROLOGIA ANTÁRTICA;3;3;"Produtos e dados meteorológicos na Antártica | Atividades do previsor meteorológico; e | Experiência prática na observação e previsão da meteorologia antártica"
c-esp-opap.pdf;C-Esp-OpAP;OPAP III;OPERAÇÕES E NAVEGAÇÃO EM ÁGUAS POLARES;34;1;OPERAÇÕES E NAVEGAÇÃO NA REGIÃO ANTÁRTICA;11;6;"Regras básicas de manobra no gelo | Operações aéreas | Operações de mergulho e manobras com botes | Cartas náuticas, publicações, comunicações e auxílios à navegação na Antártica | Estudos de caso: incidentes de navegação; e | Emprego de Radar e Comunicações"
c-esp-opap.pdf;C-Esp-OpAP;OPAP III;OPERAÇÕES E NAVEGAÇÃO EM ÁGUAS POLARES;34;2;PROCEDIMENTOS OPERATIVOS PARA AS REGIÕES POLARES;5;4;"Manual de Operações em Águas Polares | Classificação de navios para operações em águas polares | Atividades principais na região antártica; e | Gerenciamento de Risco"
c-esp-opap.pdf;C-Esp-OpAP;OPAP III;OPERAÇÕES E NAVEGAÇÃO EM ÁGUAS POLARES;34;3;PLANEJAMENTO DE OPERAÇÕES;18;6;"Planejamento de Operações: Canais Austrais | Planejamento de Operações: Estreito de Drake | Planejamento de Operações: Shetlands do Sul | Planejamento de Operações: Estreito Antártico e Weddell | Planejamento de Operações: Gerlache e adjacências; e | Planejamento de missão antártica"
c-esp-opap.pdf;C-Esp-OpAP;OPAP IV;PRÁTICA EM SIMULADOR;15;1;PRÁTICA EM SIMULADORES;15;2;Navegação em área com peculiaridades cartográficas (exercício 1) | Navegação em área com diversas concentrações de cobertura de gelo
c-exp-agmag.pdf;C-Exp-AgMag;AGU-MAG-1;MÉTODOS DE COMPENSAÇÃO DE AGULHA MAGNÉTICA;60;1;MAGNETISMO;12;3;"Conceito de magnetismo | Conceito de magnetismo terrestre; e | Inclinação magnética"
c-exp-agmag.pdf;C-Exp-AgMag;AGU-MAG-1;MÉTODOS DE COMPENSAÇÃO DE AGULHA MAGNÉTICA;60;2;AGULHAS NÁUTICAS;9;3;"Constituição de uma agulha magnética | Condições operacionais necessárias de uma agulha magnética; e | Perturbações da agulha magnética"
c-exp-agmag.pdf;C-Exp-AgMag;AGU-MAG-1;MÉTODOS DE COMPENSAÇÃO DE AGULHA MAGNÉTICA;60;3;TEORIA DOS DESVIOS;18;6;"Magnetização dos navios | Informações das cartas sobre o magnetismo terrestre | Registro sobre a agulha magnética | Compensação de agulha magnética | Inspeção de agulha e seus corretores; e | Instruções para preenchimento do modelo DHN-0104"
c-exp-agmag.pdf;C-Exp-AgMag;AGU-MAG-1;MÉTODOS DE COMPENSAÇÃO DE AGULHA MAGNÉTICA;60;4;COMPENSAÇÃO DE AGULHA MAGNÉTICA;21;7;"Material necessário para compensar agulhas | Compensação de agulha magnética por comparação com a giroscópica | Teoria da compensação de agulha magnética: análise das causas de desvios | Compensação de agulha magnética por alinhamento com pontos notáveis | Compensação de agulha magnética por azimute do sol | Compensação de agulha magnética pelo defletor Kelvin; e | Determinação da barra de Flinders"
c-exp-agmag.pdf;C-Exp-AgMag;AGU-MAG-2;PRÁTICA DE COMPENSAÇÃO DE AGULHA MAGNÉTICA;80;1;PRÁTICA DE COMPENSAÇÃO DE AGULHA MAGNÉTICA EM SIMULADOR;48;1;Compensação de agulha magnética em simulador
c-exp-agmag.pdf;C-Exp-AgMag;AGU-MAG-2;PRÁTICA DE COMPENSAÇÃO DE AGULHA MAGNÉTICA;80;2;PRÁTICA DE COMPENSAÇÃO DE AGULHA MAGNÉTICA A BORDO DE NAVIO;32;1;Compensação de agulha magnética a bordo de navio
c-exp-bati.pdf;C-Exp-BATI;SIS-BATI-1;BATITERMOGRAFIA;42;1;SISTEMA DE BATITERMOGRAFIA;1;2;"Tipos de batitermógrafos; e | Finalidade dos sistemas de batitermografia"
c-exp-bati.pdf;C-Exp-BATI;SIS-BATI-1;BATITERMOGRAFIA;42;2;BATITERMÓGRAFO DESCARTÁVEL (X-BT);3;4;"Componentes principais dos sistemas de batitermografia descartável | Tipos de batitermógrafo descartável | Princípio de funcionamento: obtenção da temperatura e da profundidade; e | NAVEMARINST em vigor"
c-exp-bati.pdf;C-Exp-BATI;SIS-BATI-1;BATITERMOGRAFIA;42;3;SISTEMAS DE LANÇAMENTO DO X-BT;6;2;"Sistema de lançamento do X-BT; e | Sistema batitermográfico"
c-exp-bati.pdf;C-Exp-BATI;SIS-BATI-1;BATITERMOGRAFIA;42;4;ESTRUTURA TÉRMICA VERTICAL TÍPICA DO OCEANO;6;8;"Estrutura térmica vertical tipica do oceano | Camada de mistura | Camada profunda | Termoclina permanente e sazonal | Propagação do som na água do mar | Profundidade de início da termoclina | Inversões térmicas; e | Profundidades significativas"
c-exp-bati.pdf;C-Exp-BATI;SIS-BATI-1;BATITERMOGRAFIA;42;5;BATITERMOGRAMAS;4;2;"Interpretação; e | Erros mais comuns de interpretação"
c-exp-bati.pdf;C-Exp-BATI;SIS-BATI-1;BATITERMOGRAFIA;42;6;PARÂMETROS METEOROLÓGICOS;4;3;"Dados a serem coletados | Técnicas e instrumentos de coleta; e | Erros mais comuns de medição"
c-exp-bati.pdf;C-Exp-BATI;SIS-BATI-1;BATITERMOGRAFIA;42;7;MODELOS: REGISTRO DE DADOS BATITERMOGRÁFICOS;3;1;Preenchimento dos modelos-registro
c-exp-bati.pdf;C-Exp-BATI;SIS-BATI-1;BATITERMOGRAFIA;42;8;MENSAGENS BATHY;8;1;Preenchimento
c-exp-bati.pdf;C-Exp-BATI;SIS-BATI-1;BATITERMOGRAFIA;42;9;OPERAÇÃO COM O SISTEMA BATITERMOGRÁFICO;7;1;Prática com sistema batitermográfico
c-exp-metocof_0.pdf;C-EXP-METOC-OF;?;METEOROLOGIA;30;1;INTRODUÇÃO A METEOROLOGIA;2;3;"Meteorologia e Climatologia | Estrutura vertical da atmosfera; e | Processos radiativos e balanço energético"
c-exp-metocof_0.pdf;C-EXP-METOC-OF;?;METEOROLOGIA;30;2;METEOROLOGIA FÍSICA;6;8;"Vapor d´água e medidas de umidade | Processos adiabáticos na atmosfera | Diagramas termodinâmicos | Índices de instabilidade | Formação de névoas e nevoeiros e suas classificações | Formação de nuvens e precipitação | Classificação de nuvens; e | Formação de gelo e turbulência"
c-exp-metocof_0.pdf;C-EXP-METOC-OF;?;METEOROLOGIA;30;3;METEOROLOGIA DINÂMICA;4;7;"Escala dos fenômenos atmosféricos | Circulação geral da atmosfera | Correntes de jato | Aproximação geostrófica | Convergência e divergência | Circulação, vorticidade e advecção; e | Noções de modelagem numérica de tempo e clima"
c-exp-metocof_0.pdf;C-EXP-METOC-OF;?;METEOROLOGIA;30;4;METEOROLOGIA SINÓTICA;5;6;"Massas de ar | Teoria da frente polar | Frontogênese e frontólise | Tempo associado aos sistemas frontais | Descrição do ar superior; e | Cartas de contorno"
c-exp-metocof_0.pdf;C-EXP-METOC-OF;?;METEOROLOGIA;30;5;METEOROLOGIA TROPICAL;4;3;"Ventos alísios e Zona de Convergência Intertropical | Ondas tropicais; e | Ciclones tropicais"
c-exp-metocof_0.pdf;C-EXP-METOC-OF;?;METEOROLOGIA;30;6;METEOROLOGIA DE MESOESCALA;3;4;"Brisas marítima e terrestre | Ventos catabáticos e anabáticos | Sistemas convectivos; e | Influência urbana"
c-exp-metocof_0.pdf;C-EXP-METOC-OF;?;METEOROLOGIA;30;7;METEOROLOGIA POR SATÉLITE;6;3;"Tipos de órbita | Definição dos canais; e | Interpretação de imagens"
c-exp-metocof_0.pdf;C-EXP-METOC-OF;?;TÉCNICAS DE PREVISÃO DO TEMPO;19;1;PRODUTOS DISPONÍVEIS;4;3;"Dados observacionais e carta sinótica | METEOROMARINHA; e | Previsão meteorológica especial"
c-exp-metocof_0.pdf;C-EXP-METOC-OF;?;TÉCNICAS DE PREVISÃO DO TEMPO;19;2;PROCESSOS DE PREVISÃO;15;3;"Ferramentas disponíveis (modelos numéricos) | Principais produtos de previsão numérica; e | Auxílios à decisão"
c-exp-metocof_0.pdf;C-EXP-METOC-OF;?;OCEANOGRAFIA;37;1;INTRODUÇÃO À OCEANOGRAFIA;2;4;"Características gerais dos oceanos | Principais componentes da água do mar; e | Feições geomorfológicas dos oceanos | Temperatura"
c-exp-metocof_0.pdf;C-EXP-METOC-OF;?;OCEANOGRAFIA;37;2;PROPRIEDADES FÍSICO-QUÍMICAS DA ÁGUA DO MAR;3;5;"Salinidade | Densidade | Profundidade e pressão; e | Distribuição horizontal e vertical de temperatura e salinidade | Propagação do som no mar"
c-exp-metocof_0.pdf;C-EXP-METOC-OF;?;OCEANOGRAFIA;37;3;ACÚSTICA SUBMARINA;11;4;"Modelos de propagação do som | Equação sonar; e | Fenômenos acústicos de importância tática: duto de superfície, zonas de sombra, | Principais fatores que governam o balanço de calor e de sal entre o oceano e a"
c-exp-metocof_0.pdf;C-EXP-METOC-OF;?;OCEANOGRAFIA;37;4;INTERAÇÃO OCEANO-ATMOSFERA;4;4;"Processos de difusão de calor nos oceanos e batitermograma | Formação e evolução da camada de mistura; e | Modelos de previsão da camada de mistura | Principais forçantes e métodos de medida de correntes oceânicas"
c-exp-metocof_0.pdf;C-EXP-METOC-OF;?;OCEANOGRAFIA;37;5;CIRCULAÇÃO OCEÂNICA;3;3;"Principais sistemas de correntes no Atlântico Sul; e | Frentes e vórtices oceânicos e as principais aplicações táticas do conhecimento das | Características das vagas; e"
c-exp-metocof_0.pdf;C-EXP-METOC-OF;?;OCEANOGRAFIA;37;6;CARACTERÍSTICAS DAS ONDAS OCEÂNICAS;1;2;Características dos marulhos | Técnicas de previsão das ondas em águas profundas e em águas rasas
c-exp-metocof_0.pdf;C-EXP-METOC-OF;?;OCEANOGRAFIA;37;7;GERAÇÃO, PREVISÃO E PROPAGAÇÃO DAS ONDAS;3;3;"Propagação de ondas; e | Formação de marulhos | Técnicas de observação do período, da altura e medição do comprimento de ondas"
c-exp-metocof_0.pdf;C-EXP-METOC-OF;?;OCEANOGRAFIA;37;8;TÉCNICAS DE OBSERVAÇÃO DA ONDA;1;0;
c-exp-metocof_0.pdf;C-EXP-METOC-OF;?;OCEANOGRAFIA;37;9;MÉTODOS DE PREVISÃO DE ONDAS E ANÁLISE DA CARTA SINÓTICA;2;5;"Campo de vento | Técnicas para determinação da velocidade e duração do vento | Técnicas para determinação da pista efetiva do vento | Técnicas para previsão de vaga e marulho; e | Previsão numérica de ondas"
c-exp-metocof_0.pdf;C-EXP-METOC-OF;?;OCEANOGRAFIA;37;10;APLICAÇÕES OPERACIONAIS DOS MÉTODOS DE PREVISÃO;2;2;"Fatores que afetam a velocidade do navio; e | Atividades que são afetadas durante as Operações Navais: moral da tripulação"
c-exp-metocof_0.pdf;C-EXP-METOC-OF;?;OCEANOGRAFIA;37;11;ARREBENTAÇÃO DAS ONDAS;5;3;"Fenômeno da arrebentação das ondas | Técnicas de previsão das características das ondas na arrebentação; e | Emprego de modelos de previsão para Operações Anfíbias"
c-exp-metocof_0.pdf;C-EXP-METOC-OF;?;EFEITOS ATMOSFÉRICOS SOBRE A PROPAGAÇÃO ELETRO;18;1;REFRAÇÃO DAS ONDAS ELETROMAGNÉTICAS;2;4;"Mecanismos de refração de uma frente de ondas | Lei de Snell | Índices de refração e refratividade; e | Índices de refração modificados"
c-exp-metocof_0.pdf;C-EXP-METOC-OF;?;EFEITOS ATMOSFÉRICOS SOBRE A PROPAGAÇÃO ELETRO;18;2;INTERAÇÃO DAS ONDAS ELETROMAGNÉTICAS ATMOSFERA;4;4;"Geometria da propagação eletromagnética | Propagação na atmosfera padrão | Camadas de confinamento e dutos; e | Relação entre frequência e confinamento"
c-exp-metocof_0.pdf;C-EXP-METOC-OF;?;EFEITOS ATMOSFÉRICOS SOBRE A PROPAGAÇÃO ELETRO;18;3;DUTOS DE EVAPORAÇÃO;3;4;"Formação de dutos de evaporação | Propriedades refrativas dos dutos de evaporação | Climatologia dos dutos no Atlântico Sul; e | Previsão de dutos de evaporação"
c-exp-metocof_0.pdf;C-EXP-METOC-OF;?;EFEITOS ATMOSFÉRICOS SOBRE A PROPAGAÇÃO ELETRO;18;4;CAMADAS DE CONFINAMENTO ELEVADAS;3;3;"Formação de camadas de confinamento elevadas | Propriedades refrativas das camadas de confinamento elevadas; e | Climatologia das camadas de confinamento elevadas no Atlântico Sul"
c-exp-metocof_0.pdf;C-EXP-METOC-OF;?;EFEITOS ATMOSFÉRICOS SOBRE A PROPAGAÇÃO ELETRO;18;5;PREVISÃO DA PROPAGAÇÃO ELETROMAGNÉTICA;6;3;"Sistema de coleta de dados para caracterização da atmosfera | Sistemas atuais de previsão da propagação eletromagnética; e | Aplicações práticas em sistemas de detecção e comunicação"
c-exp-metocof_0.pdf;C-EXP-METOC-OF;?;ESTÁGIO PRÁTICO;50;1;FASE I - PLANEJAMENTO DA OPERAÇÃO INDICADA PARA O ESTUDO PRÁTICO;24;3;"Preparação da operação | Preparação do pré-sail; e | Apresentação do pré-sail"
c-exp-metocof_0.pdf;C-EXP-METOC-OF;?;ESTÁGIO PRÁTICO;50;2;FASE II - EXECUÇÃO DA OPERAÇÃO;26;2;"Preparação de um briefing Ambiental; e | Apresentação de um briefing"
c-exp-obs-me_0_0.pdf;C-EXP-OBS-ME;DHN-0225;OBSERVAÇÃO METEOROLÓGICA I;50;1;METEOROLOGIA NAS ATIVIDADES NAVAIS;3;3;"Aplicação da meteorologia nas atividades navais | Elementos constituintes da atmosfera; e | Estrutura vertical da atmosfera"
c-exp-obs-me_0_0.pdf;C-EXP-OBS-ME;DHN-0225;OBSERVAÇÃO METEOROLÓGICA I;50;2;PROPRIEDADES FÍSICAS E FENÔMENOS;18;13;Influências da radiação solar e processo de radiação e evaporação | Variações e medidas de temperaturas | Processos de saturação do ar, ponto de orvalho e umidade relativa | Conceito, unidades de medidas e variações da pressão atmosférica | Causas e unidades de medidas do vento | Princípios de formação e classificação quanto as altitudes das nuvens | Fenômenos restritivos e unidades de medidas da visibilidade | Processos de formação e características dos nevoeiros | Diferença entre névoa de nevoeiro e névoa seca de névoa úmida | Tipos, caráter, intensidade e unidades de medidas da precipitação | Relação entre relâmpago e trovão e classificação de nuvem de trovoada | Elementos de uma onda, diferença entre vagas e marulho e unidades de medidas | Tipos e características das tempestades
c-exp-obs-me_0_0.pdf;C-EXP-OBS-ME;DHN-0225;OBSERVAÇÃO METEOROLÓGICA I;50;3;METEOROLOGIA SINÓTICA;10;4;"Região de origem, classificação e identificação das massas de ar | Identificação de isóbaras e configurações isobáricas | Identificação de diferentes tipos de frentes; e | Ciclones tropicais, convergência intertropical, e cavados equatoriais"
c-exp-obs-me_0_0.pdf;C-EXP-OBS-ME;DHN-0225;OBSERVAÇÃO METEOROLÓGICA I;50;4;TELECOMUNICAÇÕES METEOROLÓGICAS;5;3;Estrutura e finalidade do Serviço Meteorológico Marinho | Publicações que fornecem informações sobre telecomunicações meteorológicas, | Encaminhamento de registros meteorológicos SHIP e SYNOP (DHN-5932-3) e
c-exp-obs-me_0_0.pdf;C-EXP-OBS-ME;DHN-0225;OBSERVAÇÃO METEOROLÓGICA I;50;5;CARTAS E BOLETINS METEOROLÓGICOS;14;3;"Construção e utilização da carta de pressão à superfície e sua plotagem | Estrutura e finalidade do Meteoromarinha; e | Reprodução gráfica de um sistema isobárico representado numa mensagem de"
c-exp-obs-me_0_0.pdf;C-EXP-OBS-ME;DHN-0513;OBSERVAÇÃO METEOROLÓGICA II;65;1;ESTAÇÃO METEOROLÓGICA;2;2;"Identificação, classificação, diferenciação de estação terrestre e estação marítima; e | Características e localização do abrigo meteorológico, instrumentos que devem ficar"
c-exp-obs-me_0_0.pdf;C-EXP-OBS-ME;DHN-0513;OBSERVAÇÃO METEOROLÓGICA II;65;2;INSTRUMENTOS METEOROLÓGICOS;10;7;"Tipos, finalidades e diferença entre termômetro de máxima e mínima | Tipos e finalidades dos psicrômetros | Tipos e finalidades dos higrômetros | Tipos, finalidades dos anemômetros e diferença entre anemômetro e anemoscópio | Tipos, finalidades e diferentes correções dos barômetros | Tipos e finalidades dos pluviômetros; e | Tipos e finalidades dos instrumentos registradores, conceituação de meteorógrafo e"
c-exp-obs-me_0_0.pdf;C-EXP-OBS-ME;DHN-0513;OBSERVAÇÃO METEOROLÓGICA II;65;3;OBSERVAÇÕES METEOROLÓGICAS;45;8;"Elementos meteorológicos que compõem uma observação à superfície, | Horários sinóticos, horários cujas observações são utilizadas em tempo real; e | Teoria e prática de todos os elementos que compõem uma observação | Preenchimento e envio do modelo DHN-5934-3 | Elaboração de mensagem SHIP, SYNOP e preenchimento do modelo DHN-5938-2 | Finalidade e elaboração de mensagem METAR | Finalidade e elaboração de mensagem BOWWAVE; e | Situações em que o comandante do navio deve elaborar mensagem de perigo ou"
c-exp-obs-me_0_0.pdf;C-EXP-OBS-ME;DHN-0513;OBSERVAÇÃO METEOROLÓGICA II;65;4;OBSERVAÇÃO EM ALTITUDE;8;2;"Equipamento de radiossondagem; e | Lançamento de balão de coleta de dados"
curriculo-ciaara-est-qf-aphid_presencial_mod2.pdf;EST - QF - APHID;I;O SISTEMA MULTIFEIXE E SUA APLICAÇÃO;16;1;ACÚSTICA SUBMARINA;2;9;Propriedades da onda sonora | Fatores que influenciam a velocidade do som na água | Lei de Snell | Raypath | Ondas Planas e esféricas | Transdutores | Modulação do pulso | Equação Sonar | Alcance Sonar e Envelope de Performance
curriculo-ciaara-est-qf-aphid_presencial_mod2.pdf;EST - QF - APHID;I;O SISTEMA MULTIFEIXE E SUA APLICAÇÃO;16;2;PUBLICAÇÃO;2;8;Publicação S-44 (Ed) | Glossário | Ordens de LH | Incertezas | Tabela de Metadados | Matriz de Especificações | Incerteza a priori | IT da DHN
curriculo-ciaara-est-qf-aphid_presencial_mod2.pdf;EST - QF - APHID;I;O SISTEMA MULTIFEIXE E SUA APLICAÇÃO;16;3;PRINCÍCPIOS DOS SISTEMA MULTIFEIXE;5;8;Produtos do sistema multifeixe | Geometria dos Transdutores | Diretividade e geometria do pulso | Beamfocusing e Beamsteering | Mills Cross | Array Shading | Detecção do Fundo | Resolução
curriculo-ciaara-est-qf-aphid_presencial_mod2.pdf;EST - QF - APHID;I;O SISTEMA MULTIFEIXE E SUA APLICAÇÃO;16;4;VELOCIDADE DO SOM E REFRAÇÃO;1;5;O problema da refração | Medição de Velocidade do Som | Medição da profundidade – Ray Tracing | Verificação de erros de velocidade do som | Velocidade do som na superfície
curriculo-ciaara-est-qf-aphid_presencial_mod2.pdf;EST - QF - APHID;I;O SISTEMA MULTIFEIXE E SUA APLICAÇÃO;16;5;SENSORES AUXILIARES E MOVIMENTO DA EMBARCAÇÃO;2;5;Posicionador | Transceiver e Workstation | INS e Sensor de Movimento | Roll, pitch, heading e heave | Sincronismo ZDA e 1PPS
curriculo-ciaara-est-qf-aphid_presencial_mod2.pdf;EST - QF - APHID;I;O SISTEMA MULTIFEIXE E SUA APLICAÇÃO;16;6;CALIBRAÇÃO DE SISTEMA MULTIFEIXE (PATCH TEST);2;4;Ações a serem tomadas antes da calibração | Sequência de realização do patch test | Patch Test | Otimização de linhas de sondagem
curriculo-ciaara-est-qf-aphid_presencial_mod2.pdf;EST - QF - APHID;I;O SISTEMA MULTIFEIXE E SUA APLICAÇÃO;16;7;MARÉ APLICADA;2;2;Interpretação de um diagrama de estação maregráfica e seus principais conceitos | Confecção do arquivo TRP (Tide)
curriculo-ciaara-est-qf-aphid_presencial_mod2.pdf;EST - QF - APHID;II;PRINCIPAIS PROTOCOLOS DE COMUNICAÇÃO ENTRE EQUIPAMENTOS E SISTEMAS;8;1;COMUNICAÇÃO SERIAL;2;5;Conceitos básicos e TTL | Padrão RS-232 | Padrão RS-422 | Conversores e sua utilização | Parâmetros de configuração da comunicação Serial
curriculo-ciaara-est-qf-aphid_presencial_mod2.pdf;EST - QF - APHID;II;PRINCIPAIS PROTOCOLOS DE COMUNICAÇÃO ENTRE EQUIPAMENTOS E SISTEMAS;8;2;COMUNICAÇÃO ETHERNET;2;3;IP, subrede, gateway e DNS | Protocolo TCP | Protocolo UDP
curriculo-ciaara-est-qf-aphid_presencial_mod2.pdf;EST - QF - APHID;II;PRINCIPAIS PROTOCOLOS DE COMUNICAÇÃO ENTRE EQUIPAMENTOS E SISTEMAS;8;3;PRÁTICA DE CONFIGURAÇÃO DE EQUIPAMENTOS;4;6;Principais softwares de apoio | Estabelecimento de uma rede ethernet (cabo e wifi) | Estabelecimento de comunicação RS232 | Configuração ethernet de terminais ou equipamentos | Configuração Serial de terminais ou equipamentos | Integração de comunicação serial, TCP e UDP
curriculo-ciaara-est-qf-aphid_presencial_mod2.pdf;EST - QF - APHID;III;PRINCIPAIS SOFTWARES EMPREGADOS NA AQUISIÇÃO E PROCESSAMENTO DE DADOS;16;1;AML SEACAST;2;5;Instalação | Configuração | Download de dados | Formato de dados | Exportação e armazenamento de dados
curriculo-ciaara-est-qf-aphid_presencial_mod2.pdf;EST - QF - APHID;III;PRINCIPAIS SOFTWARES EMPREGADOS NA AQUISIÇÃO E PROCESSAMENTO DE DADOS;16;2;CARIS HIPS & SIPS;2;3;Instalação | Configuração de módulos e licença | Visão geral das ferramentas e fluxograma de processamento de dados
curriculo-ciaara-est-qf-aphid_presencial_mod2.pdf;EST - QF - APHID;III;PRINCIPAIS SOFTWARES EMPREGADOS NA AQUISIÇÃO E PROCESSAMENTO DE DADOS;16;3;SEAFLOOR INFORMATION SYSTEM;12;17;Instalação e licença | Estabelecimento de monitor remoto para timoneiro | Visão geral | Estrutura de Dados | Inicialização do sistema de aquisição de dados | Installation Parameters | Runtime Parameters | Configurações típicas para sondagem multifeixe | New Survey | Cross Track | Geographical display | Numerical Display | Water Column | Helmsman Display | SVP Editor | Planning Module | Calibração do sistema multifeixe
curriculo-ciaara-est-qf-aphid_presencial_mod2.pdf;EST - QF - APHID;IV;PRÁTICA DE AQUISIÇÃO DE DADOS;16;1;PRÁTICA DE AQUISIÇÃO DE DADOS;16;5;Configuração de uma sondagem no SIS | Calibração | Realização de linhas de sondagem | Realização de linhas de verificação | Download e organização dos dados
curriculo-ciaara-est-qf-aphid_presencial_mod2.pdf;EST - QF - APHID;V;PRÁTICA DE PROCESSAMENTO DE DE DADOS;16;1;PRÁTICA DE PROCESSAMENTO DE DADOS;16;4;Fluxograma básico de processamento | Superfícies batimétricas | Geração de Produtos | Relatório
curriculo-ciaara-est-qf-em2040phs.pdf;EST - QF -  EM2040PHS;I;MONTAGEM DA HASTE USM HIGHTOWER E SMP;8;1;MONTAGEM DA HASTE;6;4;Preparação | Reconhecimento do Material | Montagem | Boas práticas de cuidado com o material
curriculo-ciaara-est-qf-em2040phs.pdf;EST - QF -  EM2040PHS;I;MONTAGEM DA HASTE USM HIGHTOWER E SMP;8;2;SMP;2;2;Manutenção durante os dias de LH | Manutenção pós-LH
curriculo-ciaara-est-qf-em2040phs.pdf;EST - QF -  EM2040PHS;II;INTERLIGAÇÃO DE DADOS DO SISTEMA EM2040PHS;8;1;COMUNICAÇÃO DO SISTEMA;3;3;Reconhecimento das portas de comunicação disponíveis | Reconhecimento dos cabos a serem utilizados | Boas práticas no manuseio de cabos e proteção de conectores
curriculo-ciaara-est-qf-em2040phs.pdf;EST - QF -  EM2040PHS;II;INTERLIGAÇÃO DE DADOS DO SISTEMA EM2040PHS;8;2;PRINCIPAIS CONFIGURAÇÕES E TRÂMITE DE DADOS;3;3;Comunicação entre SEAPATH e EM2040 (SIS) | Comunicação entre sistemas auxiliares | Estabelecimento de rede hidrográfica
curriculo-ciaara-est-qf-em2040phs.pdf;EST - QF -  EM2040PHS;II;INTERLIGAÇÃO DE DADOS DO SISTEMA EM2040PHS;8;3;SISTEMAS DE POSICIONAMENTO DIFERENCIAL;2;3;RTK NTRIP | HAS | DGNSS 3710
curriculo-ciaara-est-qf-em2040phs.pdf;EST - QF -  EM2040PHS;III;OPERAÇÃO BÁSICA DO SOFTWARE SISv5;4;1;SISv5;4;5;Reconhecimento das principais janelas do software | Calibração | Velocidade do Som | Ferramenta Installation Parameters | Ferramenta Runtime Parameters
curriculo-ciaara-est-qf-proc-mf-ead_mod3.pdf;EST - QF – PROC – MF - EAD;I;PRÁTICA DE PROCESSAMENTO DE DE DADOS MULTIFEIXE;57;1;PRÁTICA DE PROCESSAMENTO DE DADOS MULTIFEIXE;57;14;Fluxograma básico de processamento | Criação do arquivo de embarcação | Criação do HIPS File e importação de dados batimétricos e auxiliares | Georreferenciamento | Superfícies Batimétricas | Editores | Navigation | Attitude | Swath | Subset | Filtros | Controle de Qualidade | Geração de Produtos | Relatório
est-qf-mareflu.pdf;EST-QF-MAREFLU;I;AQUISIÇÃO E ANÁLISE DE DADOS MAREGRÁFICOS E FLUVIOMÉTRICOS;60;1;DEFINIÇÕES GERAIS BÁSICAS;12;8;"Fluviometria e Maregrafia | Ocupação e Reocupação de Estações Fluviométricas e Maregráficas | Nível de Redução (NR) | Nivelamento Geométrico | Preenchimento da Ficha C-32 | Conceitos e prática GNSS | Processamento GNSS (PPP e relativo estático); e | Instrução Especial"
est-qf-mareflu.pdf;EST-QF-MAREFLU;I;AQUISIÇÃO E ANÁLISE DE DADOS MAREGRÁFICOS E FLUVIOMÉTRICOS;60;2;NOÇÕES BÁSICAS DE AQUISIÇÃO E ANÁLISE DE DADOS MAREGRÁFICOS;28;9;"Conceitos gerais de Maregrafia | Tipos de marégrafos | Maré prevista e maré observada | Análise e confecção de Fichas de Descrição de Estação Maregráfica (F-41) oriundas de um LH | Métodos empregados para a determinação do Nível de Redução (NR) | Métodos empregados para o transporte do NR e do nível médio do mar | NR em rios com influência de maré | Critérios para zoneamento de marés; e | Elaboração do diagrama de redução de sondagens"
est-qf-mareflu.pdf;EST-QF-MAREFLU;I;AQUISIÇÃO E ANÁLISE DE DADOS MAREGRÁFICOS E FLUVIOMÉTRICOS;60;3;NOÇÕES BÁSICAS DE AQUISIÇÃO E ANÁLISE DE DADOS FLUVIOMÉTRICOS;12;8;"Análise e confecção de Ficha de Descrição de Estação Fluviométrica oriunda de um LH (F-43) | Análise e confecção de Caderneta de nivelamento geométrico (C-32) em LH | Métodos empregados para a determinação do Nível de Redução (NR) em rios | Períodos mínimos para a determinação de NR temporários em rios | NR em rios sem influência de maré (critério percentil) | Redução de sondagem e Zoneamento em áreas sem influência de marés | Elaboração de Ábaco de Redução de sondagem da Carta Náutica; e | Cálculo de Percentil 6"
est-qf-mareflu.pdf;EST-QF-MAREFLU;I;AQUISIÇÃO E ANÁLISE DE DADOS MAREGRÁFICOS E FLUVIOMÉTRICOS;60;4;REDUÇÃO DE SONDAGEM EM RIOS COM INFLUÊNCIA DE MARÉ ASTRONÔMICA;8;3;"Características da fluviometria com influência de maré astronômica | Zoneamento em regiões fluviais com influência de maré astronômica; e | Confecção de planilha de redução"
est-qf-navflu-ead.pdf;EST - QF - NAVFLU - EAD;EST-QF-NAVFLU-EAD;NOÇÕES BÁSICAS DE NAVEGAÇÃO FLUVIAL;36;1;Métodos de Navegação Empregados a Bordo;2;3;"Classificação dos rios quanto à navegabilidade | Características regionais das bacias hidrográficas; e | Utilização dos equipamentos para navegação eletrônica"
est-qf-navflu-ead.pdf;EST - QF - NAVFLU - EAD;EST-QF-NAVFLU-EAD;NOÇÕES BÁSICAS DE NAVEGAÇÃO FLUVIAL;36;2;Equipe de Navegação;2;5;"Auxiliar de Navegação | Contramestre | Vigia | Timoneiro e Sota-timoneiro; e | Prático Militar"
est-qf-navflu-ead.pdf;EST - QF - NAVFLU - EAD;EST-QF-NAVFLU-EAD;NOÇÕES BÁSICAS DE NAVEGAÇÃO FLUVIAL;36;3;Planejamento de Viagem;6;9;"Aspectos documentais e técnicos | Cálculo das distâncias e horários | Seleção das Cartas Náuticas, Croquis e Publicações | Maré e nível do rio | Fatores meteorológicos | Regulamento para Evitar Abalroamento no Mar (RIPEAM) | Perigos à navegação | Auxílios à navegação; e | Instrumentos e equipamentos de navegação"
est-qf-navflu-ead.pdf;EST - QF - NAVFLU - EAD;EST-QF-NAVFLU-EAD;NOÇÕES BÁSICAS DE NAVEGAÇÃO FLUVIAL;36;4;Acompanhamento de Embarcações na Área Navegada;3;3;"Tipos de embarcações nas hidrovias | Limitações das embarcações regionais; e | Comportamento do tráfego fluvial"
est-qf-navflu-ead.pdf;EST - QF - NAVFLU - EAD;EST-QF-NAVFLU-EAD;NOÇÕES BÁSICAS DE NAVEGAÇÃO FLUVIAL;36;5;Particularidades da Navegação em Hidrovias;7;9;"Características da navegação na região hidrográfica Amazônica | Características da navegação na região hidrográfica do Paraguai-Paraná | Características da navegação na região hidrográfica Tocantins-Araguaia | Rios de água branca/barrenta | Rios de água preta | Rios de água clara ou verde | Lagos de várzea e de terra firme | Tramo Norte e tramo sul; e | Balizamento Lacustre e Fluvial"
est-qf-navflu-ead.pdf;EST - QF - NAVFLU - EAD;EST-QF-NAVFLU-EAD;NOÇÕES BÁSICAS DE NAVEGAÇÃO FLUVIAL;36;6;Procedimentos da Navegação Fluvial;12;6;"Preparação para a navegação em pontos críticos | Briefing de navegação | Execução | Fundeio e abarrancagem | Encalhe; e | Regras práticas"
est-qf-navflu-ead.pdf;EST - QF - NAVFLU - EAD;EST-QF-NAVFLU-EAD;NOÇÕES BÁSICAS DE NAVEGAÇÃO FLUVIAL;36;7;Termos Regionais Utilizados na Navegação Fluvial;4;1;Conhecimentos úteis dos termos usados na navegação regional
est-qf-pgrs100.pdf;EST - QF - PGRS100;I;PRODUÇÃO GRÁFICA;20;1;CONCEITOS INTRODUTÓRIOS;2;6;"Visão geral da produção gráfica | Conceitos básicos de produção gráfica | Cadeia de produção: da criação ao acabamento | Tipos de produtos gráficos (editoriais, promocionais, embalagens etc.) | Diferença entre mídias digitais e impressas; e | Posicionamento clássico"
est-qf-pgrs100.pdf;EST - QF - PGRS100;I;PRODUÇÃO GRÁFICA;20;2;MÓDULO 2: PRÉ-IMPRESSÃO;4;17;"Introdução à Pré-impressão | Papel do setor na cadeia gráfica | Fluxo de trabalho | Softwares utilizados | Adobe Illustrator, Photoshop, InDesign, Acrobat | RIPs e imposição | Preparação de arquivos | Formatos ideais (PDF/X) | Sangrias, marcas de corte, margens de segurança | Conversão de cores (RGB → CMYK) | Fechamento de arquivos | Provas e testes | Prova contratual vs. prova de monitor | Soft proofing e hard proofing | Controle de qualidade | Preflight; e | Checklist técnico"
est-qf-pgrs100.pdf;EST - QF - PGRS100;I;PRODUÇÃO GRÁFICA;20;3;IMPRESSÃO;3;11;"Tipos de processos de impressão | Offset (plano) | Digital (laser, jato de tinta) | Tipografia | Princípios técnicos | Matriz, substrato, tinta e pressão | Cores e sistemas de impressão: CMYK, Pantone, cores especiais | Equipamentos | Máquinas offset | Impressoras digitais; e | CTP (Computer to Plate)"
est-qf-pgrs100.pdf;EST - QF - PGRS100;I;PRODUÇÃO GRÁFICA;20;4;PÓS-IMPRESSÃO;3;9;"Acabamentos gráficos | Dobra, corte, vinco, laminação e verniz | Hot stamping | Revisão final e controle de qualidade | Conferência do produto final | Normas e padrões de acabamento | Logística e entrega | Embalagem adequada; e | Armazenamento e distribuição"
est-qf-pgrs100.pdf;EST - QF - PGRS100;I;PRODUÇÃO GRÁFICA;20;5;PROJETO FINAL;3;3;"Desenvolvimento de um produto gráfico completo (ex: catálogo, embalagem, livro, folder) | Acompanhamento de todas as etapas: pré-impressão, impressão e pós-impressão; e | Apresentação e entrega técnica"
est-qf-pgrs100.pdf;EST - QF - PGRS100;I;PRODUÇÃO GRÁFICA;20;6;PROJEÇÕES TRANSVERSAIS DE MERCATOR;5;3;"Projeções Transversas (TM) | Sistema UTM; e | Outras projeções transversas"
est-qf-pgrs100.pdf;EST - QF - PGRS100;II;CARTOGRAFIA NÁUTICA E PUBLICAÇÕES DE AUXÍLIO À NAVEGAÇÃO;10;1;TIPOS DE PRODUTOS CARTOGRÁFICOS;3;3;"Carta Náutica em papel | Carta Raster; e | Carta Eletrônica"
est-qf-pgrs100.pdf;EST - QF - PGRS100;II;CARTOGRAFIA NÁUTICA E PUBLICAÇÕES DE AUXÍLIO À NAVEGAÇÃO;10;2;PUBLICAÇÕES DE AUXÍLIO À NAVEGAÇÃO;3;5;"Carta 12000 (INT1) | Roteiros | Lista de Sinais Cegos | Lista de Auxílios-Rádio; e | Outras publicações"
est-qf-pgrs100.pdf;EST - QF - PGRS100;II;CARTOGRAFIA NÁUTICA E PUBLICAÇÕES DE AUXÍLIO À NAVEGAÇÃO;10;3;O MODELO DE DADOS UNIVERSAL (S-100);4;4;"Produtos da Família S-100 | S-57 | S-101; e | Futuro das Publicações de Auxílio à Navegação"
of-10-16-2023-densm-ciaara-an-c-apa-ocop-pr-sp.pdf;C-ApA-OcOp-PR-SP;OCOPISP;INGLÊS TÉCNICO;30;1;ESTRATÉGIA DE LEITURA;30;5;"Leitura e interpretação de textos | Vocabulário técnico | Falsos cognatos | Leitura e compreensão de manuais e instruções técnicas; e | Revisão dos tempos verbais: simple present, present continuous, future, simple"
of-10-16-2023-densm-ciaara-an-c-apa-ocop-pr-sp.pdf;C-ApA-OcOp-PR-SP;OCOPIISP;OCEANOGRAFIA FÍSICA DESCRITIVA;46;1;IMPORTÂNCIA DA OCEANOGRAFIA PARA MARINHA DO BRASIL;1;1;Principais aspectos
of-10-16-2023-densm-ciaara-an-c-apa-ocop-pr-sp.pdf;C-ApA-OcOp-PR-SP;OCOPIISP;OCEANOGRAFIA FÍSICA DESCRITIVA;46;2;COMPOSIÇÃO DA ÁGUA DO MAR;4;4;"Salinidade | Escala prática de salinidade | Equação termodinâmica da água do mar (TEOS 10); e | Principais gases dissolvidos"
of-10-16-2023-densm-ciaara-an-c-apa-ocop-pr-sp.pdf;C-ApA-OcOp-PR-SP;OCOPIISP;OCEANOGRAFIA FÍSICA DESCRITIVA;46;3;PROPRIEDADES FÍSICO QUÍMICAS DA ÁGUA DO MAR;7;4;"Distribuição de temperatura | Densidade e pressão | Som; e | Luz"
of-10-16-2023-densm-ciaara-an-c-apa-ocop-pr-sp.pdf;C-ApA-OcOp-PR-SP;OCOPIISP;OCEANOGRAFIA FÍSICA DESCRITIVA;46;4;INTERAÇÃO OCEANO ATMOSFERA;6;4;"Vento e pressão atmosférica | Circulação atmosférica | Relevância da Força de Coriolis para circulação atmosférica; e | Tensão de cisalhamento do vento"
of-10-16-2023-densm-ciaara-an-c-apa-ocop-pr-sp.pdf;C-ApA-OcOp-PR-SP;OCOPIISP;OCEANOGRAFIA FÍSICA DESCRITIVA;46;5;CORRENTES OCEÂNICAS E MASSAS DE ÁGUA;23;6;"Relevância da Força de Coriolis para circulação oceanográfica | Correntes Superficiais | Espiral de Ekman | Correntes geostróficas | Circulação termoalina; e | Massas de água"
of-10-16-2023-densm-ciaara-an-c-apa-ocop-pr-sp.pdf;C-ApA-OcOp-PR-SP;OCOPIISP;OCEANOGRAFIA FÍSICA DESCRITIVA;46;6;PRÁTICA DE OCEANOGRAFIA FÍSICA DESCRITIVA;5;4;"Composição da água do mar | Propriedades físico-químicas da água do mar | Interação oceano atmosfera; e | Correntes oceânicas e massas de água"
of-10-16-2023-densm-ciaara-an-c-apa-ocop-pr-sp.pdf;C-ApA-OcOp-PR-SP;OCOPIIISP;ONDAS;14;1;ONDAS;14;4;"Tipos de onda | Geração, desenvolvimento e dispersão das ondas no mar | Refração, difração e reflexão das ondas; e | Impacto das ondas na navegação"
of-10-16-2023-densm-ciaara-an-c-apa-ocop-pr-sp.pdf;C-ApA-OcOp-PR-SP;OCOPIVSP;TÓPICOS ESPECIAIS EM MARÉS;30;1;INTERPRETAÇÃO DA ANÁLISE E PREVISÃO DA MARÉ;8;1;Elaboração de tábua de maré e tábua de corrente
of-10-16-2023-densm-ciaara-an-c-apa-ocop-pr-sp.pdf;C-ApA-OcOp-PR-SP;OCOPIVSP;TÓPICOS ESPECIAIS EM MARÉS;30;2;ESTAÇÃO MAREGRÁFICA;6;4;"Seleção de locais para instalação de estação maregráfica | Instalação de marégrafos analógico e digital | Nivelamento geométrico; e | Crítica de dados de maré (interpretação e correção)"
of-10-16-2023-densm-ciaara-an-c-apa-ocop-pr-sp.pdf;C-ApA-OcOp-PR-SP;OCOPIVSP;TÓPICOS ESPECIAIS EM MARÉS;30;3;REDUÇÃO DE SONDAGENS;16;6;"Determinação do nível de redução | Transporte de nível de redução entre estações maregráficas | Transporte de nível médio do mar | Nível de redução em rios com e sem influência de maré | Zoneamento de Maré; e | Elaboração de diagrama de redução de profundidade"
of-10-16-2023-densm-ciaara-an-c-apa-ocop-pr-sp.pdf;C-ApA-OcOp-PR-SP;OCOPVSP;CONCEITOS ESSENCIAIS DE MODELAGEM NUMÉRICA OCEANOGRÁFICA;15;1;PREVISÃO NUMÉRICA;7;4;"Conceitos de modelagem numérica | Modelos numéricos oceanográficos gerados pela MB | Modelos numéricos de ondas gerados pela MB; e | Interpretação"
of-10-16-2023-densm-ciaara-an-c-apa-ocop-pr-sp.pdf;C-ApA-OcOp-PR-SP;OCOPVSP;CONCEITOS ESSENCIAIS DE MODELAGEM NUMÉRICA OCEANOGRÁFICA;15;2;SERVIÇO METEOROLÓGICO MARINHO;8;4;"Estrutura do Serviço Meteorológico Marinho | Missão e atribuições | Publicações normativas; e | Briefing Meteorológico"
of-10-16-2023-densm-ciaara-an-c-apa-ocop-pr-sp.pdf;C-ApA-OcOp-PR-SP;OCOPVISP;ANÁLISE DE DADOS;30;1;NOÇÕES DE PROCESSAMENTO DE DADOS;30;5;"Métodos de amostragem espacial e temporal | Filtragem de dados multidimensionais | Análise estatística e probabilística de dados oceanográficos | Análise de dados espaciais; e | Métodos de análise de séries temporais"
of-10-16-2023-densm-ciaara-an-c-apa-ocop-pr-sp.pdf;C-ApA-OcOp-PR-SP;OCOPVIISP;INFORMÁTICA APLICADA;30;1;SISTEMAS OPERACIONAIS;6;3;"Operações e comandos básicos | Principais aplicações em oceanografia; e | Editores de texto, planilhas e apresentações"
of-10-16-2023-densm-ciaara-an-c-apa-ocop-pr-sp.pdf;C-ApA-OcOp-PR-SP;OCOPVIISP;INFORMÁTICA APLICADA;30;2;FERRAMENTAS DE ANÁLISE DO EXCEL;8;2;"Ferramentas estatísticas; e | Ferramentas matemáticas"
of-10-16-2023-densm-ciaara-an-c-apa-ocop-pr-sp.pdf;C-ApA-OcOp-PR-SP;OCOPVIISP;INFORMÁTICA APLICADA;30;3;LINGUAGEM DE PROGRAMAÇÃO;16;3;"Processamentos de dados | Visualização de dados; e | Sintaxe Matlab/Python"
of-10-16-2023-densm-ciaara-an-c-apa-ocop-pr-sp.pdf;C-ApA-OcOp-PR-SP;OCOPVIIISP;INSTRUMENTAÇÃO OCEANOGRÁFICA;36;1;DADOS OCEANOGRÁFICOS ADQUIRIDOS PELA MB;4;2;"Tipos de dados oceanográficos; e | Finalidade"
of-10-16-2023-densm-ciaara-an-c-apa-ocop-pr-sp.pdf;C-ApA-OcOp-PR-SP;OCOPVIIISP;INSTRUMENTAÇÃO OCEANOGRÁFICA;36;2;TEMPERATURA E SALINIDADE;10;4;"Perfilador Conductivity, Temperature and Depth (CTD) | Termossalinógrafo | Salinômetro de bancada; e | Instruções Técnicas em vigor"
of-10-16-2023-densm-ciaara-an-c-apa-ocop-pr-sp.pdf;C-ApA-OcOp-PR-SP;OCOPVIIISP;INSTRUMENTAÇÃO OCEANOGRÁFICA;36;3;CORRENTOMETRIA;10;3;"Séries Temporais pontuais | Acoustic Doppler Current Profiler (ADCP) móveis; e | Instruções técnicas em vigor"
of-10-16-2023-densm-ciaara-an-c-apa-ocop-pr-sp.pdf;C-ApA-OcOp-PR-SP;OCOPVIIISP;INSTRUMENTAÇÃO OCEANOGRÁFICA;36;4;BOIAS E FLUTUADORES;8;4;"Boias fixas | Boias de Deriva | Flutuadores Argos; e | Instruções técnicas em vigor"
of-10-16-2023-densm-ciaara-an-c-apa-ocop-pr-sp.pdf;C-ApA-OcOp-PR-SP;OCOPVIIISP;INSTRUMENTAÇÃO OCEANOGRÁFICA;36;5;OCEANOGRAFIA POR SATÉLITE;4;2;"Tipos de dados; e | Vantagens do uso de satélites oceanográficos"
of-10-16-2023-densm-ciaara-an-c-apa-ocop-pr-sp.pdf;C-ApA-OcOp-PR-SP;OCOPIXSP;OCEANOGRAFIA PRÁTICA;29;1;PLANEJAMENTO DO LEVANTAMENTO OCEANOGRÁFICO;5;1;Planejamento de uma comissão oceanográfica
of-10-16-2023-densm-ciaara-an-c-apa-ocop-pr-sp.pdf;C-ApA-OcOp-PR-SP;OCOPIXSP;OCEANOGRAFIA PRÁTICA;29;2;PREPARAÇÃO E OPERAÇÃO DE EQUIPAMENTOS OCEANOGRÁFICOS;24;5;"Autosal: aquisição e tratamento de dados | CTD: aquisição e tratamento de dados | ADCP: aquisição e tratamento de dados | Termossalinógrafo: aquisição e tratamento de dados; e | Salinômetro de bancada: aquisição e tratamento de dados"
of-10-16-2023-densm-ciaara-an-c-apa-ocop-pr-sp.pdf;C-ApA-OcOp-PR-SP;OCOPXSP;TRABALHO DE FINAL DE CURSO;80;1;APRESENTAÇÃO DOS TEMAS;10;3;"Considerações básicas | Etapas do trabalho de final de curso; e | Elaboração do trabalho de final de curso"
of-10-16-2023-densm-ciaara-an-c-apa-ocop-pr-sp.pdf;C-ApA-OcOp-PR-SP;OCOPXSP;TRABALHO DE FINAL DE CURSO;80;2;ORIENTAÇÃO DE FORMATAÇÃO, ESTRUTURAÇÃO E COMPOSIÇÃO DO TRABALHO DE FINAL DE CURSO;70;3;"Apresentação básica das partes que compõem o trabalho: introdução, desenvol | Orientações para elaboração do trabalho; e | Pesquisa e desenvolvimento do Trabalho"
of-10-16-2025-densm-ciaara-an-c-exp-metoc-sp-512.2.01.pdf;C-Exp-Metoc-OF-SP;Metoc-I;METEOROLOGIA;48;1;INTRODUÇÃO À METEOROLOGIA;4;3;"Meteorologia e Climatologia | Estrutura Vertical da Atmosfera; e | Processos radiativos e balanço energético"
of-10-16-2025-densm-ciaara-an-c-exp-metoc-sp-512.2.01.pdf;C-Exp-Metoc-OF-SP;Metoc-I;METEOROLOGIA;48;2;METEOROLOGIA FÍSICA;8;8;"Vapor d’água e medidas de umidade | Processos adiabáticos na atmosfera | Diagramas termodinâmicos | Índices de instabilidade | Formação de névoas e nevoeiros e suas classificações | Formação de nuvens e precipitação | Classificação de nuvens; e | Formação de gelo e turbulência"
of-10-16-2025-densm-ciaara-an-c-exp-metoc-sp-512.2.01.pdf;C-Exp-Metoc-OF-SP;Metoc-I;METEOROLOGIA;48;3;METEOROLOGIA DINÂMICA;6;7;"Escala dos Fenômenos Atmosféricos | Circulação geral da atmosfera | Correntes de Jato | Aproximação geostrófica | Convergência e divergência | Circulação, Vorticidade e Advecção; e | Noções de Modelagem numérica de tempo e clima"
of-10-16-2025-densm-ciaara-an-c-exp-metoc-sp-512.2.01.pdf;C-Exp-Metoc-OF-SP;Metoc-I;METEOROLOGIA;48;4;METEOROLOGIA SINÓTICA;5;6;"Massas de ar | Teoria da frente polar | Frontogênese e frontólise | Tempo associado aos sistemas frontais | Descrição do ar superior; e | Cartas de contorno"
of-10-16-2025-densm-ciaara-an-c-exp-metoc-sp-512.2.01.pdf;C-Exp-Metoc-OF-SP;Metoc-I;METEOROLOGIA;48;5;METEOROLOGIA TROPICAL;5;3;"Ventos alísios e a Zona Convergência Intertropical | As ondas tropicais; e | Ciclones tropicais"
of-10-16-2025-densm-ciaara-an-c-exp-metoc-sp-512.2.01.pdf;C-Exp-Metoc-OF-SP;Metoc-I;METEOROLOGIA;48;6;METEOROLOGIA DE MESOESCALA;4;4;"Brisas marítima e terrestre | Ventos catabáticos e anabáticos | Sistemas convectivos; e | Influência urbana"
of-10-16-2025-densm-ciaara-an-c-exp-metoc-sp-512.2.01.pdf;C-Exp-Metoc-OF-SP;Metoc-I;METEOROLOGIA;48;7;METEOROLOGIA POR SATÉLITE;2;3;"Tipos de Órbita | Definição dos canais; e | Interpretação de imagens"
of-10-16-2025-densm-ciaara-an-c-exp-metoc-sp-512.2.01.pdf;C-Exp-Metoc-OF-SP;Metoc-I;METEOROLOGIA;48;8;EFEITOS ATMOSFÉRICOS SOBRE A PROPAGAÇÃO ELETROMAGNÉTICA;14;3;"Ondas eletromagnéticas e sua interação com a atmosfera | Dutos e camadas de confinamento; e | Condições para refração na atmosfera"
of-10-16-2025-densm-ciaara-an-c-exp-metoc-sp-512.2.01.pdf;C-Exp-Metoc-OF-SP;Metoc-II;TÉCNICAS DE PREVISÃO DO TEMPO;19;1;MONITORAMENTO METEOROLÓGICO;4;3;"Rede mundial de coleta de dados | Observação meteorológica a bordo; e | Mensagens meteorológicas"
of-10-16-2025-densm-ciaara-an-c-exp-metoc-sp-512.2.01.pdf;C-Exp-Metoc-OF-SP;Metoc-II;TÉCNICAS DE PREVISÃO DO TEMPO;19;2;PRODUTOS METEOROLÓGICOS DISPONÍVEIS AOS NAVEGANTES;5;4;"Boletins meteorológicos | Avisos de mau tempo | Produtos gráficos; e | Canais de disseminação"
of-10-16-2025-densm-ciaara-an-c-exp-metoc-sp-512.2.01.pdf;C-Exp-Metoc-OF-SP;Metoc-II;TÉCNICAS DE PREVISÃO DO TEMPO;19;3;PROCESSO DE PREVISÃO;10;3;"Interpretação de modelagem numérica | Interpretação de produtos de sensoriamento remoto; e | Informação meteorológica"
of-10-16-2025-densm-ciaara-an-c-exp-metoc-sp-512.2.01.pdf;C-Exp-Metoc-OF-SP;Metoc-III;OCEANOGRAFIA;37;1;INTRODUÇÃO À OCEANOGRAFIA;2;4;"Aplicações táticas da oceanografia | Características gerais dos oceanos | Principais componentes da água do mar; e | Feições geomorfológicas dos oceanos"
of-10-16-2025-densm-ciaara-an-c-exp-metoc-sp-512.2.01.pdf;C-Exp-Metoc-OF-SP;Metoc-III;OCEANOGRAFIA;37;2;PROPRIEDADES FÍSICO-QUÍMICAS DA ÁGUA DO MAR;3;5;"Temperatura | Salinidade | Densidade | Profundidade e pressão; e | Distribuição horizontal e vertical de temperatura e salinidade"
of-10-16-2025-densm-ciaara-an-c-exp-metoc-sp-512.2.01.pdf;C-Exp-Metoc-OF-SP;Metoc-III;OCEANOGRAFIA;37;3;ACÚSTICA SUBMARINA;11;4;"Propagação do som no mar | Modelos de propagação do som | Equação sonar; e | Fenômenos acústicos de importância tática: duto de superfície, zonas de sombra,"
of-10-16-2025-densm-ciaara-an-c-exp-metoc-sp-512.2.01.pdf;C-Exp-Metoc-OF-SP;Metoc-III;OCEANOGRAFIA;37;4;INTERAÇÃO OCEANO-ATMOSFERA;4;4;"Principais fatores que governam o balanço de calor e de sal entre o oceano e a | Processos de difusão de calor nos oceanos e batitermograma | Formação e evolução da camada de mistura; e | Modelos de previsão da camada de mistura"
of-10-16-2025-densm-ciaara-an-c-exp-metoc-sp-512.2.01.pdf;C-Exp-Metoc-OF-SP;Metoc-III;OCEANOGRAFIA;37;5;CIRCULAÇÃO OCEÂNICA;3;3;"Principais forçantes e métodos de medida de correntes oceânicas | Principais sistemas de correntes no Atlântico Sul; e | Frentes e vórtices oceânicos e as suas principais aplicações táticas"
of-10-16-2025-densm-ciaara-an-c-exp-metoc-sp-512.2.01.pdf;C-Exp-Metoc-OF-SP;Metoc-III;OCEANOGRAFIA;37;6;CARACTERÍSTICAS DAS ONDAS OCEÂNICAS;1;2;"Características das vagas; e | Características dos marulhos"
of-10-16-2025-densm-ciaara-an-c-exp-metoc-sp-512.2.01.pdf;C-Exp-Metoc-OF-SP;Metoc-III;OCEANOGRAFIA;37;7;GERAÇÃO, PROPAGAÇÃO E PREVISÃO DAS ONDAS;3;3;"Técnicas de previsão das ondas em águas profundas e em águas rasas | Propagação de ondas; e | Formação de marulhos"
of-10-16-2025-densm-ciaara-an-c-exp-metoc-sp-512.2.01.pdf;C-Exp-Metoc-OF-SP;Metoc-III;OCEANOGRAFIA;37;8;TÉCNICA DA OBSERVAÇÃO DA ONDA;1;1;Técnicas de observação do período, da altura e medição do comprimento de ondas
of-10-16-2025-densm-ciaara-an-c-exp-metoc-sp-512.2.01.pdf;C-Exp-Metoc-OF-SP;Metoc-III;OCEANOGRAFIA;37;9;MÉTODOS DE PREVISÃO DE ONDAS E CARTA SINÓTICA;2;5;"Campo de vento | Técnicas para determinação da velocidade e duração do vento | Técnicas para determinação da pista efetiva do vento | Técnicas para previsão de vaga e marulho; e | Previsão numérica de ondas"
of-10-16-2025-densm-ciaara-an-c-exp-metoc-sp-512.2.01.pdf;C-Exp-Metoc-OF-SP;Metoc-III;OCEANOGRAFIA;37;10;APLICAÇÕES OPERACIONAIS DOS MÉTODOS DE PREVISÃO;2;5;"Campo de vento | Técnicas para determinação da velocidade e duração do vento | Técnicas para determinação da pista efetiva do vento | Técnicas para previsão de vaga e marulho; e | Previsão numérica de ondas"
of-10-16-2025-densm-ciaara-an-c-exp-metoc-sp-512.2.01.pdf;C-Exp-Metoc-OF-SP;Metoc-III;OCEANOGRAFIA;37;11;ARREBENTAÇÃO DAS ONDAS;5;3;"Fenômeno da arrebentação das ondas | Técnicas de previsão das características das ondas na arrebentação; e | Emprego de modelos de previsão para Operações Anfíbias"
of-10-16-2025-densm-ciaara-an-c-exp-metoc-sp-512.2.01.pdf;C-Exp-Metoc-OF-SP;Metoc-IV;ESTÁGIO PRÁTICO;40;1;PLANEJAMENTO DA OPERAÇÃO INDICADA PARA O ESTUDO PRÁTICO;25;3;"Preparação da operação | Preparação do pré-sail; e | Apresentação do pré-sail"
of-10-16-2025-densm-ciaara-an-c-exp-metoc-sp-512.2.01.pdf;C-Exp-Metoc-OF-SP;Metoc-IV;ESTÁGIO PRÁTICO;40;2;EXECUÇÃO DA OPERAÇÃO;15;2;"Preparação de um briefing ambiental; e | Apresentação de um briefing"
of-10-27-2022-densm-ciaara-an-c-apa-prevme-pr-ead_0_0.pdf;C-ApA-PrevMe-PR-EAD;PrevMeIEAD;INGLÊS TÉCNICO;37;1;ESTRATÉGIAS DE LEITURA;37;5;"Leitura e interpretação de textos | Vocabulário técnico | Falsos cognatos | Leitura e compreensão de manuais e instruções técnicas; e | Revisão dos tempos verbais: simple present, present continuous, future, simple past"
of-10-27-2022-densm-ciaara-an-c-apa-prevme-pr-ead_0_0.pdf;C-ApA-PrevMe-PR-EAD;PrevMeIIEAD;METEOROLOGIA MARÍTIMA OPERACIONAL;54;1;METEOROLOGIA SINÓTICA PARA A NAVEGAÇÃO;30;7;"Escalas dos fenômenos meteorológicos | Circulação geral da atmosfera | Sistemas de pressão à superfície, ventos e seus efeitos sobre o mar e a costa | Ciclones extratropicais: modelos conceituais de Bjerknes e de Shapiro-Keyser | Ciclones tropicais e subtropicais: monitoramento e previsão | Diagramas de fase de ciclones; e | Produtos de análise sinótica e previsão para as METAREA"
of-10-27-2022-densm-ciaara-an-c-apa-prevme-pr-ead_0_0.pdf;C-ApA-PrevMe-PR-EAD;PrevMeIIEAD;METEOROLOGIA MARÍTIMA OPERACIONAL;54;2;INTERPRETAÇÃO DE PRODUTOS DE SATÉLITES METEOROLÓGICOS;12;5;"Canais visível, infravermelho e vapor d’água | Monitoramento de Sistemas Meteorológicos de Mesoescala e Escala Sinótica | Identificação de nevoeiros | Imagens de satélite disponíveis aos navegantes; e | Obtenção e interpretação de produtos satelitais de escaterômetro e Altímetro"
of-10-27-2022-densm-ciaara-an-c-apa-prevme-pr-ead_0_0.pdf;C-ApA-PrevMe-PR-EAD;PrevMeIIEAD;METEOROLOGIA MARÍTIMA OPERACIONAL;54;3;SISTEMA GLOBAL DE INFORMAÇÕES METEOROLÓGICAS PARA O MAR;12;4;"Convenção Internacional para Salvaguarda da Vida Humana no Mar (SOLAS) e Global | Serviços meteorológicos marinhos | Classes de navios e equipamentos de comunicações meteorológicas; e | Observação Meteorológica e Programa de Navios Observadores Voluntários (VOS)"
of-10-27-2022-densm-ciaara-an-c-apa-prevme-pr-ead_0_0.pdf;C-ApA-PrevMe-PR-EAD;PrevMeIIIEAD;INTERAÇÃO OCEANO-ATMOSFERA;47;1;MASSAS DE ÁGUA;16;6;"Balanço de calor e sal nos oceanos | Temperatura da água do mar | Salinidade da água do mar | Densidade da água do mar | Identificação das massas de água; e | Vento e tensão de cisalhamento do vento"
of-10-27-2022-densm-ciaara-an-c-apa-prevme-pr-ead_0_0.pdf;C-ApA-PrevMe-PR-EAD;PrevMeIIIEAD;INTERAÇÃO OCEANO-ATMOSFERA;47;2;NÍVEL DO MAR;8;2;"Maré astronômica; e | Variação não astronômica do nível do mar"
of-10-27-2022-densm-ciaara-an-c-apa-prevme-pr-ead_0_0.pdf;C-ApA-PrevMe-PR-EAD;PrevMeIIIEAD;INTERAÇÃO OCEANO-ATMOSFERA;47;3;CIRCULAÇÃO OCEÂNICA E COSTEIRA;15;4;"Giros oceânicos subtropicais | Circulação equatorial | Circulação antártica; e | Circulação costeira"
of-10-27-2022-densm-ciaara-an-c-apa-prevme-pr-ead_0_0.pdf;C-ApA-PrevMe-PR-EAD;PrevMeIIIEAD;INTERAÇÃO OCEANO-ATMOSFERA;47;4;DADOS OCEANOGRÁFICOS;8;2;"Dados observados disponíveis no Banco Nacional de Dados Oceanográficos (BNDO); e | Produtos de modelagem oceanográfica do Centro de Hidrografia da Marinha (CHM)"
of-10-27-2022-densm-ciaara-an-c-apa-prevme-pr-ead_0_0.pdf;C-ApA-PrevMe-PR-EAD;PrevMeIVEAD;FUNDAMENTOS DE MODELAGEM NUMÉRICA;34;1;INTRODUÇÃO À MODELAGEM NUMÉRICA;4;3;"Breve histórico | O que é um modelo numérico; e | Aplicações da modelagem numérica na MB"
of-10-27-2022-densm-ciaara-an-c-apa-prevme-pr-ead_0_0.pdf;C-ApA-PrevMe-PR-EAD;PrevMeIVEAD;FUNDAMENTOS DE MODELAGEM NUMÉRICA;34;2;TIPOS DE MODELOS NUMÉRICOS;4;3;"Modelos atmosféricos | Modelos oceanográficos; e | Modelos de ondas"
of-10-27-2022-densm-ciaara-an-c-apa-prevme-pr-ead_0_0.pdf;C-ApA-PrevMe-PR-EAD;PrevMeIVEAD;FUNDAMENTOS DE MODELAGEM NUMÉRICA;34;3;CARACTERÍSTICAS DOS MODELOS NUMÉRICOS;10;8;"Grade e domínio | Condições iniciais e de contorno | Resolução espacial horizontal e vertical | Representação da topografia e interfaces terra-água | Resolução temporal | Passo de tempo | Parametrização; e | Limitações dos modelos numéricos"
of-10-27-2022-densm-ciaara-an-c-apa-prevme-pr-ead_0_0.pdf;C-ApA-PrevMe-PR-EAD;PrevMeIVEAD;FUNDAMENTOS DE MODELAGEM NUMÉRICA;34;4;ETAPAS DA PREVISÃO NUMÉRICA;4;3;"Pré-processamento | Processamento; e | Pós-processamento"
of-10-27-2022-densm-ciaara-an-c-apa-prevme-pr-ead_0_0.pdf;C-ApA-PrevMe-PR-EAD;PrevMeIVEAD;FUNDAMENTOS DE MODELAGEM NUMÉRICA;34;5;INTERPRETAÇÃO DE PRODUTOS NUMÉRICOS;10;5;"Intervalo entre prognósticos e horizonte de previsão | Campos atmosféricos, de ondas e oceanográficos | Meteogramas e Ondogramas | Cortes verticais; e | Auxílios à decisão"
of-10-27-2022-densm-ciaara-an-c-apa-prevme-pr-ead_0_0.pdf;C-ApA-PrevMe-PR-EAD;PrevMeIVEAD;FUNDAMENTOS DE MODELAGEM NUMÉRICA;34;6;PRODUTOS NUMÉRICOS DISPONIBILIZADOS PELO CHM;2;2;"Solicitação; e | Acesso e canais de divulgação"
of-10-27-2022-densm-ciaara-an-c-apa-prevme-pr-ead_0_0.pdf;C-ApA-PrevMe-PR-EAD;PrevMeVEAD;METEOROLOGIA PARA OPERAÇÕES AÉREAS;34;1;CÓDIGOS METEOROLÓGICOS;9;5;"METAR/SPECI | TAF | Avisos Meteorológicos (AD e WS WRNG) | SIGMET, GAMET, AIRMET e AIREP; e | BOWWAVE"
of-10-27-2022-densm-ciaara-an-c-apa-prevme-pr-ead_0_0.pdf;C-ApA-PrevMe-PR-EAD;PrevMeVEAD;METEOROLOGIA PARA OPERAÇÕES AÉREAS;34;2;CARTAS METEOROLÓGICAS;7;3;"Carta de Tempo Significativo (SIGWX) | Carta de Ventos e Temperaturas; e | Cortes verticais"
of-10-27-2022-densm-ciaara-an-c-apa-prevme-pr-ead_0_0.pdf;C-ApA-PrevMe-PR-EAD;PrevMeVEAD;METEOROLOGIA PARA OPERAÇÕES AÉREAS;34;3;BRIEFING METEOROLÓGICO;18;4;"Estrutura do briefing meteorológico para operações aéreas | Seleção de mensagens e cartas | Produção de documentação de voo; e | Técnicas de exposição"
of-10-27-2022-densm-ciaara-an-c-apa-prevme-pr-ead_0_0.pdf;C-ApA-PrevMe-PR-EAD;PrevMeVIEAD;PUBLICAÇÕES E NORMAS DE METEOROLOGIA E OCEANOGRAFIA;54;1;ORGANIZAÇÃO METEOROLÓGICA MUNDIAL (OMM/WMO);4;4;"Fundação da OMM | Sede da OMM | Working groups; e | Representação do Brasil na OMM"
of-10-27-2022-densm-ciaara-an-c-apa-prevme-pr-ead_0_0.pdf;C-ApA-PrevMe-PR-EAD;PrevMeVIEAD;PUBLICAÇÕES E NORMAS DE METEOROLOGIA E OCEANOGRAFIA;54;2;NORMAS E MANUAIS DA OMM;20;5;"WMO-09 - Volume D: informações à navegação marítima | WMO-182: vocabulário internacional | WMO-306: manual de códigos meteorológicos | WMO-471: Guia dos Serviços Meteorológicos Marinhos; e | WMO-558: Manual dos Serviços Meteorológicos Marinhos"
of-10-27-2022-densm-ciaara-an-c-apa-prevme-pr-ead_0_0.pdf;C-ApA-PrevMe-PR-EAD;PrevMeVIEAD;PUBLICAÇÕES E NORMAS DE METEOROLOGIA E OCEANOGRAFIA;54;3;COMISSÃO OCEANOGRÁFICA INTERGOVERNAMENTAL (COI/IOC);4;3;Breve histórico da COI | WMO-IOC Collaborative Board (antiga Joint Technical Commission for Oceanography | Programa de Tsunami
of-10-27-2022-densm-ciaara-an-c-apa-prevme-pr-ead_0_0.pdf;C-ApA-PrevMe-PR-EAD;PrevMeVIEAD;PUBLICAÇÕES E NORMAS DE METEOROLOGIA E OCEANOGRAFIA;54;4;ORGANIZAÇÃO MARÍTIMA INTERNACIONAL (OMI/IMO);10;4;"Breve histórico da IMO | Representação permanente do Brasil | Conceito de e-navigation; e | Convenção SOLAS"
of-10-27-2022-densm-ciaara-an-c-apa-prevme-pr-ead_0_0.pdf;C-ApA-PrevMe-PR-EAD;PrevMeVIEAD;PUBLICAÇÕES E NORMAS DE METEOROLOGIA E OCEANOGRAFIA;54;5;ORGANIZAÇÃO HIDROGRÁFICA INTERNACIONAL (OHI/IHO);4;4;"Breve histórico da OHI | Padrão S-100 | Padrão S-111 para produtos de oceanografia; e | Padrão S-412, S-413 e S-414 para produtos de meteorologia"
of-10-27-2022-densm-ciaara-an-c-apa-prevme-pr-ead_0_0.pdf;C-ApA-PrevMe-PR-EAD;PrevMeVIEAD;PUBLICAÇÕES E NORMAS DE METEOROLOGIA E OCEANOGRAFIA;54;6;NORMAS DA MARINHA DO BRASIL;12;5;"Norma da Autoridade Marítima-19 (NORMAM-19)/DHN | Instruções Permanentes da DHN (NAVEMARINST) | Lista de Auxílios Rádio | Manual do Observador Meteorológico; e | Publicações de Auxílios à Navegação"
of-10-27-2022-densm-ciaara-an-c-apa-prevme-pr-ead_0_0.pdf;C-ApA-PrevMe-PR-EAD;PrevMeVIIEAD;TRABALHO DE FINAL DE CURSO;100;1;APRESENTAÇÃO DOS TEMAS E ORIENTAÇÕES GERAIS;4;6;"Apresentação de temas | Escolha de temas pelos alunos | Estrutura do trabalho de final de curso | Normas técnicas para a elaboração do trabalho de final de curso | Critérios de avaliação; e | Prazos"
of-10-27-2022-densm-ciaara-an-c-apa-prevme-pr-ead_0_0.pdf;C-ApA-PrevMe-PR-EAD;PrevMeVIIEAD;TRABALHO DE FINAL DE CURSO;100;2;ELABORAÇÃO DO TRABALHO DE FINAL DE CURSO;96;0;
